ISO-10303-21;
HEADER;
FILE_DESCRIPTION(('STEP AP242'),'1');
FILE_NAME('0532610271.stp','2024-10-26T18:22:01',('TraceParts'),('TraceParts S.A.'),'Spatial InterOp 3D',' ',' ');
FILE_SCHEMA(('AP242_MANAGED_MODEL_BASED_3D_ENGINEERING_MIM_LF  {1 0 10303 442 1 1 4}'));
ENDSEC;
DATA;
#1=MECHANICAL_DESIGN_GEOMETRIC_PRESENTATION_REPRESENTATION(' ',(#10),#6);
#2=PRODUCT_DEFINITION_CONTEXT('',#11,'design');
#3=APPLICATION_PROTOCOL_DEFINITION('INTERNATIONAL STANDARD','ap242_managed_model_based_3d_engineering',2014,#11);
#4=PRODUCT_CATEGORY_RELATIONSHIP('NONE','NONE',#12,#13);
#5=SHAPE_DEFINITION_REPRESENTATION(#14,#15);
#6= (GEOMETRIC_REPRESENTATION_CONTEXT(3)GLOBAL_UNCERTAINTY_ASSIGNED_CONTEXT((#18))GLOBAL_UNIT_ASSIGNED_CONTEXT((#20,#21,#22))REPRESENTATION_CONTEXT('NONE','WORKSPACE'));
#10=STYLED_ITEM('',(#24),#25);
#11=APPLICATION_CONTEXT('managed model based 3d engineering');
#12=PRODUCT_CATEGORY('part','NONE');
#13=PRODUCT_RELATED_PRODUCT_CATEGORY('detail',' ',(#26));
#14=PRODUCT_DEFINITION_SHAPE('NONE','NONE',#27);
#15=ADVANCED_BREP_SHAPE_REPRESENTATION('0532610271',(#25,#28),#6);
#18=UNCERTAINTY_MEASURE_WITH_UNIT(LENGTH_MEASURE(1.0E-06),#20,'','');
#20= (CONVERSION_BASED_UNIT('MILLIMETRE',#31)LENGTH_UNIT()NAMED_UNIT(#34));
#21= (NAMED_UNIT(#36)PLANE_ANGLE_UNIT()SI_UNIT($,.RADIAN.));
#22= (NAMED_UNIT(#36)SOLID_ANGLE_UNIT()SI_UNIT($,.STERADIAN.));
#24=PRESENTATION_STYLE_ASSIGNMENT((#42));
#25=MANIFOLD_SOLID_BREP('0532610271',#43);
#26=PRODUCT('0532610271','','PART--DESC',(#44));
#27=PRODUCT_DEFINITION('','NONE',#45,#2);
#28=AXIS2_PLACEMENT_3D('',#46,#47,#48);
#31=LENGTH_MEASURE_WITH_UNIT(LENGTH_MEASURE(1.0),#49);
#34=DIMENSIONAL_EXPONENTS(1.0,0.0,0.0,0.0,0.0,0.0,0.0);
#36=DIMENSIONAL_EXPONENTS(0.0,0.0,0.0,0.0,0.0,0.0,0.0);
#42=SURFACE_STYLE_USAGE(.BOTH.,#50);
#43=CLOSED_SHELL('',(#51,#52,#53,#54,#55,#56,#57,#58,#59,#60,#61,#62,#63,#64,#65,#66,#67,#68,#69,#70,#71,#72,#73,#74,#75,#76,#77,#78,#79,#80,#81,#82,#83,#84,#85,#86,#87,#88,#89,#90,#91,#92,#93,#94,#95,#96,#97,#98,#99,#100,#101,#102,#103,#104,#105,#106,#107,#108,#109,#110,#111,#112,#113,#114,#115,#116,#117,#118,#119,#120,#121,#122,#123,#124,#125,#126,#127,#128,#129,#130,#131,#132,#133,#134,#135,#136,#137,#138,#139,#140,#141,#142,#143,#144,#145,#146,#147,#148,#149,#150,#151,#152,#153,#154,#155,#156,#157,#158,#159,#160,#161,#162,#163,#164,#165,#166,#167,#168,#169,#170,#171,#172,#173,#174,#175,#176,#177,#178,#179,#180,#181,#182,#183,#184,#185));
#44=PRODUCT_CONTEXT('',#11,'mechanical');
#45=PRODUCT_DEFINITION_FORMATION_WITH_SPECIFIED_SOURCE(' ','NONE',#26,.NOT_KNOWN.);
#46=CARTESIAN_POINT('',(0.0,0.0,0.0));
#47=DIRECTION('',(0.0,0.0,1.0));
#48=DIRECTION('',(1.0,0.0,0.0));
#49= (NAMED_UNIT(#34)LENGTH_UNIT()SI_UNIT(.MILLI.,.METRE.));
#50=SURFACE_SIDE_STYLE('',(#187));
#51=ADVANCED_FACE('',(#188),#189,.T.);
#52=ADVANCED_FACE('',(#190),#191,.T.);
#53=ADVANCED_FACE('',(#192),#193,.T.);
#54=ADVANCED_FACE('',(#194),#195,.T.);
#55=ADVANCED_FACE('',(#196),#197,.F.);
#56=ADVANCED_FACE('',(#198),#199,.F.);
#57=ADVANCED_FACE('',(#200),#201,.F.);
#58=ADVANCED_FACE('',(#202),#203,.F.);
#59=ADVANCED_FACE('',(#204,#205),#206,.F.);
#60=ADVANCED_FACE('',(#207),#208,.F.);
#61=ADVANCED_FACE('',(#209),#210,.F.);
#62=ADVANCED_FACE('',(#211,#212,#213),#214,.F.);
#63=ADVANCED_FACE('',(#215,#216),#217,.T.);
#64=ADVANCED_FACE('',(#218),#219,.F.);
#65=ADVANCED_FACE('',(#220),#221,.F.);
#66=ADVANCED_FACE('',(#222),#223,.F.);
#67=ADVANCED_FACE('',(#224),#225,.T.);
#68=ADVANCED_FACE('',(#226),#227,.F.);
#69=ADVANCED_FACE('',(#228),#229,.F.);
#70=ADVANCED_FACE('',(#230),#231,.F.);
#71=ADVANCED_FACE('',(#232),#233,.T.);
#72=ADVANCED_FACE('',(#234),#235,.F.);
#73=ADVANCED_FACE('',(#236),#237,.F.);
#74=ADVANCED_FACE('',(#238),#239,.F.);
#75=ADVANCED_FACE('',(#240),#241,.T.);
#76=ADVANCED_FACE('',(#242),#243,.F.);
#77=ADVANCED_FACE('',(#244),#245,.F.);
#78=ADVANCED_FACE('',(#246),#247,.F.);
#79=ADVANCED_FACE('',(#248),#249,.T.);
#80=ADVANCED_FACE('',(#250),#251,.F.);
#81=ADVANCED_FACE('',(#252),#253,.F.);
#82=ADVANCED_FACE('',(#254),#255,.T.);
#83=ADVANCED_FACE('',(#256),#257,.F.);
#84=ADVANCED_FACE('',(#258),#259,.F.);
#85=ADVANCED_FACE('',(#260),#261,.T.);
#86=ADVANCED_FACE('',(#262),#263,.F.);
#87=ADVANCED_FACE('',(#264),#265,.F.);
#88=ADVANCED_FACE('',(#266),#267,.F.);
#89=ADVANCED_FACE('',(#268),#269,.T.);
#90=ADVANCED_FACE('',(#270),#271,.F.);
#91=ADVANCED_FACE('',(#272),#273,.F.);
#92=ADVANCED_FACE('',(#274),#275,.F.);
#93=ADVANCED_FACE('',(#276),#277,.T.);
#94=ADVANCED_FACE('',(#278),#279,.F.);
#95=ADVANCED_FACE('',(#280,#281,#282),#283,.F.);
#96=ADVANCED_FACE('',(#284),#285,.T.);
#97=ADVANCED_FACE('',(#286),#287,.F.);
#98=ADVANCED_FACE('',(#288),#289,.F.);
#99=ADVANCED_FACE('',(#290),#291,.F.);
#100=ADVANCED_FACE('',(#292),#293,.F.);
#101=ADVANCED_FACE('',(#294),#295,.F.);
#102=ADVANCED_FACE('',(#296),#297,.T.);
#103=ADVANCED_FACE('',(#298),#299,.T.);
#104=ADVANCED_FACE('',(#300),#301,.T.);
#105=ADVANCED_FACE('',(#302),#303,.T.);
#106=ADVANCED_FACE('',(#304),#305,.T.);
#107=ADVANCED_FACE('',(#306),#307,.T.);
#108=ADVANCED_FACE('',(#308),#309,.T.);
#109=ADVANCED_FACE('',(#310),#311,.F.);
#110=ADVANCED_FACE('',(#312),#313,.T.);
#111=ADVANCED_FACE('',(#314),#315,.T.);
#112=ADVANCED_FACE('',(#316),#317,.T.);
#113=ADVANCED_FACE('',(#318),#319,.T.);
#114=ADVANCED_FACE('',(#320),#321,.T.);
#115=ADVANCED_FACE('',(#322),#323,.T.);
#116=ADVANCED_FACE('',(#324),#325,.T.);
#117=ADVANCED_FACE('',(#326),#327,.F.);
#118=ADVANCED_FACE('',(#328),#329,.T.);
#119=ADVANCED_FACE('',(#330),#331,.F.);
#120=ADVANCED_FACE('',(#332),#333,.F.);
#121=ADVANCED_FACE('',(#334),#335,.F.);
#122=ADVANCED_FACE('',(#336),#337,.F.);
#123=ADVANCED_FACE('',(#338),#339,.F.);
#124=ADVANCED_FACE('',(#340),#341,.F.);
#125=ADVANCED_FACE('',(#342),#343,.F.);
#126=ADVANCED_FACE('',(#344),#345,.F.);
#127=ADVANCED_FACE('',(#346),#347,.F.);
#128=ADVANCED_FACE('',(#348),#349,.F.);
#129=ADVANCED_FACE('',(#350),#351,.F.);
#130=ADVANCED_FACE('',(#352),#353,.F.);
#131=ADVANCED_FACE('',(#354),#355,.F.);
#132=ADVANCED_FACE('',(#356),#357,.F.);
#133=ADVANCED_FACE('',(#358),#359,.F.);
#134=ADVANCED_FACE('',(#360),#361,.F.);
#135=ADVANCED_FACE('',(#362),#363,.F.);
#136=ADVANCED_FACE('',(#364),#365,.F.);
#137=ADVANCED_FACE('',(#366),#367,.F.);
#138=ADVANCED_FACE('',(#368),#369,.T.);
#139=ADVANCED_FACE('',(#370),#371,.F.);
#140=ADVANCED_FACE('',(#372),#373,.F.);
#141=ADVANCED_FACE('',(#374),#375,.F.);
#142=ADVANCED_FACE('',(#376),#377,.F.);
#143=ADVANCED_FACE('',(#378),#379,.T.);
#144=ADVANCED_FACE('',(#380),#381,.F.);
#145=ADVANCED_FACE('',(#382),#383,.F.);
#146=ADVANCED_FACE('',(#384),#385,.F.);
#147=ADVANCED_FACE('',(#386),#387,.F.);
#148=ADVANCED_FACE('',(#388),#389,.F.);
#149=ADVANCED_FACE('',(#390),#391,.F.);
#150=ADVANCED_FACE('',(#392),#393,.F.);
#151=ADVANCED_FACE('',(#394),#395,.F.);
#152=ADVANCED_FACE('',(#396),#397,.F.);
#153=ADVANCED_FACE('',(#398),#399,.T.);
#154=ADVANCED_FACE('',(#400),#401,.T.);
#155=ADVANCED_FACE('',(#402),#403,.T.);
#156=ADVANCED_FACE('',(#404),#405,.T.);
#157=ADVANCED_FACE('',(#406),#407,.T.);
#158=ADVANCED_FACE('',(#408),#409,.T.);
#159=ADVANCED_FACE('',(#410),#411,.T.);
#160=ADVANCED_FACE('',(#412),#413,.F.);
#161=ADVANCED_FACE('',(#414),#415,.T.);
#162=ADVANCED_FACE('',(#416),#417,.T.);
#163=ADVANCED_FACE('',(#418),#419,.T.);
#164=ADVANCED_FACE('',(#420),#421,.F.);
#165=ADVANCED_FACE('',(#422),#423,.F.);
#166=ADVANCED_FACE('',(#424),#425,.F.);
#167=ADVANCED_FACE('',(#426),#427,.F.);
#168=ADVANCED_FACE('',(#428),#429,.F.);
#169=ADVANCED_FACE('',(#430),#431,.F.);
#170=ADVANCED_FACE('',(#432),#433,.F.);
#171=ADVANCED_FACE('',(#434),#435,.F.);
#172=ADVANCED_FACE('',(#436),#437,.T.);
#173=ADVANCED_FACE('',(#438),#439,.F.);
#174=ADVANCED_FACE('',(#440),#441,.F.);
#175=ADVANCED_FACE('',(#442),#443,.F.);
#176=ADVANCED_FACE('',(#444),#445,.F.);
#177=ADVANCED_FACE('',(#446),#447,.T.);
#178=ADVANCED_FACE('',(#448),#449,.F.);
#179=ADVANCED_FACE('',(#450),#451,.F.);
#180=ADVANCED_FACE('',(#452),#453,.F.);
#181=ADVANCED_FACE('',(#454),#455,.F.);
#182=ADVANCED_FACE('',(#456),#457,.F.);
#183=ADVANCED_FACE('',(#458),#459,.F.);
#184=ADVANCED_FACE('',(#460),#461,.F.);
#185=ADVANCED_FACE('',(#462),#463,.F.);
#187=SURFACE_STYLE_FILL_AREA(#464);
#188=FACE_OUTER_BOUND('',#465,.T.);
#189=CYLINDRICAL_SURFACE('',#466,0.1);
#190=FACE_OUTER_BOUND('',#467,.T.);
#191=CYLINDRICAL_SURFACE('',#468,0.1);
#192=FACE_OUTER_BOUND('',#469,.T.);
#193=CYLINDRICAL_SURFACE('',#470,0.0999999999999997);
#194=FACE_OUTER_BOUND('',#471,.T.);
#195=CYLINDRICAL_SURFACE('',#472,0.0999999999999997);
#196=FACE_OUTER_BOUND('',#473,.T.);
#197=PLANE('',#474);
#198=FACE_OUTER_BOUND('',#475,.T.);
#199=PLANE('',#476);
#200=FACE_OUTER_BOUND('',#477,.T.);
#201=PLANE('',#478);
#202=FACE_OUTER_BOUND('',#479,.T.);
#203=PLANE('',#480);
#204=FACE_OUTER_BOUND('',#481,.T.);
#205=FACE_BOUND('',#482,.T.);
#206=PLANE('',#483);
#207=FACE_OUTER_BOUND('',#484,.T.);
#208=PLANE('',#485);
#209=FACE_OUTER_BOUND('',#486,.T.);
#210=PLANE('',#487);
#211=FACE_BOUND('',#488,.T.);
#212=FACE_BOUND('',#489,.T.);
#213=FACE_OUTER_BOUND('',#490,.T.);
#214=PLANE('',#491);
#215=FACE_BOUND('',#492,.T.);
#216=FACE_OUTER_BOUND('',#493,.T.);
#217=PLANE('',#494);
#218=FACE_OUTER_BOUND('',#495,.T.);
#219=PLANE('',#496);
#220=FACE_OUTER_BOUND('',#497,.T.);
#221=PLANE('',#498);
#222=FACE_OUTER_BOUND('',#499,.T.);
#223=PLANE('',#500);
#224=FACE_OUTER_BOUND('',#501,.T.);
#225=PLANE('',#502);
#226=FACE_OUTER_BOUND('',#503,.T.);
#227=PLANE('',#504);
#228=FACE_OUTER_BOUND('',#505,.T.);
#229=PLANE('',#506);
#230=FACE_OUTER_BOUND('',#507,.T.);
#231=PLANE('',#508);
#232=FACE_OUTER_BOUND('',#509,.T.);
#233=PLANE('',#510);
#234=FACE_OUTER_BOUND('',#511,.T.);
#235=PLANE('',#512);
#236=FACE_OUTER_BOUND('',#513,.T.);
#237=PLANE('',#514);
#238=FACE_OUTER_BOUND('',#515,.T.);
#239=PLANE('',#516);
#240=FACE_OUTER_BOUND('',#517,.T.);
#241=PLANE('',#518);
#242=FACE_OUTER_BOUND('',#519,.T.);
#243=PLANE('',#520);
#244=FACE_OUTER_BOUND('',#521,.T.);
#245=PLANE('',#522);
#246=FACE_OUTER_BOUND('',#523,.T.);
#247=PLANE('',#524);
#248=FACE_OUTER_BOUND('',#525,.T.);
#249=PLANE('',#526);
#250=FACE_OUTER_BOUND('',#527,.T.);
#251=PLANE('',#528);
#252=FACE_OUTER_BOUND('',#529,.T.);
#253=PLANE('',#530);
#254=FACE_OUTER_BOUND('',#531,.T.);
#255=CYLINDRICAL_SURFACE('',#532,0.0999999999999997);
#256=FACE_OUTER_BOUND('',#533,.T.);
#257=PLANE('',#534);
#258=FACE_OUTER_BOUND('',#535,.T.);
#259=PLANE('',#536);
#260=FACE_OUTER_BOUND('',#537,.T.);
#261=CYLINDRICAL_SURFACE('',#538,0.0999999999999997);
#262=FACE_OUTER_BOUND('',#539,.T.);
#263=PLANE('',#540);
#264=FACE_OUTER_BOUND('',#541,.T.);
#265=PLANE('',#542);
#266=FACE_OUTER_BOUND('',#543,.T.);
#267=PLANE('',#544);
#268=FACE_OUTER_BOUND('',#545,.T.);
#269=CYLINDRICAL_SURFACE('',#546,0.1);
#270=FACE_OUTER_BOUND('',#547,.T.);
#271=PLANE('',#548);
#272=FACE_OUTER_BOUND('',#549,.T.);
#273=PLANE('',#550);
#274=FACE_OUTER_BOUND('',#551,.T.);
#275=PLANE('',#552);
#276=FACE_OUTER_BOUND('',#553,.T.);
#277=CYLINDRICAL_SURFACE('',#554,0.1);
#278=FACE_OUTER_BOUND('',#555,.T.);
#279=PLANE('',#556);
#280=FACE_BOUND('',#557,.T.);
#281=FACE_BOUND('',#558,.T.);
#282=FACE_OUTER_BOUND('',#559,.T.);
#283=PLANE('',#560);
#284=FACE_OUTER_BOUND('',#561,.T.);
#285=PLANE('',#562);
#286=FACE_OUTER_BOUND('',#563,.T.);
#287=PLANE('',#564);
#288=FACE_OUTER_BOUND('',#565,.T.);
#289=PLANE('',#566);
#290=FACE_OUTER_BOUND('',#567,.T.);
#291=PLANE('',#568);
#292=FACE_OUTER_BOUND('',#569,.T.);
#293=PLANE('',#570);
#294=FACE_OUTER_BOUND('',#571,.T.);
#295=PLANE('',#572);
#296=FACE_OUTER_BOUND('',#573,.T.);
#297=PLANE('',#574);
#298=FACE_OUTER_BOUND('',#575,.T.);
#299=PLANE('',#576);
#300=FACE_OUTER_BOUND('',#577,.T.);
#301=PLANE('',#578);
#302=FACE_OUTER_BOUND('',#579,.T.);
#303=PLANE('',#580);
#304=FACE_OUTER_BOUND('',#581,.T.);
#305=PLANE('',#582);
#306=FACE_OUTER_BOUND('',#583,.T.);
#307=PLANE('',#584);
#308=FACE_OUTER_BOUND('',#585,.T.);
#309=PLANE('',#586);
#310=FACE_OUTER_BOUND('',#587,.T.);
#311=PLANE('',#588);
#312=FACE_OUTER_BOUND('',#589,.T.);
#313=PLANE('',#590);
#314=FACE_OUTER_BOUND('',#591,.T.);
#315=PLANE('',#592);
#316=FACE_OUTER_BOUND('',#593,.T.);
#317=PLANE('',#594);
#318=FACE_OUTER_BOUND('',#595,.T.);
#319=PLANE('',#596);
#320=FACE_OUTER_BOUND('',#597,.T.);
#321=PLANE('',#598);
#322=FACE_OUTER_BOUND('',#599,.T.);
#323=PLANE('',#600);
#324=FACE_OUTER_BOUND('',#601,.T.);
#325=PLANE('',#602);
#326=FACE_OUTER_BOUND('',#603,.T.);
#327=PLANE('',#604);
#328=FACE_OUTER_BOUND('',#605,.T.);
#329=PLANE('',#606);
#330=FACE_OUTER_BOUND('',#607,.T.);
#331=PLANE('',#608);
#332=FACE_OUTER_BOUND('',#609,.T.);
#333=PLANE('',#610);
#334=FACE_OUTER_BOUND('',#611,.T.);
#335=PLANE('',#612);
#336=FACE_OUTER_BOUND('',#613,.T.);
#337=PLANE('',#614);
#338=FACE_OUTER_BOUND('',#615,.T.);
#339=PLANE('',#616);
#340=FACE_OUTER_BOUND('',#617,.T.);
#341=PLANE('',#618);
#342=FACE_OUTER_BOUND('',#619,.T.);
#343=PLANE('',#620);
#344=FACE_OUTER_BOUND('',#621,.T.);
#345=PLANE('',#622);
#346=FACE_OUTER_BOUND('',#623,.T.);
#347=PLANE('',#624);
#348=FACE_OUTER_BOUND('',#625,.T.);
#349=PLANE('',#626);
#350=FACE_OUTER_BOUND('',#627,.T.);
#351=PLANE('',#628);
#352=FACE_OUTER_BOUND('',#629,.T.);
#353=PLANE('',#630);
#354=FACE_OUTER_BOUND('',#631,.T.);
#355=PLANE('',#632);
#356=FACE_OUTER_BOUND('',#633,.T.);
#357=PLANE('',#634);
#358=FACE_OUTER_BOUND('',#635,.T.);
#359=PLANE('',#636);
#360=FACE_OUTER_BOUND('',#637,.T.);
#361=PLANE('',#638);
#362=FACE_OUTER_BOUND('',#639,.T.);
#363=PLANE('',#640);
#364=FACE_OUTER_BOUND('',#641,.T.);
#365=PLANE('',#642);
#366=FACE_OUTER_BOUND('',#643,.T.);
#367=PLANE('',#644);
#368=FACE_OUTER_BOUND('',#645,.T.);
#369=PLANE('',#646);
#370=FACE_OUTER_BOUND('',#647,.T.);
#371=PLANE('',#648);
#372=FACE_OUTER_BOUND('',#649,.T.);
#373=PLANE('',#650);
#374=FACE_OUTER_BOUND('',#651,.T.);
#375=PLANE('',#652);
#376=FACE_OUTER_BOUND('',#653,.T.);
#377=PLANE('',#654);
#378=FACE_OUTER_BOUND('',#655,.T.);
#379=PLANE('',#656);
#380=FACE_OUTER_BOUND('',#657,.T.);
#381=PLANE('',#658);
#382=FACE_OUTER_BOUND('',#659,.T.);
#383=PLANE('',#660);
#384=FACE_OUTER_BOUND('',#661,.T.);
#385=PLANE('',#662);
#386=FACE_OUTER_BOUND('',#663,.T.);
#387=PLANE('',#664);
#388=FACE_OUTER_BOUND('',#665,.T.);
#389=PLANE('',#666);
#390=FACE_OUTER_BOUND('',#667,.T.);
#391=PLANE('',#668);
#392=FACE_OUTER_BOUND('',#669,.T.);
#393=PLANE('',#670);
#394=FACE_OUTER_BOUND('',#671,.T.);
#395=PLANE('',#672);
#396=FACE_OUTER_BOUND('',#673,.T.);
#397=CYLINDRICAL_SURFACE('',#674,0.2);
#398=FACE_OUTER_BOUND('',#675,.T.);
#399=PLANE('',#676);
#400=FACE_OUTER_BOUND('',#677,.T.);
#401=PLANE('',#678);
#402=FACE_OUTER_BOUND('',#679,.T.);
#403=PLANE('',#680);
#404=FACE_OUTER_BOUND('',#681,.T.);
#405=CYLINDRICAL_SURFACE('',#682,0.45);
#406=FACE_OUTER_BOUND('',#683,.T.);
#407=PLANE('',#684);
#408=FACE_OUTER_BOUND('',#685,.T.);
#409=PLANE('',#686);
#410=FACE_OUTER_BOUND('',#687,.T.);
#411=PLANE('',#688);
#412=FACE_OUTER_BOUND('',#689,.T.);
#413=CYLINDRICAL_SURFACE('',#690,0.2);
#414=FACE_OUTER_BOUND('',#691,.T.);
#415=CYLINDRICAL_SURFACE('',#692,0.450000000000001);
#416=FACE_OUTER_BOUND('',#693,.T.);
#417=PLANE('',#694);
#418=FACE_OUTER_BOUND('',#695,.T.);
#419=PLANE('',#696);
#420=FACE_OUTER_BOUND('',#697,.T.);
#421=PLANE('',#698);
#422=FACE_OUTER_BOUND('',#699,.T.);
#423=PLANE('',#700);
#424=FACE_OUTER_BOUND('',#701,.T.);
#425=PLANE('',#702);
#426=FACE_OUTER_BOUND('',#703,.T.);
#427=PLANE('',#704);
#428=FACE_OUTER_BOUND('',#705,.T.);
#429=PLANE('',#706);
#430=FACE_OUTER_BOUND('',#707,.T.);
#431=PLANE('',#708);
#432=FACE_OUTER_BOUND('',#709,.T.);
#433=PLANE('',#710);
#434=FACE_OUTER_BOUND('',#711,.T.);
#435=PLANE('',#712);
#436=FACE_OUTER_BOUND('',#713,.T.);
#437=PLANE('',#714);
#438=FACE_OUTER_BOUND('',#715,.T.);
#439=PLANE('',#716);
#440=FACE_OUTER_BOUND('',#717,.T.);
#441=PLANE('',#718);
#442=FACE_OUTER_BOUND('',#719,.T.);
#443=PLANE('',#720);
#444=FACE_OUTER_BOUND('',#721,.T.);
#445=PLANE('',#722);
#446=FACE_OUTER_BOUND('',#723,.T.);
#447=PLANE('',#724);
#448=FACE_OUTER_BOUND('',#725,.T.);
#449=PLANE('',#726);
#450=FACE_OUTER_BOUND('',#727,.T.);
#451=PLANE('',#728);
#452=FACE_OUTER_BOUND('',#729,.T.);
#453=PLANE('',#730);
#454=FACE_OUTER_BOUND('',#731,.T.);
#455=PLANE('',#732);
#456=FACE_OUTER_BOUND('',#733,.T.);
#457=PLANE('',#734);
#458=FACE_OUTER_BOUND('',#735,.T.);
#459=PLANE('',#736);
#460=FACE_OUTER_BOUND('',#737,.T.);
#461=PLANE('',#738);
#462=FACE_OUTER_BOUND('',#739,.T.);
#463=PLANE('',#740);
#464=FILL_AREA_STYLE('',(#741));
#465=EDGE_LOOP('',(#742,#743,#744,#745));
#466=AXIS2_PLACEMENT_3D('',#746,#747,#748);
#467=EDGE_LOOP('',(#749,#750,#751,#752));
#468=AXIS2_PLACEMENT_3D('',#753,#754,#755);
#469=EDGE_LOOP('',(#756,#757,#758,#759));
#470=AXIS2_PLACEMENT_3D('',#760,#761,#762);
#471=EDGE_LOOP('',(#763,#764,#765,#766));
#472=AXIS2_PLACEMENT_3D('',#767,#768,#769);
#473=EDGE_LOOP('',(#770,#771,#772,#773,#774,#775,#776,#777,#778,#779,#780,#781));
#474=AXIS2_PLACEMENT_3D('',#782,#783,#784);
#475=EDGE_LOOP('',(#785,#786,#787,#788,#789,#790,#791,#792,#793,#794,#795,#796,#797,#798,#799,#800,#801,#802,#803,#804,#805,#806,#807,#808,#809,#810,#811,#812));
#476=AXIS2_PLACEMENT_3D('',#813,#814,#815);
#477=EDGE_LOOP('',(#816,#817,#818,#819,#820,#821,#822,#823,#824,#825,#826,#827));
#478=AXIS2_PLACEMENT_3D('',#828,#829,#830);
#479=EDGE_LOOP('',(#831,#832,#833,#834));
#480=AXIS2_PLACEMENT_3D('',#835,#836,#837);
#481=EDGE_LOOP('',(#838,#839,#840,#841,#842,#843));
#482=EDGE_LOOP('',(#844,#845,#846,#847));
#483=AXIS2_PLACEMENT_3D('',#848,#849,#850);
#484=EDGE_LOOP('',(#851,#852,#853,#854,#855,#856,#857,#858,#859,#860,#861,#862));
#485=AXIS2_PLACEMENT_3D('',#863,#864,#865);
#486=EDGE_LOOP('',(#866,#867,#868,#869,#870,#871,#872,#873));
#487=AXIS2_PLACEMENT_3D('',#874,#875,#876);
#488=EDGE_LOOP('',(#877,#878,#879,#880));
#489=EDGE_LOOP('',(#881,#882,#883,#884));
#490=EDGE_LOOP('',(#885,#886,#887,#888,#889,#890,#891,#892,#893,#894,#895,#896));
#491=AXIS2_PLACEMENT_3D('',#897,#898,#899);
#492=EDGE_LOOP('',(#900,#901,#902,#903));
#493=EDGE_LOOP('',(#904,#905,#906,#907,#908,#909));
#494=AXIS2_PLACEMENT_3D('',#910,#911,#912);
#495=EDGE_LOOP('',(#913,#914,#915,#916));
#496=AXIS2_PLACEMENT_3D('',#917,#918,#919);
#497=EDGE_LOOP('',(#920,#921,#922,#923));
#498=AXIS2_PLACEMENT_3D('',#924,#925,#926);
#499=EDGE_LOOP('',(#927,#928,#929,#930));
#500=AXIS2_PLACEMENT_3D('',#931,#932,#933);
#501=EDGE_LOOP('',(#934,#935,#936,#937));
#502=AXIS2_PLACEMENT_3D('',#938,#939,#940);
#503=EDGE_LOOP('',(#941,#942,#943,#944));
#504=AXIS2_PLACEMENT_3D('',#945,#946,#947);
#505=EDGE_LOOP('',(#948,#949,#950,#951));
#506=AXIS2_PLACEMENT_3D('',#952,#953,#954);
#507=EDGE_LOOP('',(#955,#956,#957,#958));
#508=AXIS2_PLACEMENT_3D('',#959,#960,#961);
#509=EDGE_LOOP('',(#962,#963,#964,#965));
#510=AXIS2_PLACEMENT_3D('',#966,#967,#968);
#511=EDGE_LOOP('',(#969,#970,#971,#972));
#512=AXIS2_PLACEMENT_3D('',#973,#974,#975);
#513=EDGE_LOOP('',(#976,#977,#978,#979));
#514=AXIS2_PLACEMENT_3D('',#980,#981,#982);
#515=EDGE_LOOP('',(#983,#984,#985,#986));
#516=AXIS2_PLACEMENT_3D('',#987,#988,#989);
#517=EDGE_LOOP('',(#990,#991,#992,#993));
#518=AXIS2_PLACEMENT_3D('',#994,#995,#996);
#519=EDGE_LOOP('',(#997,#998,#999,#1000));
#520=AXIS2_PLACEMENT_3D('',#1001,#1002,#1003);
#521=EDGE_LOOP('',(#1004,#1005,#1006,#1007));
#522=AXIS2_PLACEMENT_3D('',#1008,#1009,#1010);
#523=EDGE_LOOP('',(#1011,#1012,#1013,#1014));
#524=AXIS2_PLACEMENT_3D('',#1015,#1016,#1017);
#525=EDGE_LOOP('',(#1018,#1019,#1020,#1021));
#526=AXIS2_PLACEMENT_3D('',#1022,#1023,#1024);
#527=EDGE_LOOP('',(#1025,#1026,#1027,#1028));
#528=AXIS2_PLACEMENT_3D('',#1029,#1030,#1031);
#529=EDGE_LOOP('',(#1032,#1033,#1034,#1035));
#530=AXIS2_PLACEMENT_3D('',#1036,#1037,#1038);
#531=EDGE_LOOP('',(#1039,#1040,#1041,#1042));
#532=AXIS2_PLACEMENT_3D('',#1043,#1044,#1045);
#533=EDGE_LOOP('',(#1046,#1047,#1048,#1049));
#534=AXIS2_PLACEMENT_3D('',#1050,#1051,#1052);
#535=EDGE_LOOP('',(#1053,#1054,#1055,#1056));
#536=AXIS2_PLACEMENT_3D('',#1057,#1058,#1059);
#537=EDGE_LOOP('',(#1060,#1061,#1062,#1063));
#538=AXIS2_PLACEMENT_3D('',#1064,#1065,#1066);
#539=EDGE_LOOP('',(#1067,#1068,#1069,#1070));
#540=AXIS2_PLACEMENT_3D('',#1071,#1072,#1073);
#541=EDGE_LOOP('',(#1074,#1075,#1076,#1077));
#542=AXIS2_PLACEMENT_3D('',#1078,#1079,#1080);
#543=EDGE_LOOP('',(#1081,#1082,#1083,#1084));
#544=AXIS2_PLACEMENT_3D('',#1085,#1086,#1087);
#545=EDGE_LOOP('',(#1088,#1089,#1090,#1091));
#546=AXIS2_PLACEMENT_3D('',#1092,#1093,#1094);
#547=EDGE_LOOP('',(#1095,#1096,#1097,#1098,#1099,#1100,#1101));
#548=AXIS2_PLACEMENT_3D('',#1102,#1103,#1104);
#549=EDGE_LOOP('',(#1105,#1106,#1107,#1108,#1109,#1110,#1111,#1112));
#550=AXIS2_PLACEMENT_3D('',#1113,#1114,#1115);
#551=EDGE_LOOP('',(#1116,#1117,#1118,#1119,#1120,#1121,#1122));
#552=AXIS2_PLACEMENT_3D('',#1123,#1124,#1125);
#553=EDGE_LOOP('',(#1126,#1127,#1128,#1129));
#554=AXIS2_PLACEMENT_3D('',#1130,#1131,#1132);
#555=EDGE_LOOP('',(#1133,#1134,#1135,#1136));
#556=AXIS2_PLACEMENT_3D('',#1137,#1138,#1139);
#557=EDGE_LOOP('',(#1140,#1141,#1142,#1143));
#558=EDGE_LOOP('',(#1144,#1145,#1146,#1147));
#559=EDGE_LOOP('',(#1148,#1149,#1150,#1151,#1152,#1153,#1154,#1155,#1156,#1157,#1158,#1159,#1160,#1161,#1162,#1163,#1164,#1165,#1166,#1167));
#560=AXIS2_PLACEMENT_3D('',#1168,#1169,#1170);
#561=EDGE_LOOP('',(#1171,#1172,#1173,#1174,#1175));
#562=AXIS2_PLACEMENT_3D('',#1176,#1177,#1178);
#563=EDGE_LOOP('',(#1179,#1180,#1181,#1182,#1183,#1184));
#564=AXIS2_PLACEMENT_3D('',#1185,#1186,#1187);
#565=EDGE_LOOP('',(#1188,#1189,#1190,#1191,#1192,#1193));
#566=AXIS2_PLACEMENT_3D('',#1194,#1195,#1196);
#567=EDGE_LOOP('',(#1197,#1198,#1199,#1200));
#568=AXIS2_PLACEMENT_3D('',#1201,#1202,#1203);
#569=EDGE_LOOP('',(#1204,#1205,#1206,#1207,#1208,#1209));
#570=AXIS2_PLACEMENT_3D('',#1210,#1211,#1212);
#571=EDGE_LOOP('',(#1213,#1214,#1215,#1216,#1217,#1218));
#572=AXIS2_PLACEMENT_3D('',#1219,#1220,#1221);
#573=EDGE_LOOP('',(#1222,#1223,#1224,#1225,#1226));
#574=AXIS2_PLACEMENT_3D('',#1227,#1228,#1229);
#575=EDGE_LOOP('',(#1230,#1231,#1232,#1233));
#576=AXIS2_PLACEMENT_3D('',#1234,#1235,#1236);
#577=EDGE_LOOP('',(#1237,#1238,#1239,#1240));
#578=AXIS2_PLACEMENT_3D('',#1241,#1242,#1243);
#579=EDGE_LOOP('',(#1244,#1245,#1246,#1247));
#580=AXIS2_PLACEMENT_3D('',#1248,#1249,#1250);
#581=EDGE_LOOP('',(#1251,#1252,#1253,#1254));
#582=AXIS2_PLACEMENT_3D('',#1255,#1256,#1257);
#583=EDGE_LOOP('',(#1258,#1259,#1260,#1261));
#584=AXIS2_PLACEMENT_3D('',#1262,#1263,#1264);
#585=EDGE_LOOP('',(#1265,#1266,#1267,#1268,#1269,#1270,#1271,#1272));
#586=AXIS2_PLACEMENT_3D('',#1273,#1274,#1275);
#587=EDGE_LOOP('',(#1276,#1277,#1278,#1279,#1280,#1281,#1282));
#588=AXIS2_PLACEMENT_3D('',#1283,#1284,#1285);
#589=EDGE_LOOP('',(#1286,#1287,#1288,#1289,#1290,#1291,#1292,#1293,#1294,#1295,#1296,#1297,#1298));
#590=AXIS2_PLACEMENT_3D('',#1299,#1300,#1301);
#591=EDGE_LOOP('',(#1302,#1303,#1304,#1305));
#592=AXIS2_PLACEMENT_3D('',#1306,#1307,#1308);
#593=EDGE_LOOP('',(#1309,#1310,#1311,#1312));
#594=AXIS2_PLACEMENT_3D('',#1313,#1314,#1315);
#595=EDGE_LOOP('',(#1316,#1317,#1318,#1319));
#596=AXIS2_PLACEMENT_3D('',#1320,#1321,#1322);
#597=EDGE_LOOP('',(#1323,#1324,#1325,#1326));
#598=AXIS2_PLACEMENT_3D('',#1327,#1328,#1329);
#599=EDGE_LOOP('',(#1330,#1331,#1332,#1333,#1334,#1335,#1336,#1337));
#600=AXIS2_PLACEMENT_3D('',#1338,#1339,#1340);
#601=EDGE_LOOP('',(#1341,#1342,#1343,#1344));
#602=AXIS2_PLACEMENT_3D('',#1345,#1346,#1347);
#603=EDGE_LOOP('',(#1348,#1349,#1350,#1351,#1352,#1353,#1354));
#604=AXIS2_PLACEMENT_3D('',#1355,#1356,#1357);
#605=EDGE_LOOP('',(#1358,#1359,#1360,#1361,#1362,#1363,#1364,#1365,#1366,#1367,#1368,#1369,#1370));
#606=AXIS2_PLACEMENT_3D('',#1371,#1372,#1373);
#607=EDGE_LOOP('',(#1374,#1375,#1376,#1377,#1378,#1379));
#608=AXIS2_PLACEMENT_3D('',#1380,#1381,#1382);
#609=EDGE_LOOP('',(#1383,#1384,#1385,#1386,#1387,#1388));
#610=AXIS2_PLACEMENT_3D('',#1389,#1390,#1391);
#611=EDGE_LOOP('',(#1392,#1393,#1394,#1395));
#612=AXIS2_PLACEMENT_3D('',#1396,#1397,#1398);
#613=EDGE_LOOP('',(#1399,#1400,#1401,#1402,#1403,#1404));
#614=AXIS2_PLACEMENT_3D('',#1405,#1406,#1407);
#615=EDGE_LOOP('',(#1408,#1409,#1410,#1411,#1412,#1413));
#616=AXIS2_PLACEMENT_3D('',#1414,#1415,#1416);
#617=EDGE_LOOP('',(#1417,#1418,#1419,#1420));
#618=AXIS2_PLACEMENT_3D('',#1421,#1422,#1423);
#619=EDGE_LOOP('',(#1424,#1425,#1426,#1427));
#620=AXIS2_PLACEMENT_3D('',#1428,#1429,#1430);
#621=EDGE_LOOP('',(#1431,#1432,#1433,#1434));
#622=AXIS2_PLACEMENT_3D('',#1435,#1436,#1437);
#623=EDGE_LOOP('',(#1438,#1439,#1440,#1441));
#624=AXIS2_PLACEMENT_3D('',#1442,#1443,#1444);
#625=EDGE_LOOP('',(#1445,#1446,#1447,#1448));
#626=AXIS2_PLACEMENT_3D('',#1449,#1450,#1451);
#627=EDGE_LOOP('',(#1452,#1453,#1454,#1455,#1456));
#628=AXIS2_PLACEMENT_3D('',#1457,#1458,#1459);
#629=EDGE_LOOP('',(#1460,#1461,#1462,#1463,#1464));
#630=AXIS2_PLACEMENT_3D('',#1465,#1466,#1467);
#631=EDGE_LOOP('',(#1468,#1469,#1470,#1471));
#632=AXIS2_PLACEMENT_3D('',#1472,#1473,#1474);
#633=EDGE_LOOP('',(#1475,#1476,#1477,#1478));
#634=AXIS2_PLACEMENT_3D('',#1479,#1480,#1481);
#635=EDGE_LOOP('',(#1482,#1483,#1484,#1485));
#636=AXIS2_PLACEMENT_3D('',#1486,#1487,#1488);
#637=EDGE_LOOP('',(#1489,#1490,#1491,#1492));
#638=AXIS2_PLACEMENT_3D('',#1493,#1494,#1495);
#639=EDGE_LOOP('',(#1496,#1497,#1498,#1499));
#640=AXIS2_PLACEMENT_3D('',#1500,#1501,#1502);
#641=EDGE_LOOP('',(#1503,#1504,#1505,#1506));
#642=AXIS2_PLACEMENT_3D('',#1507,#1508,#1509);
#643=EDGE_LOOP('',(#1510,#1511,#1512,#1513,#1514,#1515));
#644=AXIS2_PLACEMENT_3D('',#1516,#1517,#1518);
#645=EDGE_LOOP('',(#1519,#1520,#1521,#1522,#1523,#1524));
#646=AXIS2_PLACEMENT_3D('',#1525,#1526,#1527);
#647=EDGE_LOOP('',(#1528,#1529,#1530,#1531));
#648=AXIS2_PLACEMENT_3D('',#1532,#1533,#1534);
#649=EDGE_LOOP('',(#1535,#1536,#1537,#1538));
#650=AXIS2_PLACEMENT_3D('',#1539,#1540,#1541);
#651=EDGE_LOOP('',(#1542,#1543,#1544,#1545));
#652=AXIS2_PLACEMENT_3D('',#1546,#1547,#1548);
#653=EDGE_LOOP('',(#1549,#1550,#1551,#1552));
#654=AXIS2_PLACEMENT_3D('',#1553,#1554,#1555);
#655=EDGE_LOOP('',(#1556,#1557,#1558,#1559,#1560,#1561,#1562,#1563,#1564,#1565));
#656=AXIS2_PLACEMENT_3D('',#1566,#1567,#1568);
#657=EDGE_LOOP('',(#1569,#1570,#1571,#1572,#1573,#1574,#1575,#1576,#1577,#1578));
#658=AXIS2_PLACEMENT_3D('',#1579,#1580,#1581);
#659=EDGE_LOOP('',(#1582,#1583,#1584,#1585));
#660=AXIS2_PLACEMENT_3D('',#1586,#1587,#1588);
#661=EDGE_LOOP('',(#1589,#1590,#1591,#1592));
#662=AXIS2_PLACEMENT_3D('',#1593,#1594,#1595);
#663=EDGE_LOOP('',(#1596,#1597,#1598,#1599));
#664=AXIS2_PLACEMENT_3D('',#1600,#1601,#1602);
#665=EDGE_LOOP('',(#1603,#1604,#1605,#1606));
#666=AXIS2_PLACEMENT_3D('',#1607,#1608,#1609);
#667=EDGE_LOOP('',(#1610,#1611,#1612,#1613));
#668=AXIS2_PLACEMENT_3D('',#1614,#1615,#1616);
#669=EDGE_LOOP('',(#1617,#1618,#1619,#1620));
#670=AXIS2_PLACEMENT_3D('',#1621,#1622,#1623);
#671=EDGE_LOOP('',(#1624,#1625,#1626,#1627));
#672=AXIS2_PLACEMENT_3D('',#1628,#1629,#1630);
#673=EDGE_LOOP('',(#1631,#1632,#1633,#1634));
#674=AXIS2_PLACEMENT_3D('',#1635,#1636,#1637);
#675=EDGE_LOOP('',(#1638,#1639,#1640,#1641,#1642,#1643));
#676=AXIS2_PLACEMENT_3D('',#1644,#1645,#1646);
#677=EDGE_LOOP('',(#1647,#1648,#1649,#1650));
#678=AXIS2_PLACEMENT_3D('',#1651,#1652,#1653);
#679=EDGE_LOOP('',(#1654,#1655,#1656,#1657,#1658,#1659));
#680=AXIS2_PLACEMENT_3D('',#1660,#1661,#1662);
#681=EDGE_LOOP('',(#1663,#1664,#1665,#1666));
#682=AXIS2_PLACEMENT_3D('',#1667,#1668,#1669);
#683=EDGE_LOOP('',(#1670,#1671,#1672,#1673,#1674,#1675));
#684=AXIS2_PLACEMENT_3D('',#1676,#1677,#1678);
#685=EDGE_LOOP('',(#1679,#1680,#1681,#1682));
#686=AXIS2_PLACEMENT_3D('',#1683,#1684,#1685);
#687=EDGE_LOOP('',(#1686,#1687,#1688,#1689,#1690,#1691));
#688=AXIS2_PLACEMENT_3D('',#1692,#1693,#1694);
#689=EDGE_LOOP('',(#1695,#1696,#1697,#1698));
#690=AXIS2_PLACEMENT_3D('',#1699,#1700,#1701);
#691=EDGE_LOOP('',(#1702,#1703,#1704,#1705));
#692=AXIS2_PLACEMENT_3D('',#1706,#1707,#1708);
#693=EDGE_LOOP('',(#1709,#1710,#1711,#1712,#1713,#1714));
#694=AXIS2_PLACEMENT_3D('',#1715,#1716,#1717);
#695=EDGE_LOOP('',(#1718,#1719,#1720,#1721,#1722,#1723));
#696=AXIS2_PLACEMENT_3D('',#1724,#1725,#1726);
#697=EDGE_LOOP('',(#1727,#1728,#1729,#1730));
#698=AXIS2_PLACEMENT_3D('',#1731,#1732,#1733);
#699=EDGE_LOOP('',(#1734,#1735,#1736,#1737));
#700=AXIS2_PLACEMENT_3D('',#1738,#1739,#1740);
#701=EDGE_LOOP('',(#1741,#1742,#1743,#1744));
#702=AXIS2_PLACEMENT_3D('',#1745,#1746,#1747);
#703=EDGE_LOOP('',(#1748,#1749,#1750,#1751));
#704=AXIS2_PLACEMENT_3D('',#1752,#1753,#1754);
#705=EDGE_LOOP('',(#1755,#1756,#1757,#1758));
#706=AXIS2_PLACEMENT_3D('',#1759,#1760,#1761);
#707=EDGE_LOOP('',(#1762,#1763,#1764,#1765));
#708=AXIS2_PLACEMENT_3D('',#1766,#1767,#1768);
#709=EDGE_LOOP('',(#1769,#1770,#1771,#1772));
#710=AXIS2_PLACEMENT_3D('',#1773,#1774,#1775);
#711=EDGE_LOOP('',(#1776,#1777,#1778,#1779,#1780,#1781));
#712=AXIS2_PLACEMENT_3D('',#1782,#1783,#1784);
#713=EDGE_LOOP('',(#1785,#1786,#1787,#1788,#1789,#1790));
#714=AXIS2_PLACEMENT_3D('',#1791,#1792,#1793);
#715=EDGE_LOOP('',(#1794,#1795,#1796,#1797));
#716=AXIS2_PLACEMENT_3D('',#1798,#1799,#1800);
#717=EDGE_LOOP('',(#1801,#1802,#1803,#1804));
#718=AXIS2_PLACEMENT_3D('',#1805,#1806,#1807);
#719=EDGE_LOOP('',(#1808,#1809,#1810,#1811));
#720=AXIS2_PLACEMENT_3D('',#1812,#1813,#1814);
#721=EDGE_LOOP('',(#1815,#1816,#1817,#1818));
#722=AXIS2_PLACEMENT_3D('',#1819,#1820,#1821);
#723=EDGE_LOOP('',(#1822,#1823,#1824,#1825,#1826,#1827,#1828,#1829,#1830,#1831));
#724=AXIS2_PLACEMENT_3D('',#1832,#1833,#1834);
#725=EDGE_LOOP('',(#1835,#1836,#1837,#1838,#1839,#1840,#1841,#1842,#1843,#1844));
#726=AXIS2_PLACEMENT_3D('',#1845,#1846,#1847);
#727=EDGE_LOOP('',(#1848,#1849,#1850,#1851));
#728=AXIS2_PLACEMENT_3D('',#1852,#1853,#1854);
#729=EDGE_LOOP('',(#1855,#1856,#1857,#1858));
#730=AXIS2_PLACEMENT_3D('',#1859,#1860,#1861);
#731=EDGE_LOOP('',(#1862,#1863,#1864,#1865));
#732=AXIS2_PLACEMENT_3D('',#1866,#1867,#1868);
#733=EDGE_LOOP('',(#1869,#1870,#1871,#1872));
#734=AXIS2_PLACEMENT_3D('',#1873,#1874,#1875);
#735=EDGE_LOOP('',(#1876,#1877,#1878,#1879));
#736=AXIS2_PLACEMENT_3D('',#1880,#1881,#1882);
#737=EDGE_LOOP('',(#1883,#1884,#1885,#1886));
#738=AXIS2_PLACEMENT_3D('',#1887,#1888,#1889);
#739=EDGE_LOOP('',(#1890,#1891,#1892,#1893));
#740=AXIS2_PLACEMENT_3D('',#1894,#1895,#1896);
#741=FILL_AREA_STYLE_COLOUR('',#1897);
#742=ORIENTED_EDGE('',*,*,#1898,.F.);
#743=ORIENTED_EDGE('',*,*,#1899,.T.);
#744=ORIENTED_EDGE('',*,*,#1900,.F.);
#745=ORIENTED_EDGE('',*,*,#1901,.T.);
#746=CARTESIAN_POINT('',(-1.625,3.95,2.075));
#747=DIRECTION('',(0.0,1.0,0.0));
#748=DIRECTION('',(0.0,0.0,-1.0));
#749=ORIENTED_EDGE('',*,*,#1902,.F.);
#750=ORIENTED_EDGE('',*,*,#1903,.T.);
#751=ORIENTED_EDGE('',*,*,#1904,.F.);
#752=ORIENTED_EDGE('',*,*,#1905,.T.);
#753=CARTESIAN_POINT('',(1.625,3.95,2.075));
#754=DIRECTION('',(0.0,1.0,0.0));
#755=DIRECTION('',(0.0,0.0,-1.0));
#756=ORIENTED_EDGE('',*,*,#1906,.F.);
#757=ORIENTED_EDGE('',*,*,#1907,.T.);
#758=ORIENTED_EDGE('',*,*,#1908,.T.);
#759=ORIENTED_EDGE('',*,*,#1909,.T.);
#760=CARTESIAN_POINT('',(1.625,3.95,1.125));
#761=DIRECTION('',(0.0,1.0,0.0));
#762=DIRECTION('',(0.0,0.0,-1.0));
#763=ORIENTED_EDGE('',*,*,#1910,.F.);
#764=ORIENTED_EDGE('',*,*,#1911,.T.);
#765=ORIENTED_EDGE('',*,*,#1912,.T.);
#766=ORIENTED_EDGE('',*,*,#1913,.T.);
#767=CARTESIAN_POINT('',(-1.625,3.95,1.125));
#768=DIRECTION('',(0.0,1.0,0.0));
#769=DIRECTION('',(0.0,0.0,-1.0));
#770=ORIENTED_EDGE('',*,*,#1914,.F.);
#771=ORIENTED_EDGE('',*,*,#1915,.F.);
#772=ORIENTED_EDGE('',*,*,#1916,.F.);
#773=ORIENTED_EDGE('',*,*,#1917,.F.);
#774=ORIENTED_EDGE('',*,*,#1918,.T.);
#775=ORIENTED_EDGE('',*,*,#1919,.F.);
#776=ORIENTED_EDGE('',*,*,#1920,.F.);
#777=ORIENTED_EDGE('',*,*,#1921,.F.);
#778=ORIENTED_EDGE('',*,*,#1922,.T.);
#779=ORIENTED_EDGE('',*,*,#1923,.F.);
#780=ORIENTED_EDGE('',*,*,#1924,.T.);
#781=ORIENTED_EDGE('',*,*,#1925,.T.);
#782=CARTESIAN_POINT('',(2.125,1.0,3.2));
#783=DIRECTION('',(0.0,1.0,1.35525271560688E-16));
#784=DIRECTION('',(0.0,1.35525271560688E-16,-1.0));
#785=ORIENTED_EDGE('',*,*,#1926,.F.);
#786=ORIENTED_EDGE('',*,*,#1927,.F.);
#787=ORIENTED_EDGE('',*,*,#1928,.F.);
#788=ORIENTED_EDGE('',*,*,#1929,.F.);
#789=ORIENTED_EDGE('',*,*,#1930,.F.);
#790=ORIENTED_EDGE('',*,*,#1931,.F.);
#791=ORIENTED_EDGE('',*,*,#1932,.F.);
#792=ORIENTED_EDGE('',*,*,#1933,.T.);
#793=ORIENTED_EDGE('',*,*,#1934,.F.);
#794=ORIENTED_EDGE('',*,*,#1935,.F.);
#795=ORIENTED_EDGE('',*,*,#1936,.F.);
#796=ORIENTED_EDGE('',*,*,#1937,.T.);
#797=ORIENTED_EDGE('',*,*,#1938,.T.);
#798=ORIENTED_EDGE('',*,*,#1939,.F.);
#799=ORIENTED_EDGE('',*,*,#1940,.F.);
#800=ORIENTED_EDGE('',*,*,#1941,.F.);
#801=ORIENTED_EDGE('',*,*,#1942,.F.);
#802=ORIENTED_EDGE('',*,*,#1943,.F.);
#803=ORIENTED_EDGE('',*,*,#1944,.F.);
#804=ORIENTED_EDGE('',*,*,#1945,.F.);
#805=ORIENTED_EDGE('',*,*,#1946,.F.);
#806=ORIENTED_EDGE('',*,*,#1947,.F.);
#807=ORIENTED_EDGE('',*,*,#1948,.F.);
#808=ORIENTED_EDGE('',*,*,#1919,.T.);
#809=ORIENTED_EDGE('',*,*,#1949,.F.);
#810=ORIENTED_EDGE('',*,*,#1950,.F.);
#811=ORIENTED_EDGE('',*,*,#1951,.F.);
#812=ORIENTED_EDGE('',*,*,#1915,.T.);
#813=CARTESIAN_POINT('',(2.125,1.0,-6.66133814775094E-16));
#814=DIRECTION('',(0.0,-3.41988342406856E-16,1.0));
#815=DIRECTION('',(0.0,-1.0,-3.41988342406856E-16));
#816=ORIENTED_EDGE('',*,*,#1952,.F.);
#817=ORIENTED_EDGE('',*,*,#1953,.F.);
#818=ORIENTED_EDGE('',*,*,#1954,.F.);
#819=ORIENTED_EDGE('',*,*,#1955,.F.);
#820=ORIENTED_EDGE('',*,*,#1956,.F.);
#821=ORIENTED_EDGE('',*,*,#1957,.F.);
#822=ORIENTED_EDGE('',*,*,#1958,.F.);
#823=ORIENTED_EDGE('',*,*,#1959,.T.);
#824=ORIENTED_EDGE('',*,*,#1960,.T.);
#825=ORIENTED_EDGE('',*,*,#1961,.T.);
#826=ORIENTED_EDGE('',*,*,#1962,.F.);
#827=ORIENTED_EDGE('',*,*,#1963,.T.);
#828=CARTESIAN_POINT('',(-1.525,3.95,0.399999999999999));
#829=DIRECTION('',(1.42190448850558E-16,0.0,-1.0));
#830=DIRECTION('',(0.0,-1.0,0.0));
#831=ORIENTED_EDGE('',*,*,#1964,.F.);
#832=ORIENTED_EDGE('',*,*,#1963,.F.);
#833=ORIENTED_EDGE('',*,*,#1965,.F.);
#834=ORIENTED_EDGE('',*,*,#1966,.F.);
#835=CARTESIAN_POINT('',(-1.525,1.2,0.399999999999999));
#836=DIRECTION('',(1.00543830602189E-16,0.707106781186547,-0.707106781186548));
#837=DIRECTION('',(-1.0,0.0,-1.42190448850559E-16));
#838=ORIENTED_EDGE('',*,*,#1967,.F.);
#839=ORIENTED_EDGE('',*,*,#1968,.T.);
#840=ORIENTED_EDGE('',*,*,#1969,.F.);
#841=ORIENTED_EDGE('',*,*,#1970,.F.);
#842=ORIENTED_EDGE('',*,*,#1938,.F.);
#843=ORIENTED_EDGE('',*,*,#1971,.F.);
#844=ORIENTED_EDGE('',*,*,#1972,.F.);
#845=ORIENTED_EDGE('',*,*,#1973,.F.);
#846=ORIENTED_EDGE('',*,*,#1974,.T.);
#847=ORIENTED_EDGE('',*,*,#1975,.T.);
#848=CARTESIAN_POINT('',(-2.125,0.0,0.0));
#849=DIRECTION('',(1.0,0.0,0.0));
#850=DIRECTION('',(0.0,1.0,0.0));
#851=ORIENTED_EDGE('',*,*,#1933,.F.);
#852=ORIENTED_EDGE('',*,*,#1976,.T.);
#853=ORIENTED_EDGE('',*,*,#1966,.T.);
#854=ORIENTED_EDGE('',*,*,#1977,.T.);
#855=ORIENTED_EDGE('',*,*,#1978,.F.);
#856=ORIENTED_EDGE('',*,*,#1979,.T.);
#857=ORIENTED_EDGE('',*,*,#1980,.F.);
#858=ORIENTED_EDGE('',*,*,#1971,.T.);
#859=ORIENTED_EDGE('',*,*,#1937,.F.);
#860=ORIENTED_EDGE('',*,*,#1981,.F.);
#861=ORIENTED_EDGE('',*,*,#1982,.F.);
#862=ORIENTED_EDGE('',*,*,#1983,.T.);
#863=CARTESIAN_POINT('',(2.125,1.0,3.2));
#864=DIRECTION('',(0.0,1.0,1.35525271560688E-16));
#865=DIRECTION('',(0.0,1.35525271560688E-16,-1.0));
#866=ORIENTED_EDGE('',*,*,#1984,.F.);
#867=ORIENTED_EDGE('',*,*,#1985,.F.);
#868=ORIENTED_EDGE('',*,*,#1986,.T.);
#869=ORIENTED_EDGE('',*,*,#1969,.T.);
#870=ORIENTED_EDGE('',*,*,#1987,.F.);
#871=ORIENTED_EDGE('',*,*,#1988,.F.);
#872=ORIENTED_EDGE('',*,*,#1989,.F.);
#873=ORIENTED_EDGE('',*,*,#1990,.F.);
#874=CARTESIAN_POINT('',(2.125,5.2,3.2));
#875=DIRECTION('',(0.0,0.0,-1.0));
#876=DIRECTION('',(0.0,-1.0,0.0));
#877=ORIENTED_EDGE('',*,*,#1991,.F.);
#878=ORIENTED_EDGE('',*,*,#1992,.T.);
#879=ORIENTED_EDGE('',*,*,#1993,.F.);
#880=ORIENTED_EDGE('',*,*,#1994,.F.);
#881=ORIENTED_EDGE('',*,*,#1995,.F.);
#882=ORIENTED_EDGE('',*,*,#1996,.T.);
#883=ORIENTED_EDGE('',*,*,#1997,.F.);
#884=ORIENTED_EDGE('',*,*,#1998,.F.);
#885=ORIENTED_EDGE('',*,*,#1970,.T.);
#886=ORIENTED_EDGE('',*,*,#1986,.F.);
#887=ORIENTED_EDGE('',*,*,#1999,.F.);
#888=ORIENTED_EDGE('',*,*,#1947,.T.);
#889=ORIENTED_EDGE('',*,*,#2000,.F.);
#890=ORIENTED_EDGE('',*,*,#2001,.F.);
#891=ORIENTED_EDGE('',*,*,#2002,.T.);
#892=ORIENTED_EDGE('',*,*,#1943,.T.);
#893=ORIENTED_EDGE('',*,*,#2003,.F.);
#894=ORIENTED_EDGE('',*,*,#2004,.F.);
#895=ORIENTED_EDGE('',*,*,#2005,.T.);
#896=ORIENTED_EDGE('',*,*,#1939,.T.);
#897=CARTESIAN_POINT('',(2.125,5.2,8.88178419700125E-16));
#898=DIRECTION('',(0.0,-1.0,-5.42101086242752E-16));
#899=DIRECTION('',(0.0,5.42101086242752E-16,-1.0));
#900=ORIENTED_EDGE('',*,*,#2006,.F.);
#901=ORIENTED_EDGE('',*,*,#2007,.F.);
#902=ORIENTED_EDGE('',*,*,#2008,.T.);
#903=ORIENTED_EDGE('',*,*,#2009,.T.);
#904=ORIENTED_EDGE('',*,*,#2010,.F.);
#905=ORIENTED_EDGE('',*,*,#1920,.T.);
#906=ORIENTED_EDGE('',*,*,#1948,.T.);
#907=ORIENTED_EDGE('',*,*,#1999,.T.);
#908=ORIENTED_EDGE('',*,*,#1985,.T.);
#909=ORIENTED_EDGE('',*,*,#2011,.F.);
#910=CARTESIAN_POINT('',(2.125,0.0,0.0));
#911=DIRECTION('',(1.0,0.0,0.0));
#912=DIRECTION('',(0.0,1.0,0.0));
#913=ORIENTED_EDGE('',*,*,#1936,.T.);
#914=ORIENTED_EDGE('',*,*,#2012,.F.);
#915=ORIENTED_EDGE('',*,*,#2013,.F.);
#916=ORIENTED_EDGE('',*,*,#1981,.T.);
#917=CARTESIAN_POINT('',(-1.925,1.0,-0.200000000000006));
#918=DIRECTION('',(1.0,0.0,0.0));
#919=DIRECTION('',(0.0,1.0,0.0));
#920=ORIENTED_EDGE('',*,*,#1935,.T.);
#921=ORIENTED_EDGE('',*,*,#2014,.F.);
#922=ORIENTED_EDGE('',*,*,#2015,.F.);
#923=ORIENTED_EDGE('',*,*,#2012,.T.);
#924=CARTESIAN_POINT('',(-1.925,2.0,-0.200000000000005));
#925=DIRECTION('',(0.0,-1.0,0.0));
#926=DIRECTION('',(0.0,0.0,-1.0));
#927=ORIENTED_EDGE('',*,*,#1934,.T.);
#928=ORIENTED_EDGE('',*,*,#1983,.F.);
#929=ORIENTED_EDGE('',*,*,#2016,.F.);
#930=ORIENTED_EDGE('',*,*,#2014,.T.);
#931=CARTESIAN_POINT('',(-1.425,2.0,-0.200000000000005));
#932=DIRECTION('',(-1.0,4.33680868994202E-16,0.0));
#933=DIRECTION('',(0.0,0.0,1.0));
#934=ORIENTED_EDGE('',*,*,#2013,.T.);
#935=ORIENTED_EDGE('',*,*,#2015,.T.);
#936=ORIENTED_EDGE('',*,*,#2016,.T.);
#937=ORIENTED_EDGE('',*,*,#1982,.T.);
#938=CARTESIAN_POINT('',(0.0,1.38872568669791E-29,-0.200000000000008));
#939=DIRECTION('',(0.0,1.70994171203428E-15,-1.0));
#940=DIRECTION('',(-1.0,0.0,0.0));
#941=ORIENTED_EDGE('',*,*,#1940,.T.);
#942=ORIENTED_EDGE('',*,*,#2005,.F.);
#943=ORIENTED_EDGE('',*,*,#2017,.F.);
#944=ORIENTED_EDGE('',*,*,#2018,.T.);
#945=CARTESIAN_POINT('',(-1.925,4.2,-0.200000000000001));
#946=DIRECTION('',(1.0,0.0,0.0));
#947=DIRECTION('',(0.0,1.0,0.0));
#948=ORIENTED_EDGE('',*,*,#1942,.T.);
#949=ORIENTED_EDGE('',*,*,#2019,.F.);
#950=ORIENTED_EDGE('',*,*,#2020,.F.);
#951=ORIENTED_EDGE('',*,*,#2003,.T.);
#952=CARTESIAN_POINT('',(-1.425,5.2,-0.199999999999999));
#953=DIRECTION('',(-1.0,-4.33680868994202E-16,0.0));
#954=DIRECTION('',(-4.33680868994202E-16,1.0,0.0));
#955=ORIENTED_EDGE('',*,*,#1941,.T.);
#956=ORIENTED_EDGE('',*,*,#2018,.F.);
#957=ORIENTED_EDGE('',*,*,#2021,.F.);
#958=ORIENTED_EDGE('',*,*,#2019,.T.);
#959=CARTESIAN_POINT('',(-1.425,4.2,-0.200000000000001));
#960=DIRECTION('',(-0.0,1.0,0.0));
#961=DIRECTION('',(1.0,0.0,0.0));
#962=ORIENTED_EDGE('',*,*,#2017,.T.);
#963=ORIENTED_EDGE('',*,*,#2004,.T.);
#964=ORIENTED_EDGE('',*,*,#2020,.T.);
#965=ORIENTED_EDGE('',*,*,#2021,.T.);
#966=CARTESIAN_POINT('',(0.0,1.38872568669791E-29,-0.200000000000008));
#967=DIRECTION('',(0.0,1.70994171203428E-15,-1.0));
#968=DIRECTION('',(-1.0,0.0,0.0));
#969=ORIENTED_EDGE('',*,*,#1951,.T.);
#970=ORIENTED_EDGE('',*,*,#2022,.F.);
#971=ORIENTED_EDGE('',*,*,#2023,.F.);
#972=ORIENTED_EDGE('',*,*,#1916,.T.);
#973=CARTESIAN_POINT('',(1.425,1.0,-0.200000000000006));
#974=DIRECTION('',(1.0,0.0,0.0));
#975=DIRECTION('',(0.0,1.0,0.0));
#976=ORIENTED_EDGE('',*,*,#1950,.T.);
#977=ORIENTED_EDGE('',*,*,#2024,.F.);
#978=ORIENTED_EDGE('',*,*,#2025,.F.);
#979=ORIENTED_EDGE('',*,*,#2022,.T.);
#980=CARTESIAN_POINT('',(1.425,2.0,-0.200000000000005));
#981=DIRECTION('',(0.0,-1.0,0.0));
#982=DIRECTION('',(0.0,0.0,-1.0));
#983=ORIENTED_EDGE('',*,*,#1949,.T.);
#984=ORIENTED_EDGE('',*,*,#1918,.F.);
#985=ORIENTED_EDGE('',*,*,#2026,.F.);
#986=ORIENTED_EDGE('',*,*,#2024,.T.);
#987=CARTESIAN_POINT('',(1.925,2.0,-0.200000000000005));
#988=DIRECTION('',(-1.0,0.0,0.0));
#989=DIRECTION('',(0.0,0.0,1.0));
#990=ORIENTED_EDGE('',*,*,#2023,.T.);
#991=ORIENTED_EDGE('',*,*,#2025,.T.);
#992=ORIENTED_EDGE('',*,*,#2026,.T.);
#993=ORIENTED_EDGE('',*,*,#1917,.T.);
#994=CARTESIAN_POINT('',(0.0,1.38872568669791E-29,-0.200000000000008));
#995=DIRECTION('',(0.0,1.70994171203428E-15,-1.0));
#996=DIRECTION('',(-1.0,0.0,0.0));
#997=ORIENTED_EDGE('',*,*,#1944,.T.);
#998=ORIENTED_EDGE('',*,*,#2002,.F.);
#999=ORIENTED_EDGE('',*,*,#2027,.F.);
#1000=ORIENTED_EDGE('',*,*,#2028,.T.);
#1001=CARTESIAN_POINT('',(1.425,4.2,-0.200000000000001));
#1002=DIRECTION('',(1.0,4.33680868994201E-16,0.0));
#1003=DIRECTION('',(-4.33680868994201E-16,1.0,0.0));
#1004=ORIENTED_EDGE('',*,*,#1946,.T.);
#1005=ORIENTED_EDGE('',*,*,#2029,.F.);
#1006=ORIENTED_EDGE('',*,*,#2030,.F.);
#1007=ORIENTED_EDGE('',*,*,#2000,.T.);
#1008=CARTESIAN_POINT('',(1.925,5.2,-0.199999999999999));
#1009=DIRECTION('',(-1.0,0.0,0.0));
#1010=DIRECTION('',(0.0,0.0,1.0));
#1011=ORIENTED_EDGE('',*,*,#1945,.T.);
#1012=ORIENTED_EDGE('',*,*,#2028,.F.);
#1013=ORIENTED_EDGE('',*,*,#2031,.F.);
#1014=ORIENTED_EDGE('',*,*,#2029,.T.);
#1015=CARTESIAN_POINT('',(1.925,4.2,-0.200000000000001));
#1016=DIRECTION('',(-0.0,1.0,0.0));
#1017=DIRECTION('',(1.0,0.0,0.0));
#1018=ORIENTED_EDGE('',*,*,#2027,.T.);
#1019=ORIENTED_EDGE('',*,*,#2001,.T.);
#1020=ORIENTED_EDGE('',*,*,#2030,.T.);
#1021=ORIENTED_EDGE('',*,*,#2031,.T.);
#1022=CARTESIAN_POINT('',(2.40905505040687E-44,1.3887256866979E-29,-0.200000000000008));
#1023=DIRECTION('',(2.96627603041784E-30,1.70994171203428E-15,-1.0));
#1024=DIRECTION('',(-1.0,0.0,-2.96627603041784E-30));
#1025=ORIENTED_EDGE('',*,*,#1978,.T.);
#1026=ORIENTED_EDGE('',*,*,#2032,.T.);
#1027=ORIENTED_EDGE('',*,*,#2033,.T.);
#1028=ORIENTED_EDGE('',*,*,#2034,.F.);
#1029=CARTESIAN_POINT('',(-1.825,3.95,2.025));
#1030=DIRECTION('',(-1.0,0.0,0.0));
#1031=DIRECTION('',(0.0,0.0,1.0));
#1032=ORIENTED_EDGE('',*,*,#2032,.F.);
#1033=ORIENTED_EDGE('',*,*,#2035,.T.);
#1034=ORIENTED_EDGE('',*,*,#2036,.T.);
#1035=ORIENTED_EDGE('',*,*,#2037,.T.);
#1036=CARTESIAN_POINT('',(-1.825,3.95,1.175));
#1037=DIRECTION('',(0.258496983796229,0.0,-0.966012064815058));
#1038=DIRECTION('',(0.0,-1.0,0.0));
#1039=ORIENTED_EDGE('',*,*,#1910,.T.);
#1040=ORIENTED_EDGE('',*,*,#2038,.T.);
#1041=ORIENTED_EDGE('',*,*,#2036,.F.);
#1042=ORIENTED_EDGE('',*,*,#2039,.T.);
#1043=CARTESIAN_POINT('',(-1.625,3.95,1.125));
#1044=DIRECTION('',(0.0,1.0,0.0));
#1045=DIRECTION('',(0.0,0.0,-1.0));
#1046=ORIENTED_EDGE('',*,*,#1912,.F.);
#1047=ORIENTED_EDGE('',*,*,#2040,.T.);
#1048=ORIENTED_EDGE('',*,*,#1962,.T.);
#1049=ORIENTED_EDGE('',*,*,#2041,.T.);
#1050=CARTESIAN_POINT('',(-1.525,3.95,1.125));
#1051=DIRECTION('',(-1.0,0.0,0.0));
#1052=DIRECTION('',(0.0,0.0,1.0));
#1053=ORIENTED_EDGE('',*,*,#1960,.F.);
#1054=ORIENTED_EDGE('',*,*,#2042,.T.);
#1055=ORIENTED_EDGE('',*,*,#2043,.T.);
#1056=ORIENTED_EDGE('',*,*,#2044,.T.);
#1057=CARTESIAN_POINT('',(1.525,3.95,0.4));
#1058=DIRECTION('',(1.0,0.0,0.0));
#1059=DIRECTION('',(0.0,1.0,0.0));
#1060=ORIENTED_EDGE('',*,*,#1906,.T.);
#1061=ORIENTED_EDGE('',*,*,#2045,.T.);
#1062=ORIENTED_EDGE('',*,*,#2043,.F.);
#1063=ORIENTED_EDGE('',*,*,#2046,.T.);
#1064=CARTESIAN_POINT('',(1.625,3.95,1.125));
#1065=DIRECTION('',(0.0,1.0,0.0));
#1066=DIRECTION('',(0.0,0.0,-1.0));
#1067=ORIENTED_EDGE('',*,*,#1908,.F.);
#1068=ORIENTED_EDGE('',*,*,#2047,.T.);
#1069=ORIENTED_EDGE('',*,*,#2048,.T.);
#1070=ORIENTED_EDGE('',*,*,#2049,.T.);
#1071=CARTESIAN_POINT('',(1.65084969837962,3.95,1.2216012064815));
#1072=DIRECTION('',(-0.258496983796234,0.0,-0.966012064815057));
#1073=DIRECTION('',(-0.966012064815057,0.0,0.258496983796234));
#1074=ORIENTED_EDGE('',*,*,#1923,.T.);
#1075=ORIENTED_EDGE('',*,*,#2050,.T.);
#1076=ORIENTED_EDGE('',*,*,#2051,.T.);
#1077=ORIENTED_EDGE('',*,*,#2048,.F.);
#1078=CARTESIAN_POINT('',(1.825,3.95,1.175));
#1079=DIRECTION('',(1.0,0.0,0.0));
#1080=DIRECTION('',(0.0,1.0,0.0));
#1081=ORIENTED_EDGE('',*,*,#2050,.F.);
#1082=ORIENTED_EDGE('',*,*,#2052,.T.);
#1083=ORIENTED_EDGE('',*,*,#1904,.T.);
#1084=ORIENTED_EDGE('',*,*,#2053,.T.);
#1085=CARTESIAN_POINT('',(1.825,3.95,2.025));
#1086=DIRECTION('',(-0.258496983796234,0.0,0.966012064815057));
#1087=DIRECTION('',(0.0,1.0,0.0));
#1088=ORIENTED_EDGE('',*,*,#1902,.T.);
#1089=ORIENTED_EDGE('',*,*,#2054,.T.);
#1090=ORIENTED_EDGE('',*,*,#2055,.T.);
#1091=ORIENTED_EDGE('',*,*,#2056,.T.);
#1092=CARTESIAN_POINT('',(1.625,3.95,2.075));
#1093=DIRECTION('',(0.0,1.0,0.0));
#1094=DIRECTION('',(0.0,0.0,-1.0));
#1095=ORIENTED_EDGE('',*,*,#2055,.F.);
#1096=ORIENTED_EDGE('',*,*,#2057,.T.);
#1097=ORIENTED_EDGE('',*,*,#2058,.T.);
#1098=ORIENTED_EDGE('',*,*,#2059,.F.);
#1099=ORIENTED_EDGE('',*,*,#2060,.T.);
#1100=ORIENTED_EDGE('',*,*,#2061,.T.);
#1101=ORIENTED_EDGE('',*,*,#2062,.T.);
#1102=CARTESIAN_POINT('',(1.525,3.95,2.075));
#1103=DIRECTION('',(1.0,0.0,0.0));
#1104=DIRECTION('',(0.0,1.0,0.0));
#1105=ORIENTED_EDGE('',*,*,#2063,.T.);
#1106=ORIENTED_EDGE('',*,*,#2064,.T.);
#1107=ORIENTED_EDGE('',*,*,#2065,.T.);
#1108=ORIENTED_EDGE('',*,*,#2066,.T.);
#1109=ORIENTED_EDGE('',*,*,#2061,.F.);
#1110=ORIENTED_EDGE('',*,*,#2067,.T.);
#1111=ORIENTED_EDGE('',*,*,#2068,.T.);
#1112=ORIENTED_EDGE('',*,*,#2069,.T.);
#1113=CARTESIAN_POINT('',(1.525,3.95,2.8));
#1114=DIRECTION('',(4.26571346551674E-16,0.0,1.0));
#1115=DIRECTION('',(1.0,0.0,-4.26571346551674E-16));
#1116=ORIENTED_EDGE('',*,*,#2070,.F.);
#1117=ORIENTED_EDGE('',*,*,#2071,.T.);
#1118=ORIENTED_EDGE('',*,*,#1900,.T.);
#1119=ORIENTED_EDGE('',*,*,#2072,.T.);
#1120=ORIENTED_EDGE('',*,*,#2065,.F.);
#1121=ORIENTED_EDGE('',*,*,#2073,.T.);
#1122=ORIENTED_EDGE('',*,*,#2074,.F.);
#1123=CARTESIAN_POINT('',(-1.525,3.95,2.8));
#1124=DIRECTION('',(-1.0,0.0,0.0));
#1125=DIRECTION('',(0.0,0.0,1.0));
#1126=ORIENTED_EDGE('',*,*,#1898,.T.);
#1127=ORIENTED_EDGE('',*,*,#2075,.T.);
#1128=ORIENTED_EDGE('',*,*,#2076,.T.);
#1129=ORIENTED_EDGE('',*,*,#2077,.T.);
#1130=CARTESIAN_POINT('',(-1.625,3.95,2.075));
#1131=DIRECTION('',(0.0,1.0,0.0));
#1132=DIRECTION('',(0.0,0.0,-1.0));
#1133=ORIENTED_EDGE('',*,*,#2076,.F.);
#1134=ORIENTED_EDGE('',*,*,#2078,.T.);
#1135=ORIENTED_EDGE('',*,*,#2034,.T.);
#1136=ORIENTED_EDGE('',*,*,#2079,.T.);
#1137=CARTESIAN_POINT('',(-1.65084969837962,3.95,1.97839879351849));
#1138=DIRECTION('',(0.258496983796228,0.0,0.966012064815059));
#1139=DIRECTION('',(0.0,-1.0,0.0));
#1140=ORIENTED_EDGE('',*,*,#2080,.F.);
#1141=ORIENTED_EDGE('',*,*,#2081,.T.);
#1142=ORIENTED_EDGE('',*,*,#2082,.F.);
#1143=ORIENTED_EDGE('',*,*,#2083,.F.);
#1144=ORIENTED_EDGE('',*,*,#2084,.F.);
#1145=ORIENTED_EDGE('',*,*,#2085,.T.);
#1146=ORIENTED_EDGE('',*,*,#2086,.F.);
#1147=ORIENTED_EDGE('',*,*,#2087,.F.);
#1148=ORIENTED_EDGE('',*,*,#2033,.F.);
#1149=ORIENTED_EDGE('',*,*,#2037,.F.);
#1150=ORIENTED_EDGE('',*,*,#2038,.F.);
#1151=ORIENTED_EDGE('',*,*,#1913,.F.);
#1152=ORIENTED_EDGE('',*,*,#2041,.F.);
#1153=ORIENTED_EDGE('',*,*,#1961,.F.);
#1154=ORIENTED_EDGE('',*,*,#2044,.F.);
#1155=ORIENTED_EDGE('',*,*,#2045,.F.);
#1156=ORIENTED_EDGE('',*,*,#1909,.F.);
#1157=ORIENTED_EDGE('',*,*,#2049,.F.);
#1158=ORIENTED_EDGE('',*,*,#2051,.F.);
#1159=ORIENTED_EDGE('',*,*,#2053,.F.);
#1160=ORIENTED_EDGE('',*,*,#1903,.F.);
#1161=ORIENTED_EDGE('',*,*,#2056,.F.);
#1162=ORIENTED_EDGE('',*,*,#2062,.F.);
#1163=ORIENTED_EDGE('',*,*,#2066,.F.);
#1164=ORIENTED_EDGE('',*,*,#2072,.F.);
#1165=ORIENTED_EDGE('',*,*,#1899,.F.);
#1166=ORIENTED_EDGE('',*,*,#2077,.F.);
#1167=ORIENTED_EDGE('',*,*,#2079,.F.);
#1168=CARTESIAN_POINT('',(-1.625,3.95,1.125));
#1169=DIRECTION('',(-0.0,1.0,0.0));
#1170=DIRECTION('',(1.0,0.0,0.0));
#1171=ORIENTED_EDGE('',*,*,#1980,.T.);
#1172=ORIENTED_EDGE('',*,*,#2088,.T.);
#1173=ORIENTED_EDGE('',*,*,#2070,.T.);
#1174=ORIENTED_EDGE('',*,*,#2089,.F.);
#1175=ORIENTED_EDGE('',*,*,#1967,.T.);
#1176=CARTESIAN_POINT('',(0.0,0.0,2.8));
#1177=DIRECTION('',(0.0,0.0,1.0));
#1178=DIRECTION('',(1.0,0.0,0.0));
#1179=ORIENTED_EDGE('',*,*,#2090,.T.);
#1180=ORIENTED_EDGE('',*,*,#2091,.T.);
#1181=ORIENTED_EDGE('',*,*,#2059,.T.);
#1182=ORIENTED_EDGE('',*,*,#2092,.T.);
#1183=ORIENTED_EDGE('',*,*,#2011,.T.);
#1184=ORIENTED_EDGE('',*,*,#1984,.T.);
#1185=CARTESIAN_POINT('',(2.125,2.0,2.8));
#1186=DIRECTION('',(-0.0,1.0,0.0));
#1187=DIRECTION('',(1.0,0.0,0.0));
#1188=ORIENTED_EDGE('',*,*,#2068,.F.);
#1189=ORIENTED_EDGE('',*,*,#2093,.T.);
#1190=ORIENTED_EDGE('',*,*,#2090,.F.);
#1191=ORIENTED_EDGE('',*,*,#1990,.T.);
#1192=ORIENTED_EDGE('',*,*,#2094,.T.);
#1193=ORIENTED_EDGE('',*,*,#2095,.T.);
#1194=CARTESIAN_POINT('',(1.175,2.0,2.8));
#1195=DIRECTION('',(1.0,0.0,0.0));
#1196=DIRECTION('',(0.0,1.0,0.0));
#1197=ORIENTED_EDGE('',*,*,#2096,.T.);
#1198=ORIENTED_EDGE('',*,*,#2097,.T.);
#1199=ORIENTED_EDGE('',*,*,#2094,.F.);
#1200=ORIENTED_EDGE('',*,*,#1989,.T.);
#1201=CARTESIAN_POINT('',(1.175,2.6,2.8));
#1202=DIRECTION('',(-1.10727030381498E-15,1.0,0.0));
#1203=DIRECTION('',(1.0,1.10727030381498E-15,-0.0));
#1204=ORIENTED_EDGE('',*,*,#2098,.T.);
#1205=ORIENTED_EDGE('',*,*,#2099,.T.);
#1206=ORIENTED_EDGE('',*,*,#2063,.F.);
#1207=ORIENTED_EDGE('',*,*,#2100,.T.);
#1208=ORIENTED_EDGE('',*,*,#2096,.F.);
#1209=ORIENTED_EDGE('',*,*,#1988,.T.);
#1210=CARTESIAN_POINT('',(-1.175,2.6,2.8));
#1211=DIRECTION('',(-1.0,0.0,0.0));
#1212=DIRECTION('',(0.0,0.0,1.0));
#1213=ORIENTED_EDGE('',*,*,#2089,.T.);
#1214=ORIENTED_EDGE('',*,*,#2074,.T.);
#1215=ORIENTED_EDGE('',*,*,#2101,.T.);
#1216=ORIENTED_EDGE('',*,*,#2098,.F.);
#1217=ORIENTED_EDGE('',*,*,#1987,.T.);
#1218=ORIENTED_EDGE('',*,*,#1968,.F.);
#1219=CARTESIAN_POINT('',(-1.175,2.0,2.8));
#1220=DIRECTION('',(-0.0,1.0,0.0));
#1221=DIRECTION('',(1.0,0.0,0.0));
#1222=ORIENTED_EDGE('',*,*,#2058,.F.);
#1223=ORIENTED_EDGE('',*,*,#2102,.T.);
#1224=ORIENTED_EDGE('',*,*,#1921,.T.);
#1225=ORIENTED_EDGE('',*,*,#2010,.T.);
#1226=ORIENTED_EDGE('',*,*,#2092,.F.);
#1227=CARTESIAN_POINT('',(0.0,0.0,2.8));
#1228=DIRECTION('',(0.0,0.0,1.0));
#1229=DIRECTION('',(1.0,0.0,0.0));
#1230=ORIENTED_EDGE('',*,*,#2103,.F.);
#1231=ORIENTED_EDGE('',*,*,#2009,.F.);
#1232=ORIENTED_EDGE('',*,*,#2104,.T.);
#1233=ORIENTED_EDGE('',*,*,#2105,.T.);
#1234=CARTESIAN_POINT('',(2.125,1.39999999999999,2.5));
#1235=DIRECTION('',(0.707106781186548,0.0,0.707106781186548));
#1236=DIRECTION('',(0.0,-1.0,0.0));
#1237=ORIENTED_EDGE('',*,*,#2106,.F.);
#1238=ORIENTED_EDGE('',*,*,#2105,.F.);
#1239=ORIENTED_EDGE('',*,*,#2107,.T.);
#1240=ORIENTED_EDGE('',*,*,#2108,.T.);
#1241=CARTESIAN_POINT('',(2.625,1.4,2.0));
#1242=DIRECTION('',(5.42101086242752E-16,0.0,1.0));
#1243=DIRECTION('',(1.0,0.0,-5.42101086242752E-16));
#1244=ORIENTED_EDGE('',*,*,#2109,.F.);
#1245=ORIENTED_EDGE('',*,*,#2108,.F.);
#1246=ORIENTED_EDGE('',*,*,#2110,.T.);
#1247=ORIENTED_EDGE('',*,*,#2111,.T.);
#1248=CARTESIAN_POINT('',(3.425,1.4,2.0));
#1249=DIRECTION('',(0.707106781186547,0.0,0.707106781186548));
#1250=DIRECTION('',(0.0,-1.0,0.0));
#1251=ORIENTED_EDGE('',*,*,#2112,.F.);
#1252=ORIENTED_EDGE('',*,*,#2111,.F.);
#1253=ORIENTED_EDGE('',*,*,#2113,.T.);
#1254=ORIENTED_EDGE('',*,*,#2114,.T.);
#1255=CARTESIAN_POINT('',(3.625,1.4,1.8));
#1256=DIRECTION('',(1.0,0.0,0.0));
#1257=DIRECTION('',(0.0,1.0,0.0));
#1258=ORIENTED_EDGE('',*,*,#2115,.F.);
#1259=ORIENTED_EDGE('',*,*,#2114,.F.);
#1260=ORIENTED_EDGE('',*,*,#2116,.T.);
#1261=ORIENTED_EDGE('',*,*,#2117,.T.);
#1262=CARTESIAN_POINT('',(3.625,1.4,0.6));
#1263=DIRECTION('',(0.707106781186548,0.0,-0.707106781186548));
#1264=DIRECTION('',(0.0,-1.0,0.0));
#1265=ORIENTED_EDGE('',*,*,#2118,.F.);
#1266=ORIENTED_EDGE('',*,*,#2119,.F.);
#1267=ORIENTED_EDGE('',*,*,#2117,.F.);
#1268=ORIENTED_EDGE('',*,*,#2120,.T.);
#1269=ORIENTED_EDGE('',*,*,#2007,.T.);
#1270=ORIENTED_EDGE('',*,*,#2121,.F.);
#1271=ORIENTED_EDGE('',*,*,#2122,.F.);
#1272=ORIENTED_EDGE('',*,*,#2123,.F.);
#1273=CARTESIAN_POINT('',(3.125,1.4,0.1));
#1274=DIRECTION('',(-5.42101086242752E-17,0.0,-1.0));
#1275=DIRECTION('',(-1.0,0.0,5.42101086242752E-17));
#1276=ORIENTED_EDGE('',*,*,#2008,.F.);
#1277=ORIENTED_EDGE('',*,*,#2120,.F.);
#1278=ORIENTED_EDGE('',*,*,#2116,.F.);
#1279=ORIENTED_EDGE('',*,*,#2113,.F.);
#1280=ORIENTED_EDGE('',*,*,#2110,.F.);
#1281=ORIENTED_EDGE('',*,*,#2107,.F.);
#1282=ORIENTED_EDGE('',*,*,#2104,.F.);
#1283=CARTESIAN_POINT('',(1.12063794778392E-29,1.40000000000001,2.0672121422057E-14));
#1284=DIRECTION('',(2.15507297650753E-30,1.0,3.97540796578018E-15));
#1285=DIRECTION('',(0.0,3.97540796578018E-15,-1.0));
#1286=ORIENTED_EDGE('',*,*,#2124,.T.);
#1287=ORIENTED_EDGE('',*,*,#2125,.T.);
#1288=ORIENTED_EDGE('',*,*,#2126,.T.);
#1289=ORIENTED_EDGE('',*,*,#2127,.T.);
#1290=ORIENTED_EDGE('',*,*,#2121,.T.);
#1291=ORIENTED_EDGE('',*,*,#2006,.T.);
#1292=ORIENTED_EDGE('',*,*,#2103,.T.);
#1293=ORIENTED_EDGE('',*,*,#2106,.T.);
#1294=ORIENTED_EDGE('',*,*,#2109,.T.);
#1295=ORIENTED_EDGE('',*,*,#2112,.T.);
#1296=ORIENTED_EDGE('',*,*,#2115,.T.);
#1297=ORIENTED_EDGE('',*,*,#2119,.T.);
#1298=ORIENTED_EDGE('',*,*,#2128,.T.);
#1299=CARTESIAN_POINT('',(1.12063794778392E-29,4.20000000000001,2.0672121422057E-14));
#1300=DIRECTION('',(2.15507297650753E-30,1.0,3.97540796578018E-15));
#1301=DIRECTION('',(0.0,3.97540796578018E-15,-1.0));
#1302=ORIENTED_EDGE('',*,*,#2129,.F.);
#1303=ORIENTED_EDGE('',*,*,#2130,.F.);
#1304=ORIENTED_EDGE('',*,*,#2131,.T.);
#1305=ORIENTED_EDGE('',*,*,#2132,.T.);
#1306=CARTESIAN_POINT('',(-3.625,1.4,0.6));
#1307=DIRECTION('',(-1.0,0.0,0.0));
#1308=DIRECTION('',(0.0,0.0,1.0));
#1309=ORIENTED_EDGE('',*,*,#2133,.F.);
#1310=ORIENTED_EDGE('',*,*,#2132,.F.);
#1311=ORIENTED_EDGE('',*,*,#2134,.T.);
#1312=ORIENTED_EDGE('',*,*,#2135,.T.);
#1313=CARTESIAN_POINT('',(-3.625,1.4,1.8));
#1314=DIRECTION('',(-0.707106781186548,0.0,0.707106781186548));
#1315=DIRECTION('',(0.0,1.0,0.0));
#1316=ORIENTED_EDGE('',*,*,#2136,.F.);
#1317=ORIENTED_EDGE('',*,*,#2135,.F.);
#1318=ORIENTED_EDGE('',*,*,#2137,.T.);
#1319=ORIENTED_EDGE('',*,*,#2138,.T.);
#1320=CARTESIAN_POINT('',(-3.425,1.4,2.0));
#1321=DIRECTION('',(0.0,0.0,1.0));
#1322=DIRECTION('',(1.0,0.0,0.0));
#1323=ORIENTED_EDGE('',*,*,#2139,.F.);
#1324=ORIENTED_EDGE('',*,*,#2138,.F.);
#1325=ORIENTED_EDGE('',*,*,#2140,.T.);
#1326=ORIENTED_EDGE('',*,*,#1973,.T.);
#1327=CARTESIAN_POINT('',(-2.625,1.4,2.0));
#1328=DIRECTION('',(-0.707106781186546,0.0,0.707106781186549));
#1329=DIRECTION('',(0.0,1.0,0.0));
#1330=ORIENTED_EDGE('',*,*,#2141,.F.);
#1331=ORIENTED_EDGE('',*,*,#2142,.F.);
#1332=ORIENTED_EDGE('',*,*,#2143,.F.);
#1333=ORIENTED_EDGE('',*,*,#2144,.F.);
#1334=ORIENTED_EDGE('',*,*,#1975,.F.);
#1335=ORIENTED_EDGE('',*,*,#2145,.T.);
#1336=ORIENTED_EDGE('',*,*,#2146,.T.);
#1337=ORIENTED_EDGE('',*,*,#2147,.F.);
#1338=CARTESIAN_POINT('',(-2.125,1.4,0.100000000000001));
#1339=DIRECTION('',(-6.77626357803439E-17,0.0,-1.0));
#1340=DIRECTION('',(-1.0,0.0,6.77626357803439E-17));
#1341=ORIENTED_EDGE('',*,*,#2148,.F.);
#1342=ORIENTED_EDGE('',*,*,#2146,.F.);
#1343=ORIENTED_EDGE('',*,*,#2149,.T.);
#1344=ORIENTED_EDGE('',*,*,#2130,.T.);
#1345=CARTESIAN_POINT('',(-3.125,1.4,0.100000000000001));
#1346=DIRECTION('',(-0.707106781186547,0.0,-0.707106781186548));
#1347=DIRECTION('',(-0.707106781186548,0.0,0.707106781186547));
#1348=ORIENTED_EDGE('',*,*,#2131,.F.);
#1349=ORIENTED_EDGE('',*,*,#2149,.F.);
#1350=ORIENTED_EDGE('',*,*,#2145,.F.);
#1351=ORIENTED_EDGE('',*,*,#1974,.F.);
#1352=ORIENTED_EDGE('',*,*,#2140,.F.);
#1353=ORIENTED_EDGE('',*,*,#2137,.F.);
#1354=ORIENTED_EDGE('',*,*,#2134,.F.);
#1355=CARTESIAN_POINT('',(0.0,1.40000000000001,1.87928376564154E-14));
#1356=DIRECTION('',(0.0,1.0,3.61400724161835E-15));
#1357=DIRECTION('',(0.0,3.61400724161835E-15,-1.0));
#1358=ORIENTED_EDGE('',*,*,#2150,.T.);
#1359=ORIENTED_EDGE('',*,*,#2151,.T.);
#1360=ORIENTED_EDGE('',*,*,#2152,.T.);
#1361=ORIENTED_EDGE('',*,*,#2153,.T.);
#1362=ORIENTED_EDGE('',*,*,#2147,.T.);
#1363=ORIENTED_EDGE('',*,*,#2148,.T.);
#1364=ORIENTED_EDGE('',*,*,#2129,.T.);
#1365=ORIENTED_EDGE('',*,*,#2133,.T.);
#1366=ORIENTED_EDGE('',*,*,#2136,.T.);
#1367=ORIENTED_EDGE('',*,*,#2139,.T.);
#1368=ORIENTED_EDGE('',*,*,#1972,.T.);
#1369=ORIENTED_EDGE('',*,*,#2144,.T.);
#1370=ORIENTED_EDGE('',*,*,#2154,.T.);
#1371=CARTESIAN_POINT('',(0.0,4.2,1.87928376564154E-14));
#1372=DIRECTION('',(0.0,1.0,3.61400724161835E-15));
#1373=DIRECTION('',(0.0,3.61400724161835E-15,-1.0));
#1374=ORIENTED_EDGE('',*,*,#2088,.F.);
#1375=ORIENTED_EDGE('',*,*,#1979,.F.);
#1376=ORIENTED_EDGE('',*,*,#2078,.F.);
#1377=ORIENTED_EDGE('',*,*,#2075,.F.);
#1378=ORIENTED_EDGE('',*,*,#1901,.F.);
#1379=ORIENTED_EDGE('',*,*,#2071,.F.);
#1380=CARTESIAN_POINT('',(-1.525,1.2,2.8));
#1381=DIRECTION('',(-0.55470019622523,0.832050294337843,1.12763842092287E-16));
#1382=DIRECTION('',(2.03287907341032E-16,0.0,1.0));
#1383=ORIENTED_EDGE('',*,*,#2046,.F.);
#1384=ORIENTED_EDGE('',*,*,#2042,.F.);
#1385=ORIENTED_EDGE('',*,*,#2155,.F.);
#1386=ORIENTED_EDGE('',*,*,#1924,.F.);
#1387=ORIENTED_EDGE('',*,*,#2047,.F.);
#1388=ORIENTED_EDGE('',*,*,#1907,.F.);
#1389=CARTESIAN_POINT('',(1.525,1.2,0.399999999999999));
#1390=DIRECTION('',(0.55470019622523,0.832050294337843,1.12763842092287E-16));
#1391=DIRECTION('',(2.03287907341032E-16,0.0,-1.0));
#1392=ORIENTED_EDGE('',*,*,#2156,.F.);
#1393=ORIENTED_EDGE('',*,*,#1925,.F.);
#1394=ORIENTED_EDGE('',*,*,#2155,.T.);
#1395=ORIENTED_EDGE('',*,*,#1959,.F.);
#1396=CARTESIAN_POINT('',(-1.525,1.2,0.399999999999999));
#1397=DIRECTION('',(1.00543830602189E-16,0.707106781186547,-0.707106781186548));
#1398=DIRECTION('',(-1.0,0.0,-1.42190448850559E-16));
#1399=ORIENTED_EDGE('',*,*,#2035,.F.);
#1400=ORIENTED_EDGE('',*,*,#1977,.F.);
#1401=ORIENTED_EDGE('',*,*,#1965,.T.);
#1402=ORIENTED_EDGE('',*,*,#2040,.F.);
#1403=ORIENTED_EDGE('',*,*,#1911,.F.);
#1404=ORIENTED_EDGE('',*,*,#2039,.F.);
#1405=CARTESIAN_POINT('',(-1.525,1.2,1.125));
#1406=DIRECTION('',(-0.554700196225231,0.832050294337843,1.12763842092287E-16));
#1407=DIRECTION('',(2.03287907341032E-16,0.0,1.0));
#1408=ORIENTED_EDGE('',*,*,#2052,.F.);
#1409=ORIENTED_EDGE('',*,*,#1922,.F.);
#1410=ORIENTED_EDGE('',*,*,#2102,.F.);
#1411=ORIENTED_EDGE('',*,*,#2057,.F.);
#1412=ORIENTED_EDGE('',*,*,#2054,.F.);
#1413=ORIENTED_EDGE('',*,*,#1905,.F.);
#1414=CARTESIAN_POINT('',(1.525,1.2,2.075));
#1415=DIRECTION('',(0.55470019622523,0.832050294337843,1.12763842092287E-16));
#1416=DIRECTION('',(2.03287907341032E-16,0.0,-1.0));
#1417=ORIENTED_EDGE('',*,*,#2099,.F.);
#1418=ORIENTED_EDGE('',*,*,#2101,.F.);
#1419=ORIENTED_EDGE('',*,*,#2073,.F.);
#1420=ORIENTED_EDGE('',*,*,#2064,.F.);
#1421=CARTESIAN_POINT('',(1.525,2.2,2.8));
#1422=DIRECTION('',(3.01631491806565E-16,0.707106781186548,0.707106781186547));
#1423=DIRECTION('',(1.0,0.0,-4.26571346551674E-16));
#1424=ORIENTED_EDGE('',*,*,#2095,.F.);
#1425=ORIENTED_EDGE('',*,*,#2097,.F.);
#1426=ORIENTED_EDGE('',*,*,#2100,.F.);
#1427=ORIENTED_EDGE('',*,*,#2069,.F.);
#1428=CARTESIAN_POINT('',(1.525,2.8,2.8));
#1429=DIRECTION('',(-4.81326848627499E-16,0.707106781186548,0.707106781186547));
#1430=DIRECTION('',(1.0,0.0,6.80698957263311E-16));
#1431=ORIENTED_EDGE('',*,*,#2060,.F.);
#1432=ORIENTED_EDGE('',*,*,#2091,.F.);
#1433=ORIENTED_EDGE('',*,*,#2093,.F.);
#1434=ORIENTED_EDGE('',*,*,#2067,.F.);
#1435=CARTESIAN_POINT('',(1.525,2.2,2.8));
#1436=DIRECTION('',(3.01631491806566E-16,0.707106781186547,0.707106781186548));
#1437=DIRECTION('',(1.0,-4.26571346551675E-16,0.0));
#1438=ORIENTED_EDGE('',*,*,#1930,.T.);
#1439=ORIENTED_EDGE('',*,*,#2157,.F.);
#1440=ORIENTED_EDGE('',*,*,#1954,.T.);
#1441=ORIENTED_EDGE('',*,*,#2158,.T.);
#1442=CARTESIAN_POINT('',(-0.549999999999999,3.6,-3.55999999999999));
#1443=DIRECTION('',(-1.0,0.0,0.0));
#1444=DIRECTION('',(0.0,0.0,1.0));
#1445=ORIENTED_EDGE('',*,*,#1931,.T.);
#1446=ORIENTED_EDGE('',*,*,#2158,.F.);
#1447=ORIENTED_EDGE('',*,*,#1953,.T.);
#1448=ORIENTED_EDGE('',*,*,#2159,.T.);
#1449=CARTESIAN_POINT('',(-0.549999999999999,2.45,-3.55999999999999));
#1450=DIRECTION('',(0.0,-1.0,0.0));
#1451=DIRECTION('',(0.0,0.0,-1.0));
#1452=ORIENTED_EDGE('',*,*,#1964,.T.);
#1453=ORIENTED_EDGE('',*,*,#1976,.F.);
#1454=ORIENTED_EDGE('',*,*,#1932,.T.);
#1455=ORIENTED_EDGE('',*,*,#2159,.F.);
#1456=ORIENTED_EDGE('',*,*,#1952,.T.);
#1457=CARTESIAN_POINT('',(-0.15,2.45,-3.55999999999999));
#1458=DIRECTION('',(-1.0,0.0,0.0));
#1459=DIRECTION('',(0.0,0.0,1.0));
#1460=ORIENTED_EDGE('',*,*,#2156,.T.);
#1461=ORIENTED_EDGE('',*,*,#1958,.T.);
#1462=ORIENTED_EDGE('',*,*,#2160,.T.);
#1463=ORIENTED_EDGE('',*,*,#1926,.T.);
#1464=ORIENTED_EDGE('',*,*,#1914,.T.);
#1465=CARTESIAN_POINT('',(0.150000000000003,1.0,-3.55999999999999));
#1466=DIRECTION('',(1.0,6.16873649862442E-16,0.0));
#1467=DIRECTION('',(-6.16873649862442E-16,1.0,0.0));
#1468=ORIENTED_EDGE('',*,*,#1927,.T.);
#1469=ORIENTED_EDGE('',*,*,#2160,.F.);
#1470=ORIENTED_EDGE('',*,*,#1957,.T.);
#1471=ORIENTED_EDGE('',*,*,#2161,.T.);
#1472=CARTESIAN_POINT('',(0.150000000000002,2.45,-3.55999999999999));
#1473=DIRECTION('',(0.0,-1.0,0.0));
#1474=DIRECTION('',(0.0,0.0,-1.0));
#1475=ORIENTED_EDGE('',*,*,#1928,.T.);
#1476=ORIENTED_EDGE('',*,*,#2161,.F.);
#1477=ORIENTED_EDGE('',*,*,#1956,.T.);
#1478=ORIENTED_EDGE('',*,*,#2162,.T.);
#1479=CARTESIAN_POINT('',(0.550000000000002,2.45,-3.55999999999999));
#1480=DIRECTION('',(1.0,3.77113799125393E-16,0.0));
#1481=DIRECTION('',(-3.77113799125393E-16,1.0,0.0));
#1482=ORIENTED_EDGE('',*,*,#1929,.T.);
#1483=ORIENTED_EDGE('',*,*,#2162,.F.);
#1484=ORIENTED_EDGE('',*,*,#1955,.T.);
#1485=ORIENTED_EDGE('',*,*,#2157,.T.);
#1486=CARTESIAN_POINT('',(0.550000000000002,3.6,-3.55999999999999));
#1487=DIRECTION('',(-0.0,1.0,0.0));
#1488=DIRECTION('',(1.0,0.0,0.0));
#1489=ORIENTED_EDGE('',*,*,#2163,.T.);
#1490=ORIENTED_EDGE('',*,*,#2164,.F.);
#1491=ORIENTED_EDGE('',*,*,#2165,.F.);
#1492=ORIENTED_EDGE('',*,*,#2166,.T.);
#1493=CARTESIAN_POINT('',(0.785,2.7,1.525));
#1494=DIRECTION('',(0.0,0.196116135138183,-0.98058067569092));
#1495=DIRECTION('',(-1.0,0.0,0.0));
#1496=ORIENTED_EDGE('',*,*,#2167,.T.);
#1497=ORIENTED_EDGE('',*,*,#2168,.F.);
#1498=ORIENTED_EDGE('',*,*,#2169,.F.);
#1499=ORIENTED_EDGE('',*,*,#2164,.T.);
#1500=CARTESIAN_POINT('',(0.785,1.7,1.325));
#1501=DIRECTION('',(0.0,1.0,5.42101086242751E-16));
#1502=DIRECTION('',(0.0,5.42101086242751E-16,-1.0));
#1503=ORIENTED_EDGE('',*,*,#2170,.T.);
#1504=ORIENTED_EDGE('',*,*,#2171,.F.);
#1505=ORIENTED_EDGE('',*,*,#2172,.F.);
#1506=ORIENTED_EDGE('',*,*,#2168,.T.);
#1507=CARTESIAN_POINT('',(0.785,1.7,0.924999999999999));
#1508=DIRECTION('',(0.0,0.209529088730873,0.97780241407741));
#1509=DIRECTION('',(1.0,-0.0,0.0));
#1510=ORIENTED_EDGE('',*,*,#2173,.F.);
#1511=ORIENTED_EDGE('',*,*,#2087,.T.);
#1512=ORIENTED_EDGE('',*,*,#2174,.F.);
#1513=ORIENTED_EDGE('',*,*,#2170,.F.);
#1514=ORIENTED_EDGE('',*,*,#2167,.F.);
#1515=ORIENTED_EDGE('',*,*,#2163,.F.);
#1516=CARTESIAN_POINT('',(0.465,0.0,0.0));
#1517=DIRECTION('',(1.0,0.0,0.0));
#1518=DIRECTION('',(0.0,1.0,0.0));
#1519=ORIENTED_EDGE('',*,*,#2085,.F.);
#1520=ORIENTED_EDGE('',*,*,#2175,.T.);
#1521=ORIENTED_EDGE('',*,*,#2165,.T.);
#1522=ORIENTED_EDGE('',*,*,#2169,.T.);
#1523=ORIENTED_EDGE('',*,*,#2172,.T.);
#1524=ORIENTED_EDGE('',*,*,#2176,.T.);
#1525=CARTESIAN_POINT('',(0.785,0.0,0.0));
#1526=DIRECTION('',(1.0,0.0,0.0));
#1527=DIRECTION('',(0.0,1.0,0.0));
#1528=ORIENTED_EDGE('',*,*,#2175,.F.);
#1529=ORIENTED_EDGE('',*,*,#2084,.T.);
#1530=ORIENTED_EDGE('',*,*,#2173,.T.);
#1531=ORIENTED_EDGE('',*,*,#2166,.F.);
#1532=CARTESIAN_POINT('',(0.785,5.1,1.525));
#1533=DIRECTION('',(0.0,1.80700362080917E-16,-1.0));
#1534=DIRECTION('',(-1.0,0.0,0.0));
#1535=ORIENTED_EDGE('',*,*,#2174,.T.);
#1536=ORIENTED_EDGE('',*,*,#2086,.T.);
#1537=ORIENTED_EDGE('',*,*,#2176,.F.);
#1538=ORIENTED_EDGE('',*,*,#2171,.T.);
#1539=CARTESIAN_POINT('',(0.785,2.4,0.774999999999999));
#1540=DIRECTION('',(0.0,0.0,1.0));
#1541=DIRECTION('',(1.0,0.0,0.0));
#1542=ORIENTED_EDGE('',*,*,#2177,.F.);
#1543=ORIENTED_EDGE('',*,*,#1995,.T.);
#1544=ORIENTED_EDGE('',*,*,#2178,.T.);
#1545=ORIENTED_EDGE('',*,*,#2179,.F.);
#1546=CARTESIAN_POINT('',(0.785,5.1,0.600000000000001));
#1547=DIRECTION('',(0.0,0.0,1.0));
#1548=DIRECTION('',(1.0,0.0,0.0));
#1549=ORIENTED_EDGE('',*,*,#2180,.T.);
#1550=ORIENTED_EDGE('',*,*,#1997,.T.);
#1551=ORIENTED_EDGE('',*,*,#2181,.F.);
#1552=ORIENTED_EDGE('',*,*,#2182,.T.);
#1553=CARTESIAN_POINT('',(0.785,5.9,1.175));
#1554=DIRECTION('',(0.0,0.0,-1.0));
#1555=DIRECTION('',(0.0,-1.0,0.0));
#1556=ORIENTED_EDGE('',*,*,#1996,.F.);
#1557=ORIENTED_EDGE('',*,*,#2177,.T.);
#1558=ORIENTED_EDGE('',*,*,#2183,.T.);
#1559=ORIENTED_EDGE('',*,*,#2184,.T.);
#1560=ORIENTED_EDGE('',*,*,#2185,.T.);
#1561=ORIENTED_EDGE('',*,*,#2186,.T.);
#1562=ORIENTED_EDGE('',*,*,#2187,.T.);
#1563=ORIENTED_EDGE('',*,*,#2188,.T.);
#1564=ORIENTED_EDGE('',*,*,#2189,.T.);
#1565=ORIENTED_EDGE('',*,*,#2181,.T.);
#1566=CARTESIAN_POINT('',(0.785,0.0,0.0));
#1567=DIRECTION('',(1.0,0.0,0.0));
#1568=DIRECTION('',(0.0,1.0,0.0));
#1569=ORIENTED_EDGE('',*,*,#2178,.F.);
#1570=ORIENTED_EDGE('',*,*,#1998,.T.);
#1571=ORIENTED_EDGE('',*,*,#2180,.F.);
#1572=ORIENTED_EDGE('',*,*,#2190,.F.);
#1573=ORIENTED_EDGE('',*,*,#2191,.F.);
#1574=ORIENTED_EDGE('',*,*,#2192,.F.);
#1575=ORIENTED_EDGE('',*,*,#2193,.F.);
#1576=ORIENTED_EDGE('',*,*,#2194,.F.);
#1577=ORIENTED_EDGE('',*,*,#2195,.F.);
#1578=ORIENTED_EDGE('',*,*,#2196,.F.);
#1579=CARTESIAN_POINT('',(0.465,0.0,0.0));
#1580=DIRECTION('',(1.0,0.0,0.0));
#1581=DIRECTION('',(0.0,1.0,0.0));
#1582=ORIENTED_EDGE('',*,*,#2196,.T.);
#1583=ORIENTED_EDGE('',*,*,#2197,.F.);
#1584=ORIENTED_EDGE('',*,*,#2183,.F.);
#1585=ORIENTED_EDGE('',*,*,#2179,.T.);
#1586=CARTESIAN_POINT('',(0.785,5.4,0.600000000000001));
#1587=DIRECTION('',(-0.0,1.0,0.0));
#1588=DIRECTION('',(1.0,0.0,0.0));
#1589=ORIENTED_EDGE('',*,*,#2195,.T.);
#1590=ORIENTED_EDGE('',*,*,#2198,.F.);
#1591=ORIENTED_EDGE('',*,*,#2184,.F.);
#1592=ORIENTED_EDGE('',*,*,#2197,.T.);
#1593=CARTESIAN_POINT('',(0.785,5.4,7.7715611723761E-16));
#1594=DIRECTION('',(0.0,0.707106781186547,0.707106781186548));
#1595=DIRECTION('',(1.0,-0.0,0.0));
#1596=ORIENTED_EDGE('',*,*,#2194,.T.);
#1597=ORIENTED_EDGE('',*,*,#2199,.F.);
#1598=ORIENTED_EDGE('',*,*,#2185,.F.);
#1599=ORIENTED_EDGE('',*,*,#2198,.T.);
#1600=CARTESIAN_POINT('',(0.785,5.6,-0.199999999999999));
#1601=DIRECTION('',(0.0,0.0,1.0));
#1602=DIRECTION('',(1.0,0.0,0.0));
#1603=ORIENTED_EDGE('',*,*,#2193,.T.);
#1604=ORIENTED_EDGE('',*,*,#2200,.F.);
#1605=ORIENTED_EDGE('',*,*,#2186,.F.);
#1606=ORIENTED_EDGE('',*,*,#2199,.T.);
#1607=CARTESIAN_POINT('',(0.785,6.0,-0.199999999999999));
#1608=DIRECTION('',(0.0,-0.707106781186547,0.707106781186548));
#1609=DIRECTION('',(-1.0,0.0,0.0));
#1610=ORIENTED_EDGE('',*,*,#2192,.T.);
#1611=ORIENTED_EDGE('',*,*,#2201,.F.);
#1612=ORIENTED_EDGE('',*,*,#2187,.F.);
#1613=ORIENTED_EDGE('',*,*,#2200,.T.);
#1614=CARTESIAN_POINT('',(0.785,6.2,7.21644966006352E-16));
#1615=DIRECTION('',(0.0,-1.0,0.0));
#1616=DIRECTION('',(0.0,0.0,-1.0));
#1617=ORIENTED_EDGE('',*,*,#2191,.T.);
#1618=ORIENTED_EDGE('',*,*,#2202,.F.);
#1619=ORIENTED_EDGE('',*,*,#2188,.F.);
#1620=ORIENTED_EDGE('',*,*,#2201,.T.);
#1621=CARTESIAN_POINT('',(0.785,6.2,0.300000000000001));
#1622=DIRECTION('',(0.0,1.80700362080917E-16,-1.0));
#1623=DIRECTION('',(-1.0,0.0,0.0));
#1624=ORIENTED_EDGE('',*,*,#2190,.T.);
#1625=ORIENTED_EDGE('',*,*,#2182,.F.);
#1626=ORIENTED_EDGE('',*,*,#2189,.F.);
#1627=ORIENTED_EDGE('',*,*,#2202,.T.);
#1628=CARTESIAN_POINT('',(0.785,5.9,0.300000000000001));
#1629=DIRECTION('',(0.0,-1.0,0.0));
#1630=DIRECTION('',(0.0,0.0,-1.0));
#1631=ORIENTED_EDGE('',*,*,#2128,.F.);
#1632=ORIENTED_EDGE('',*,*,#2118,.T.);
#1633=ORIENTED_EDGE('',*,*,#2203,.T.);
#1634=ORIENTED_EDGE('',*,*,#2204,.T.);
#1635=CARTESIAN_POINT('',(2.795,2.0,0.250000000000001));
#1636=DIRECTION('',(0.0,-1.0,0.0));
#1637=DIRECTION('',(0.0,0.0,1.0));
#1638=ORIENTED_EDGE('',*,*,#2205,.T.);
#1639=ORIENTED_EDGE('',*,*,#2206,.T.);
#1640=ORIENTED_EDGE('',*,*,#2207,.T.);
#1641=ORIENTED_EDGE('',*,*,#2208,.T.);
#1642=ORIENTED_EDGE('',*,*,#2124,.F.);
#1643=ORIENTED_EDGE('',*,*,#2204,.F.);
#1644=CARTESIAN_POINT('',(2.795,2.0,0.0500000000000011));
#1645=DIRECTION('',(0.0,0.0,1.0));
#1646=DIRECTION('',(1.0,0.0,0.0));
#1647=ORIENTED_EDGE('',*,*,#2207,.F.);
#1648=ORIENTED_EDGE('',*,*,#2209,.T.);
#1649=ORIENTED_EDGE('',*,*,#2210,.T.);
#1650=ORIENTED_EDGE('',*,*,#2211,.T.);
#1651=CARTESIAN_POINT('',(3.825,2.0,0.0500000000000011));
#1652=DIRECTION('',(1.0,0.0,0.0));
#1653=DIRECTION('',(0.0,1.0,0.0));
#1654=ORIENTED_EDGE('',*,*,#2210,.F.);
#1655=ORIENTED_EDGE('',*,*,#2212,.T.);
#1656=ORIENTED_EDGE('',*,*,#2213,.T.);
#1657=ORIENTED_EDGE('',*,*,#2214,.T.);
#1658=ORIENTED_EDGE('',*,*,#2126,.F.);
#1659=ORIENTED_EDGE('',*,*,#2215,.T.);
#1660=CARTESIAN_POINT('',(3.825,2.0,-0.199999999999999));
#1661=DIRECTION('',(0.0,0.0,-1.0));
#1662=DIRECTION('',(0.0,-1.0,0.0));
#1663=ORIENTED_EDGE('',*,*,#2216,.T.);
#1664=ORIENTED_EDGE('',*,*,#2122,.T.);
#1665=ORIENTED_EDGE('',*,*,#2127,.F.);
#1666=ORIENTED_EDGE('',*,*,#2214,.F.);
#1667=CARTESIAN_POINT('',(2.795,2.0,0.250000000000001));
#1668=DIRECTION('',(0.0,-1.0,0.0));
#1669=DIRECTION('',(0.0,0.0,1.0));
#1670=ORIENTED_EDGE('',*,*,#2213,.F.);
#1671=ORIENTED_EDGE('',*,*,#2217,.T.);
#1672=ORIENTED_EDGE('',*,*,#2205,.F.);
#1673=ORIENTED_EDGE('',*,*,#2203,.F.);
#1674=ORIENTED_EDGE('',*,*,#2123,.T.);
#1675=ORIENTED_EDGE('',*,*,#2216,.F.);
#1676=CARTESIAN_POINT('',(2.795,2.0,0.250000000000001));
#1677=DIRECTION('',(0.0,-1.0,0.0));
#1678=DIRECTION('',(0.0,0.0,-1.0));
#1679=ORIENTED_EDGE('',*,*,#2218,.F.);
#1680=ORIENTED_EDGE('',*,*,#2219,.T.);
#1681=ORIENTED_EDGE('',*,*,#2220,.T.);
#1682=ORIENTED_EDGE('',*,*,#2221,.T.);
#1683=CARTESIAN_POINT('',(-3.825,2.0,-0.199999999999999));
#1684=DIRECTION('',(-1.0,0.0,0.0));
#1685=DIRECTION('',(0.0,0.0,1.0));
#1686=ORIENTED_EDGE('',*,*,#2220,.F.);
#1687=ORIENTED_EDGE('',*,*,#2222,.T.);
#1688=ORIENTED_EDGE('',*,*,#2223,.T.);
#1689=ORIENTED_EDGE('',*,*,#2224,.T.);
#1690=ORIENTED_EDGE('',*,*,#2152,.F.);
#1691=ORIENTED_EDGE('',*,*,#2225,.T.);
#1692=CARTESIAN_POINT('',(-3.825,2.0,0.0500000000000011));
#1693=DIRECTION('',(-6.57889667770331E-18,0.0,1.0));
#1694=DIRECTION('',(1.0,-0.0,6.57889667770331E-18));
#1695=ORIENTED_EDGE('',*,*,#2226,.T.);
#1696=ORIENTED_EDGE('',*,*,#2141,.T.);
#1697=ORIENTED_EDGE('',*,*,#2153,.F.);
#1698=ORIENTED_EDGE('',*,*,#2224,.F.);
#1699=CARTESIAN_POINT('',(-2.795,2.0,0.250000000000001));
#1700=DIRECTION('',(0.0,-1.0,0.0));
#1701=DIRECTION('',(0.0,0.0,1.0));
#1702=ORIENTED_EDGE('',*,*,#2154,.F.);
#1703=ORIENTED_EDGE('',*,*,#2143,.T.);
#1704=ORIENTED_EDGE('',*,*,#2227,.T.);
#1705=ORIENTED_EDGE('',*,*,#2228,.T.);
#1706=CARTESIAN_POINT('',(-2.795,2.0,0.250000000000001));
#1707=DIRECTION('',(0.0,-1.0,0.0));
#1708=DIRECTION('',(0.0,0.0,1.0));
#1709=ORIENTED_EDGE('',*,*,#2229,.T.);
#1710=ORIENTED_EDGE('',*,*,#2230,.T.);
#1711=ORIENTED_EDGE('',*,*,#2218,.T.);
#1712=ORIENTED_EDGE('',*,*,#2231,.T.);
#1713=ORIENTED_EDGE('',*,*,#2150,.F.);
#1714=ORIENTED_EDGE('',*,*,#2228,.F.);
#1715=CARTESIAN_POINT('',(-2.795,2.0,-0.199999999999999));
#1716=DIRECTION('',(0.0,0.0,-1.0));
#1717=DIRECTION('',(0.0,-1.0,0.0));
#1718=ORIENTED_EDGE('',*,*,#2223,.F.);
#1719=ORIENTED_EDGE('',*,*,#2232,.T.);
#1720=ORIENTED_EDGE('',*,*,#2229,.F.);
#1721=ORIENTED_EDGE('',*,*,#2227,.F.);
#1722=ORIENTED_EDGE('',*,*,#2142,.T.);
#1723=ORIENTED_EDGE('',*,*,#2226,.F.);
#1724=CARTESIAN_POINT('',(-2.795,2.0,0.250000000000001));
#1725=DIRECTION('',(0.0,-1.0,0.0));
#1726=DIRECTION('',(0.0,0.0,-1.0));
#1727=ORIENTED_EDGE('',*,*,#2230,.F.);
#1728=ORIENTED_EDGE('',*,*,#2232,.F.);
#1729=ORIENTED_EDGE('',*,*,#2222,.F.);
#1730=ORIENTED_EDGE('',*,*,#2219,.F.);
#1731=CARTESIAN_POINT('',(-3.825,2.2,-0.199999999999999));
#1732=DIRECTION('',(0.707106781186548,0.707106781186548,0.0));
#1733=DIRECTION('',(0.0,0.0,-1.0));
#1734=ORIENTED_EDGE('',*,*,#2231,.F.);
#1735=ORIENTED_EDGE('',*,*,#2221,.F.);
#1736=ORIENTED_EDGE('',*,*,#2225,.F.);
#1737=ORIENTED_EDGE('',*,*,#2151,.F.);
#1738=CARTESIAN_POINT('',(-3.625,4.2,1.87928376564154E-14));
#1739=DIRECTION('',(0.707106781186547,-0.707106781186549,-2.55548902780562E-15));
#1740=DIRECTION('',(0.0,3.61400724161834E-15,-1.0));
#1741=ORIENTED_EDGE('',*,*,#2206,.F.);
#1742=ORIENTED_EDGE('',*,*,#2217,.F.);
#1743=ORIENTED_EDGE('',*,*,#2212,.F.);
#1744=ORIENTED_EDGE('',*,*,#2209,.F.);
#1745=CARTESIAN_POINT('',(3.825,2.2,0.0500000000000011));
#1746=DIRECTION('',(-0.707106781186548,0.707106781186548,0.0));
#1747=DIRECTION('',(0.0,0.0,1.0));
#1748=ORIENTED_EDGE('',*,*,#2208,.F.);
#1749=ORIENTED_EDGE('',*,*,#2211,.F.);
#1750=ORIENTED_EDGE('',*,*,#2215,.F.);
#1751=ORIENTED_EDGE('',*,*,#2125,.F.);
#1752=CARTESIAN_POINT('',(3.625,4.20000000000001,2.0672121422057E-14));
#1753=DIRECTION('',(-0.707106781186546,-0.707106781186549,-2.81103793058619E-15));
#1754=DIRECTION('',(-0.707106781186549,0.707106781186546,0.0));
#1755=ORIENTED_EDGE('',*,*,#2233,.T.);
#1756=ORIENTED_EDGE('',*,*,#2234,.F.);
#1757=ORIENTED_EDGE('',*,*,#2235,.F.);
#1758=ORIENTED_EDGE('',*,*,#2236,.T.);
#1759=CARTESIAN_POINT('',(-0.465,2.7,1.525));
#1760=DIRECTION('',(0.0,0.196116135138183,-0.98058067569092));
#1761=DIRECTION('',(-1.0,0.0,0.0));
#1762=ORIENTED_EDGE('',*,*,#2237,.T.);
#1763=ORIENTED_EDGE('',*,*,#2238,.F.);
#1764=ORIENTED_EDGE('',*,*,#2239,.F.);
#1765=ORIENTED_EDGE('',*,*,#2234,.T.);
#1766=CARTESIAN_POINT('',(-0.465,1.7,1.325));
#1767=DIRECTION('',(0.0,1.0,5.42101086242751E-16));
#1768=DIRECTION('',(0.0,5.42101086242751E-16,-1.0));
#1769=ORIENTED_EDGE('',*,*,#2240,.T.);
#1770=ORIENTED_EDGE('',*,*,#2241,.F.);
#1771=ORIENTED_EDGE('',*,*,#2242,.F.);
#1772=ORIENTED_EDGE('',*,*,#2238,.T.);
#1773=CARTESIAN_POINT('',(-0.465,1.7,0.924999999999999));
#1774=DIRECTION('',(0.0,0.209529088730873,0.97780241407741));
#1775=DIRECTION('',(1.0,-0.0,0.0));
#1776=ORIENTED_EDGE('',*,*,#2243,.F.);
#1777=ORIENTED_EDGE('',*,*,#2083,.T.);
#1778=ORIENTED_EDGE('',*,*,#2244,.F.);
#1779=ORIENTED_EDGE('',*,*,#2240,.F.);
#1780=ORIENTED_EDGE('',*,*,#2237,.F.);
#1781=ORIENTED_EDGE('',*,*,#2233,.F.);
#1782=CARTESIAN_POINT('',(-0.785,0.0,0.0));
#1783=DIRECTION('',(1.0,0.0,0.0));
#1784=DIRECTION('',(0.0,1.0,0.0));
#1785=ORIENTED_EDGE('',*,*,#2081,.F.);
#1786=ORIENTED_EDGE('',*,*,#2245,.T.);
#1787=ORIENTED_EDGE('',*,*,#2235,.T.);
#1788=ORIENTED_EDGE('',*,*,#2239,.T.);
#1789=ORIENTED_EDGE('',*,*,#2242,.T.);
#1790=ORIENTED_EDGE('',*,*,#2246,.T.);
#1791=CARTESIAN_POINT('',(-0.465,0.0,0.0));
#1792=DIRECTION('',(1.0,0.0,0.0));
#1793=DIRECTION('',(0.0,1.0,0.0));
#1794=ORIENTED_EDGE('',*,*,#2245,.F.);
#1795=ORIENTED_EDGE('',*,*,#2080,.T.);
#1796=ORIENTED_EDGE('',*,*,#2243,.T.);
#1797=ORIENTED_EDGE('',*,*,#2236,.F.);
#1798=CARTESIAN_POINT('',(-0.465,5.1,1.525));
#1799=DIRECTION('',(0.0,1.80700362080917E-16,-1.0));
#1800=DIRECTION('',(-1.0,0.0,0.0));
#1801=ORIENTED_EDGE('',*,*,#2244,.T.);
#1802=ORIENTED_EDGE('',*,*,#2082,.T.);
#1803=ORIENTED_EDGE('',*,*,#2246,.F.);
#1804=ORIENTED_EDGE('',*,*,#2241,.T.);
#1805=CARTESIAN_POINT('',(-0.465,2.4,0.774999999999999));
#1806=DIRECTION('',(0.0,0.0,1.0));
#1807=DIRECTION('',(1.0,0.0,0.0));
#1808=ORIENTED_EDGE('',*,*,#2247,.F.);
#1809=ORIENTED_EDGE('',*,*,#1991,.T.);
#1810=ORIENTED_EDGE('',*,*,#2248,.T.);
#1811=ORIENTED_EDGE('',*,*,#2249,.F.);
#1812=CARTESIAN_POINT('',(-0.465,5.1,0.600000000000001));
#1813=DIRECTION('',(0.0,0.0,1.0));
#1814=DIRECTION('',(1.0,0.0,0.0));
#1815=ORIENTED_EDGE('',*,*,#2250,.T.);
#1816=ORIENTED_EDGE('',*,*,#1993,.T.);
#1817=ORIENTED_EDGE('',*,*,#2251,.F.);
#1818=ORIENTED_EDGE('',*,*,#2252,.T.);
#1819=CARTESIAN_POINT('',(-0.465,5.9,1.175));
#1820=DIRECTION('',(0.0,0.0,-1.0));
#1821=DIRECTION('',(0.0,-1.0,0.0));
#1822=ORIENTED_EDGE('',*,*,#1992,.F.);
#1823=ORIENTED_EDGE('',*,*,#2247,.T.);
#1824=ORIENTED_EDGE('',*,*,#2253,.T.);
#1825=ORIENTED_EDGE('',*,*,#2254,.T.);
#1826=ORIENTED_EDGE('',*,*,#2255,.T.);
#1827=ORIENTED_EDGE('',*,*,#2256,.T.);
#1828=ORIENTED_EDGE('',*,*,#2257,.T.);
#1829=ORIENTED_EDGE('',*,*,#2258,.T.);
#1830=ORIENTED_EDGE('',*,*,#2259,.T.);
#1831=ORIENTED_EDGE('',*,*,#2251,.T.);
#1832=CARTESIAN_POINT('',(-0.465,0.0,0.0));
#1833=DIRECTION('',(1.0,0.0,0.0));
#1834=DIRECTION('',(0.0,1.0,0.0));
#1835=ORIENTED_EDGE('',*,*,#2248,.F.);
#1836=ORIENTED_EDGE('',*,*,#1994,.T.);
#1837=ORIENTED_EDGE('',*,*,#2250,.F.);
#1838=ORIENTED_EDGE('',*,*,#2260,.F.);
#1839=ORIENTED_EDGE('',*,*,#2261,.F.);
#1840=ORIENTED_EDGE('',*,*,#2262,.F.);
#1841=ORIENTED_EDGE('',*,*,#2263,.F.);
#1842=ORIENTED_EDGE('',*,*,#2264,.F.);
#1843=ORIENTED_EDGE('',*,*,#2265,.F.);
#1844=ORIENTED_EDGE('',*,*,#2266,.F.);
#1845=CARTESIAN_POINT('',(-0.785,0.0,0.0));
#1846=DIRECTION('',(1.0,0.0,0.0));
#1847=DIRECTION('',(0.0,1.0,0.0));
#1848=ORIENTED_EDGE('',*,*,#2266,.T.);
#1849=ORIENTED_EDGE('',*,*,#2267,.F.);
#1850=ORIENTED_EDGE('',*,*,#2253,.F.);
#1851=ORIENTED_EDGE('',*,*,#2249,.T.);
#1852=CARTESIAN_POINT('',(-0.465,5.4,0.600000000000001));
#1853=DIRECTION('',(-0.0,1.0,0.0));
#1854=DIRECTION('',(1.0,0.0,0.0));
#1855=ORIENTED_EDGE('',*,*,#2265,.T.);
#1856=ORIENTED_EDGE('',*,*,#2268,.F.);
#1857=ORIENTED_EDGE('',*,*,#2254,.F.);
#1858=ORIENTED_EDGE('',*,*,#2267,.T.);
#1859=CARTESIAN_POINT('',(-0.465,5.4,7.7715611723761E-16));
#1860=DIRECTION('',(0.0,0.707106781186547,0.707106781186548));
#1861=DIRECTION('',(1.0,-0.0,0.0));
#1862=ORIENTED_EDGE('',*,*,#2264,.T.);
#1863=ORIENTED_EDGE('',*,*,#2269,.F.);
#1864=ORIENTED_EDGE('',*,*,#2255,.F.);
#1865=ORIENTED_EDGE('',*,*,#2268,.T.);
#1866=CARTESIAN_POINT('',(-0.465,5.6,-0.199999999999999));
#1867=DIRECTION('',(0.0,0.0,1.0));
#1868=DIRECTION('',(1.0,0.0,0.0));
#1869=ORIENTED_EDGE('',*,*,#2263,.T.);
#1870=ORIENTED_EDGE('',*,*,#2270,.F.);
#1871=ORIENTED_EDGE('',*,*,#2256,.F.);
#1872=ORIENTED_EDGE('',*,*,#2269,.T.);
#1873=CARTESIAN_POINT('',(-0.465,6.0,-0.199999999999999));
#1874=DIRECTION('',(0.0,-0.707106781186547,0.707106781186548));
#1875=DIRECTION('',(-1.0,0.0,0.0));
#1876=ORIENTED_EDGE('',*,*,#2262,.T.);
#1877=ORIENTED_EDGE('',*,*,#2271,.F.);
#1878=ORIENTED_EDGE('',*,*,#2257,.F.);
#1879=ORIENTED_EDGE('',*,*,#2270,.T.);
#1880=CARTESIAN_POINT('',(-0.465,6.2,7.21644966006352E-16));
#1881=DIRECTION('',(0.0,-1.0,0.0));
#1882=DIRECTION('',(0.0,0.0,-1.0));
#1883=ORIENTED_EDGE('',*,*,#2261,.T.);
#1884=ORIENTED_EDGE('',*,*,#2272,.F.);
#1885=ORIENTED_EDGE('',*,*,#2258,.F.);
#1886=ORIENTED_EDGE('',*,*,#2271,.T.);
#1887=CARTESIAN_POINT('',(-0.465,6.2,0.300000000000001));
#1888=DIRECTION('',(0.0,1.80700362080917E-16,-1.0));
#1889=DIRECTION('',(-1.0,0.0,0.0));
#1890=ORIENTED_EDGE('',*,*,#2260,.T.);
#1891=ORIENTED_EDGE('',*,*,#2252,.F.);
#1892=ORIENTED_EDGE('',*,*,#2259,.F.);
#1893=ORIENTED_EDGE('',*,*,#2272,.T.);
#1894=CARTESIAN_POINT('',(-0.465,5.9,0.300000000000001));
#1895=DIRECTION('',(0.0,-1.0,0.0));
#1896=DIRECTION('',(0.0,0.0,-1.0));
#1897=COLOUR_RGB('',0.596063196659088,0.666666686534882,0.686259269714355);
#1898=EDGE_CURVE('',#2273,#2274,#2275,.T.);
#1899=EDGE_CURVE('',#2273,#2276,#2277,.T.);
#1900=EDGE_CURVE('',#2278,#2276,#2279,.T.);
#1901=EDGE_CURVE('',#2278,#2274,#2280,.T.);
#1902=EDGE_CURVE('',#2281,#2282,#2283,.T.);
#1903=EDGE_CURVE('',#2281,#2284,#2285,.T.);
#1904=EDGE_CURVE('',#2286,#2284,#2287,.T.);
#1905=EDGE_CURVE('',#2286,#2282,#2288,.T.);
#1906=EDGE_CURVE('',#2289,#2290,#2291,.T.);
#1907=EDGE_CURVE('',#2289,#2292,#2293,.T.);
#1908=EDGE_CURVE('',#2292,#2294,#2295,.T.);
#1909=EDGE_CURVE('',#2294,#2290,#2296,.T.);
#1910=EDGE_CURVE('',#2297,#2298,#2299,.T.);
#1911=EDGE_CURVE('',#2297,#2300,#2301,.T.);
#1912=EDGE_CURVE('',#2300,#2302,#2303,.T.);
#1913=EDGE_CURVE('',#2302,#2298,#2304,.T.);
#1914=EDGE_CURVE('',#2305,#2306,#2307,.T.);
#1915=EDGE_CURVE('',#2308,#2305,#2309,.T.);
#1916=EDGE_CURVE('',#2310,#2308,#2311,.T.);
#1917=EDGE_CURVE('',#2312,#2310,#2313,.T.);
#1918=EDGE_CURVE('',#2312,#2314,#2315,.T.);
#1919=EDGE_CURVE('',#2316,#2314,#2317,.T.);
#1920=EDGE_CURVE('',#2318,#2316,#2319,.T.);
#1921=EDGE_CURVE('',#2320,#2318,#2321,.T.);
#1922=EDGE_CURVE('',#2320,#2322,#2323,.T.);
#1923=EDGE_CURVE('',#2324,#2322,#2325,.T.);
#1924=EDGE_CURVE('',#2324,#2326,#2327,.T.);
#1925=EDGE_CURVE('',#2326,#2306,#2328,.T.);
#1926=EDGE_CURVE('',#2329,#2305,#2330,.T.);
#1927=EDGE_CURVE('',#2331,#2329,#2332,.T.);
#1928=EDGE_CURVE('',#2333,#2331,#2334,.T.);
#1929=EDGE_CURVE('',#2335,#2333,#2336,.T.);
#1930=EDGE_CURVE('',#2337,#2335,#2338,.T.);
#1931=EDGE_CURVE('',#2339,#2337,#2340,.T.);
#1932=EDGE_CURVE('',#2341,#2339,#2342,.T.);
#1933=EDGE_CURVE('',#2341,#2343,#2344,.T.);
#1934=EDGE_CURVE('',#2345,#2343,#2346,.T.);
#1935=EDGE_CURVE('',#2347,#2345,#2348,.T.);
#1936=EDGE_CURVE('',#2349,#2347,#2350,.T.);
#1937=EDGE_CURVE('',#2349,#2351,#2352,.T.);
#1938=EDGE_CURVE('',#2351,#2353,#2354,.T.);
#1939=EDGE_CURVE('',#2355,#2353,#2356,.T.);
#1940=EDGE_CURVE('',#2357,#2355,#2358,.T.);
#1941=EDGE_CURVE('',#2359,#2357,#2360,.T.);
#1942=EDGE_CURVE('',#2361,#2359,#2362,.T.);
#1943=EDGE_CURVE('',#2363,#2361,#2364,.T.);
#1944=EDGE_CURVE('',#2365,#2363,#2366,.T.);
#1945=EDGE_CURVE('',#2367,#2365,#2368,.T.);
#1946=EDGE_CURVE('',#2369,#2367,#2370,.T.);
#1947=EDGE_CURVE('',#2371,#2369,#2372,.T.);
#1948=EDGE_CURVE('',#2316,#2371,#2373,.T.);
#1949=EDGE_CURVE('',#2374,#2314,#2375,.T.);
#1950=EDGE_CURVE('',#2376,#2374,#2377,.T.);
#1951=EDGE_CURVE('',#2308,#2376,#2378,.T.);
#1952=EDGE_CURVE('',#2379,#2380,#2381,.T.);
#1953=EDGE_CURVE('',#2382,#2379,#2383,.T.);
#1954=EDGE_CURVE('',#2384,#2382,#2385,.T.);
#1955=EDGE_CURVE('',#2386,#2384,#2387,.T.);
#1956=EDGE_CURVE('',#2388,#2386,#2389,.T.);
#1957=EDGE_CURVE('',#2390,#2388,#2391,.T.);
#1958=EDGE_CURVE('',#2392,#2390,#2393,.T.);
#1959=EDGE_CURVE('',#2392,#2394,#2395,.T.);
#1960=EDGE_CURVE('',#2394,#2396,#2397,.T.);
#1961=EDGE_CURVE('',#2396,#2398,#2399,.T.);
#1962=EDGE_CURVE('',#2400,#2398,#2401,.T.);
#1963=EDGE_CURVE('',#2400,#2380,#2402,.T.);
#1964=EDGE_CURVE('',#2380,#2403,#2404,.T.);
#1965=EDGE_CURVE('',#2405,#2400,#2406,.T.);
#1966=EDGE_CURVE('',#2403,#2405,#2407,.T.);
#1967=EDGE_CURVE('',#2408,#2409,#2410,.T.);
#1968=EDGE_CURVE('',#2408,#2411,#2412,.T.);
#1969=EDGE_CURVE('',#2413,#2411,#2414,.T.);
#1970=EDGE_CURVE('',#2353,#2413,#2415,.T.);
#1971=EDGE_CURVE('',#2409,#2351,#2416,.T.);
#1972=EDGE_CURVE('',#2417,#2418,#2419,.T.);
#1973=EDGE_CURVE('',#2420,#2417,#2421,.T.);
#1974=EDGE_CURVE('',#2420,#2422,#2423,.T.);
#1975=EDGE_CURVE('',#2422,#2418,#2424,.T.);
#1976=EDGE_CURVE('',#2341,#2403,#2425,.T.);
#1977=EDGE_CURVE('',#2405,#2426,#2427,.T.);
#1978=EDGE_CURVE('',#2428,#2426,#2429,.T.);
#1979=EDGE_CURVE('',#2428,#2430,#2431,.T.);
#1980=EDGE_CURVE('',#2409,#2430,#2432,.T.);
#1981=EDGE_CURVE('',#2433,#2349,#2434,.T.);
#1982=EDGE_CURVE('',#2435,#2433,#2436,.T.);
#1983=EDGE_CURVE('',#2435,#2343,#2437,.T.);
#1984=EDGE_CURVE('',#2438,#2439,#2440,.T.);
#1985=EDGE_CURVE('',#2441,#2438,#2442,.T.);
#1986=EDGE_CURVE('',#2441,#2413,#2443,.T.);
#1987=EDGE_CURVE('',#2444,#2411,#2445,.T.);
#1988=EDGE_CURVE('',#2446,#2444,#2447,.T.);
#1989=EDGE_CURVE('',#2448,#2446,#2449,.T.);
#1990=EDGE_CURVE('',#2439,#2448,#2450,.T.);
#1991=EDGE_CURVE('',#2451,#2452,#2453,.T.);
#1992=EDGE_CURVE('',#2451,#2454,#2455,.T.);
#1993=EDGE_CURVE('',#2456,#2454,#2457,.T.);
#1994=EDGE_CURVE('',#2452,#2456,#2458,.T.);
#1995=EDGE_CURVE('',#2459,#2460,#2461,.T.);
#1996=EDGE_CURVE('',#2459,#2462,#2463,.T.);
#1997=EDGE_CURVE('',#2464,#2462,#2465,.T.);
#1998=EDGE_CURVE('',#2460,#2464,#2466,.T.);
#1999=EDGE_CURVE('',#2371,#2441,#2467,.T.);
#2000=EDGE_CURVE('',#2468,#2369,#2469,.T.);
#2001=EDGE_CURVE('',#2470,#2468,#2471,.T.);
#2002=EDGE_CURVE('',#2470,#2363,#2472,.T.);
#2003=EDGE_CURVE('',#2473,#2361,#2474,.T.);
#2004=EDGE_CURVE('',#2475,#2473,#2476,.T.);
#2005=EDGE_CURVE('',#2475,#2355,#2477,.T.);
#2006=EDGE_CURVE('',#2478,#2479,#2480,.T.);
#2007=EDGE_CURVE('',#2481,#2478,#2482,.T.);
#2008=EDGE_CURVE('',#2481,#2483,#2484,.T.);
#2009=EDGE_CURVE('',#2483,#2479,#2485,.T.);
#2010=EDGE_CURVE('',#2318,#2486,#2487,.T.);
#2011=EDGE_CURVE('',#2486,#2438,#2488,.T.);
#2012=EDGE_CURVE('',#2489,#2347,#2490,.T.);
#2013=EDGE_CURVE('',#2433,#2489,#2491,.T.);
#2014=EDGE_CURVE('',#2492,#2345,#2493,.T.);
#2015=EDGE_CURVE('',#2489,#2492,#2494,.T.);
#2016=EDGE_CURVE('',#2492,#2435,#2495,.T.);
#2017=EDGE_CURVE('',#2496,#2475,#2497,.T.);
#2018=EDGE_CURVE('',#2496,#2357,#2498,.T.);
#2019=EDGE_CURVE('',#2499,#2359,#2500,.T.);
#2020=EDGE_CURVE('',#2473,#2499,#2501,.T.);
#2021=EDGE_CURVE('',#2499,#2496,#2502,.T.);
#2022=EDGE_CURVE('',#2503,#2376,#2504,.T.);
#2023=EDGE_CURVE('',#2310,#2503,#2505,.T.);
#2024=EDGE_CURVE('',#2506,#2374,#2507,.T.);
#2025=EDGE_CURVE('',#2503,#2506,#2508,.T.);
#2026=EDGE_CURVE('',#2506,#2312,#2509,.T.);
#2027=EDGE_CURVE('',#2510,#2470,#2511,.T.);
#2028=EDGE_CURVE('',#2510,#2365,#2512,.T.);
#2029=EDGE_CURVE('',#2513,#2367,#2514,.T.);
#2030=EDGE_CURVE('',#2468,#2513,#2515,.T.);
#2031=EDGE_CURVE('',#2513,#2510,#2516,.T.);
#2032=EDGE_CURVE('',#2426,#2517,#2518,.T.);
#2033=EDGE_CURVE('',#2517,#2519,#2520,.T.);
#2034=EDGE_CURVE('',#2428,#2519,#2521,.T.);
#2035=EDGE_CURVE('',#2426,#2522,#2523,.T.);
#2036=EDGE_CURVE('',#2522,#2524,#2525,.T.);
#2037=EDGE_CURVE('',#2524,#2517,#2526,.T.);
#2038=EDGE_CURVE('',#2298,#2524,#2527,.T.);
#2039=EDGE_CURVE('',#2522,#2297,#2528,.T.);
#2040=EDGE_CURVE('',#2300,#2400,#2529,.T.);
#2041=EDGE_CURVE('',#2398,#2302,#2530,.T.);
#2042=EDGE_CURVE('',#2394,#2531,#2532,.T.);
#2043=EDGE_CURVE('',#2531,#2533,#2534,.T.);
#2044=EDGE_CURVE('',#2533,#2396,#2535,.T.);
#2045=EDGE_CURVE('',#2290,#2533,#2536,.T.);
#2046=EDGE_CURVE('',#2531,#2289,#2537,.T.);
#2047=EDGE_CURVE('',#2292,#2324,#2538,.T.);
#2048=EDGE_CURVE('',#2324,#2539,#2540,.T.);
#2049=EDGE_CURVE('',#2539,#2294,#2541,.T.);
#2050=EDGE_CURVE('',#2322,#2542,#2543,.T.);
#2051=EDGE_CURVE('',#2542,#2539,#2544,.T.);
#2052=EDGE_CURVE('',#2322,#2286,#2545,.T.);
#2053=EDGE_CURVE('',#2284,#2542,#2546,.T.);
#2054=EDGE_CURVE('',#2282,#2547,#2548,.T.);
#2055=EDGE_CURVE('',#2547,#2549,#2550,.T.);
#2056=EDGE_CURVE('',#2549,#2281,#2551,.T.);
#2057=EDGE_CURVE('',#2547,#2552,#2553,.T.);
#2058=EDGE_CURVE('',#2552,#2554,#2555,.T.);
#2059=EDGE_CURVE('',#2556,#2554,#2557,.T.);
#2060=EDGE_CURVE('',#2556,#2558,#2559,.T.);
#2061=EDGE_CURVE('',#2558,#2560,#2561,.T.);
#2062=EDGE_CURVE('',#2560,#2549,#2562,.T.);
#2063=EDGE_CURVE('',#2563,#2564,#2565,.T.);
#2064=EDGE_CURVE('',#2564,#2566,#2567,.T.);
#2065=EDGE_CURVE('',#2566,#2568,#2569,.T.);
#2066=EDGE_CURVE('',#2568,#2560,#2570,.T.);
#2067=EDGE_CURVE('',#2558,#2571,#2572,.T.);
#2068=EDGE_CURVE('',#2571,#2573,#2574,.T.);
#2069=EDGE_CURVE('',#2573,#2563,#2575,.T.);
#2070=EDGE_CURVE('',#2576,#2577,#2578,.T.);
#2071=EDGE_CURVE('',#2576,#2278,#2579,.T.);
#2072=EDGE_CURVE('',#2276,#2568,#2580,.T.);
#2073=EDGE_CURVE('',#2566,#2581,#2582,.T.);
#2074=EDGE_CURVE('',#2577,#2581,#2583,.T.);
#2075=EDGE_CURVE('',#2274,#2584,#2585,.T.);
#2076=EDGE_CURVE('',#2584,#2586,#2587,.T.);
#2077=EDGE_CURVE('',#2586,#2273,#2588,.T.);
#2078=EDGE_CURVE('',#2584,#2428,#2589,.T.);
#2079=EDGE_CURVE('',#2519,#2586,#2590,.T.);
#2080=EDGE_CURVE('',#2591,#2592,#2593,.T.);
#2081=EDGE_CURVE('',#2591,#2594,#2595,.T.);
#2082=EDGE_CURVE('',#2596,#2594,#2597,.T.);
#2083=EDGE_CURVE('',#2592,#2596,#2598,.T.);
#2084=EDGE_CURVE('',#2599,#2600,#2601,.T.);
#2085=EDGE_CURVE('',#2599,#2602,#2603,.T.);
#2086=EDGE_CURVE('',#2604,#2602,#2605,.T.);
#2087=EDGE_CURVE('',#2600,#2604,#2606,.T.);
#2088=EDGE_CURVE('',#2430,#2576,#2607,.T.);
#2089=EDGE_CURVE('',#2408,#2577,#2608,.T.);
#2090=EDGE_CURVE('',#2439,#2609,#2610,.T.);
#2091=EDGE_CURVE('',#2609,#2556,#2611,.T.);
#2092=EDGE_CURVE('',#2554,#2486,#2612,.T.);
#2093=EDGE_CURVE('',#2571,#2609,#2613,.T.);
#2094=EDGE_CURVE('',#2448,#2614,#2615,.T.);
#2095=EDGE_CURVE('',#2614,#2573,#2616,.T.);
#2096=EDGE_CURVE('',#2446,#2617,#2618,.T.);
#2097=EDGE_CURVE('',#2617,#2614,#2619,.T.);
#2098=EDGE_CURVE('',#2444,#2620,#2621,.T.);
#2099=EDGE_CURVE('',#2620,#2564,#2622,.T.);
#2100=EDGE_CURVE('',#2563,#2617,#2623,.T.);
#2101=EDGE_CURVE('',#2581,#2620,#2624,.T.);
#2102=EDGE_CURVE('',#2552,#2320,#2625,.T.);
#2103=EDGE_CURVE('',#2479,#2626,#2627,.T.);
#2104=EDGE_CURVE('',#2483,#2628,#2629,.T.);
#2105=EDGE_CURVE('',#2628,#2626,#2630,.T.);
#2106=EDGE_CURVE('',#2626,#2631,#2632,.T.);
#2107=EDGE_CURVE('',#2628,#2633,#2634,.T.);
#2108=EDGE_CURVE('',#2633,#2631,#2635,.T.);
#2109=EDGE_CURVE('',#2631,#2636,#2637,.T.);
#2110=EDGE_CURVE('',#2633,#2638,#2639,.T.);
#2111=EDGE_CURVE('',#2638,#2636,#2640,.T.);
#2112=EDGE_CURVE('',#2636,#2641,#2642,.T.);
#2113=EDGE_CURVE('',#2638,#2643,#2644,.T.);
#2114=EDGE_CURVE('',#2643,#2641,#2645,.T.);
#2115=EDGE_CURVE('',#2641,#2646,#2647,.T.);
#2116=EDGE_CURVE('',#2643,#2648,#2649,.T.);
#2117=EDGE_CURVE('',#2648,#2646,#2650,.T.);
#2118=EDGE_CURVE('',#2651,#2652,#2653,.T.);
#2119=EDGE_CURVE('',#2646,#2651,#2654,.T.);
#2120=EDGE_CURVE('',#2648,#2481,#2655,.T.);
#2121=EDGE_CURVE('',#2656,#2478,#2657,.T.);
#2122=EDGE_CURVE('',#2658,#2656,#2659,.T.);
#2123=EDGE_CURVE('',#2652,#2658,#2660,.T.);
#2124=EDGE_CURVE('',#2661,#2662,#2663,.T.);
#2125=EDGE_CURVE('',#2662,#2664,#2665,.T.);
#2126=EDGE_CURVE('',#2664,#2666,#2667,.T.);
#2127=EDGE_CURVE('',#2666,#2656,#2668,.T.);
#2128=EDGE_CURVE('',#2651,#2661,#2669,.T.);
#2129=EDGE_CURVE('',#2670,#2671,#2672,.T.);
#2130=EDGE_CURVE('',#2673,#2670,#2674,.T.);
#2131=EDGE_CURVE('',#2673,#2675,#2676,.T.);
#2132=EDGE_CURVE('',#2675,#2671,#2677,.T.);
#2133=EDGE_CURVE('',#2671,#2678,#2679,.T.);
#2134=EDGE_CURVE('',#2675,#2680,#2681,.T.);
#2135=EDGE_CURVE('',#2680,#2678,#2682,.T.);
#2136=EDGE_CURVE('',#2678,#2683,#2684,.T.);
#2137=EDGE_CURVE('',#2680,#2685,#2686,.T.);
#2138=EDGE_CURVE('',#2685,#2683,#2687,.T.);
#2139=EDGE_CURVE('',#2683,#2417,#2688,.T.);
#2140=EDGE_CURVE('',#2685,#2420,#2689,.T.);
#2141=EDGE_CURVE('',#2690,#2691,#2692,.T.);
#2142=EDGE_CURVE('',#2693,#2690,#2694,.T.);
#2143=EDGE_CURVE('',#2695,#2693,#2696,.T.);
#2144=EDGE_CURVE('',#2418,#2695,#2697,.T.);
#2145=EDGE_CURVE('',#2422,#2698,#2699,.T.);
#2146=EDGE_CURVE('',#2698,#2700,#2701,.T.);
#2147=EDGE_CURVE('',#2691,#2700,#2702,.T.);
#2148=EDGE_CURVE('',#2700,#2670,#2703,.T.);
#2149=EDGE_CURVE('',#2698,#2673,#2704,.T.);
#2150=EDGE_CURVE('',#2705,#2706,#2707,.T.);
#2151=EDGE_CURVE('',#2706,#2708,#2709,.T.);
#2152=EDGE_CURVE('',#2708,#2710,#2711,.T.);
#2153=EDGE_CURVE('',#2710,#2691,#2712,.T.);
#2154=EDGE_CURVE('',#2695,#2705,#2713,.T.);
#2155=EDGE_CURVE('',#2326,#2394,#2714,.T.);
#2156=EDGE_CURVE('',#2306,#2392,#2715,.T.);
#2157=EDGE_CURVE('',#2384,#2335,#2716,.T.);
#2158=EDGE_CURVE('',#2382,#2337,#2717,.T.);
#2159=EDGE_CURVE('',#2379,#2339,#2718,.T.);
#2160=EDGE_CURVE('',#2390,#2329,#2719,.T.);
#2161=EDGE_CURVE('',#2388,#2331,#2720,.T.);
#2162=EDGE_CURVE('',#2386,#2333,#2721,.T.);
#2163=EDGE_CURVE('',#2722,#2723,#2724,.T.);
#2164=EDGE_CURVE('',#2725,#2723,#2726,.T.);
#2165=EDGE_CURVE('',#2727,#2725,#2728,.T.);
#2166=EDGE_CURVE('',#2727,#2722,#2729,.T.);
#2167=EDGE_CURVE('',#2723,#2730,#2731,.T.);
#2168=EDGE_CURVE('',#2732,#2730,#2733,.T.);
#2169=EDGE_CURVE('',#2725,#2732,#2734,.T.);
#2170=EDGE_CURVE('',#2730,#2735,#2736,.T.);
#2171=EDGE_CURVE('',#2737,#2735,#2738,.T.);
#2172=EDGE_CURVE('',#2732,#2737,#2739,.T.);
#2173=EDGE_CURVE('',#2600,#2722,#2740,.T.);
#2174=EDGE_CURVE('',#2735,#2604,#2741,.T.);
#2175=EDGE_CURVE('',#2599,#2727,#2742,.T.);
#2176=EDGE_CURVE('',#2737,#2602,#2743,.T.);
#2177=EDGE_CURVE('',#2459,#2744,#2745,.T.);
#2178=EDGE_CURVE('',#2460,#2746,#2747,.T.);
#2179=EDGE_CURVE('',#2744,#2746,#2748,.T.);
#2180=EDGE_CURVE('',#2749,#2464,#2750,.T.);
#2181=EDGE_CURVE('',#2751,#2462,#2752,.T.);
#2182=EDGE_CURVE('',#2751,#2749,#2753,.T.);
#2183=EDGE_CURVE('',#2744,#2754,#2755,.T.);
#2184=EDGE_CURVE('',#2754,#2756,#2757,.T.);
#2185=EDGE_CURVE('',#2756,#2758,#2759,.T.);
#2186=EDGE_CURVE('',#2758,#2760,#2761,.T.);
#2187=EDGE_CURVE('',#2760,#2762,#2763,.T.);
#2188=EDGE_CURVE('',#2762,#2764,#2765,.T.);
#2189=EDGE_CURVE('',#2764,#2751,#2766,.T.);
#2190=EDGE_CURVE('',#2767,#2749,#2768,.T.);
#2191=EDGE_CURVE('',#2769,#2767,#2770,.T.);
#2192=EDGE_CURVE('',#2771,#2769,#2772,.T.);
#2193=EDGE_CURVE('',#2773,#2771,#2774,.T.);
#2194=EDGE_CURVE('',#2775,#2773,#2776,.T.);
#2195=EDGE_CURVE('',#2777,#2775,#2778,.T.);
#2196=EDGE_CURVE('',#2746,#2777,#2779,.T.);
#2197=EDGE_CURVE('',#2754,#2777,#2780,.T.);
#2198=EDGE_CURVE('',#2756,#2775,#2781,.T.);
#2199=EDGE_CURVE('',#2758,#2773,#2782,.T.);
#2200=EDGE_CURVE('',#2760,#2771,#2783,.T.);
#2201=EDGE_CURVE('',#2762,#2769,#2784,.T.);
#2202=EDGE_CURVE('',#2764,#2767,#2785,.T.);
#2203=EDGE_CURVE('',#2652,#2786,#2787,.T.);
#2204=EDGE_CURVE('',#2786,#2661,#2788,.T.);
#2205=EDGE_CURVE('',#2786,#2789,#2790,.T.);
#2206=EDGE_CURVE('',#2789,#2791,#2792,.T.);
#2207=EDGE_CURVE('',#2791,#2793,#2794,.T.);
#2208=EDGE_CURVE('',#2793,#2662,#2795,.T.);
#2209=EDGE_CURVE('',#2791,#2796,#2797,.T.);
#2210=EDGE_CURVE('',#2796,#2798,#2799,.T.);
#2211=EDGE_CURVE('',#2798,#2793,#2800,.T.);
#2212=EDGE_CURVE('',#2796,#2801,#2802,.T.);
#2213=EDGE_CURVE('',#2801,#2803,#2804,.T.);
#2214=EDGE_CURVE('',#2803,#2666,#2805,.T.);
#2215=EDGE_CURVE('',#2664,#2798,#2806,.T.);
#2216=EDGE_CURVE('',#2803,#2658,#2807,.T.);
#2217=EDGE_CURVE('',#2801,#2789,#2808,.T.);
#2218=EDGE_CURVE('',#2809,#2810,#2811,.T.);
#2219=EDGE_CURVE('',#2809,#2812,#2813,.T.);
#2220=EDGE_CURVE('',#2812,#2814,#2815,.T.);
#2221=EDGE_CURVE('',#2814,#2810,#2816,.T.);
#2222=EDGE_CURVE('',#2812,#2817,#2818,.T.);
#2223=EDGE_CURVE('',#2817,#2819,#2820,.T.);
#2224=EDGE_CURVE('',#2819,#2710,#2821,.T.);
#2225=EDGE_CURVE('',#2708,#2814,#2822,.T.);
#2226=EDGE_CURVE('',#2819,#2690,#2823,.T.);
#2227=EDGE_CURVE('',#2693,#2824,#2825,.T.);
#2228=EDGE_CURVE('',#2824,#2705,#2826,.T.);
#2229=EDGE_CURVE('',#2824,#2827,#2828,.T.);
#2230=EDGE_CURVE('',#2827,#2809,#2829,.T.);
#2231=EDGE_CURVE('',#2810,#2706,#2830,.T.);
#2232=EDGE_CURVE('',#2817,#2827,#2831,.T.);
#2233=EDGE_CURVE('',#2832,#2833,#2834,.T.);
#2234=EDGE_CURVE('',#2835,#2833,#2836,.T.);
#2235=EDGE_CURVE('',#2837,#2835,#2838,.T.);
#2236=EDGE_CURVE('',#2837,#2832,#2839,.T.);
#2237=EDGE_CURVE('',#2833,#2840,#2841,.T.);
#2238=EDGE_CURVE('',#2842,#2840,#2843,.T.);
#2239=EDGE_CURVE('',#2835,#2842,#2844,.T.);
#2240=EDGE_CURVE('',#2840,#2845,#2846,.T.);
#2241=EDGE_CURVE('',#2847,#2845,#2848,.T.);
#2242=EDGE_CURVE('',#2842,#2847,#2849,.T.);
#2243=EDGE_CURVE('',#2592,#2832,#2850,.T.);
#2244=EDGE_CURVE('',#2845,#2596,#2851,.T.);
#2245=EDGE_CURVE('',#2591,#2837,#2852,.T.);
#2246=EDGE_CURVE('',#2847,#2594,#2853,.T.);
#2247=EDGE_CURVE('',#2451,#2854,#2855,.T.);
#2248=EDGE_CURVE('',#2452,#2856,#2857,.T.);
#2249=EDGE_CURVE('',#2854,#2856,#2858,.T.);
#2250=EDGE_CURVE('',#2859,#2456,#2860,.T.);
#2251=EDGE_CURVE('',#2861,#2454,#2862,.T.);
#2252=EDGE_CURVE('',#2861,#2859,#2863,.T.);
#2253=EDGE_CURVE('',#2854,#2864,#2865,.T.);
#2254=EDGE_CURVE('',#2864,#2866,#2867,.T.);
#2255=EDGE_CURVE('',#2866,#2868,#2869,.T.);
#2256=EDGE_CURVE('',#2868,#2870,#2871,.T.);
#2257=EDGE_CURVE('',#2870,#2872,#2873,.T.);
#2258=EDGE_CURVE('',#2872,#2874,#2875,.T.);
#2259=EDGE_CURVE('',#2874,#2861,#2876,.T.);
#2260=EDGE_CURVE('',#2877,#2859,#2878,.T.);
#2261=EDGE_CURVE('',#2879,#2877,#2880,.T.);
#2262=EDGE_CURVE('',#2881,#2879,#2882,.T.);
#2263=EDGE_CURVE('',#2883,#2881,#2884,.T.);
#2264=EDGE_CURVE('',#2885,#2883,#2886,.T.);
#2265=EDGE_CURVE('',#2887,#2885,#2888,.T.);
#2266=EDGE_CURVE('',#2856,#2887,#2889,.T.);
#2267=EDGE_CURVE('',#2864,#2887,#2890,.T.);
#2268=EDGE_CURVE('',#2866,#2885,#2891,.T.);
#2269=EDGE_CURVE('',#2868,#2883,#2892,.T.);
#2270=EDGE_CURVE('',#2870,#2881,#2893,.T.);
#2271=EDGE_CURVE('',#2872,#2879,#2894,.T.);
#2272=EDGE_CURVE('',#2874,#2877,#2895,.T.);
#2273=VERTEX_POINT('',#2896);
#2274=VERTEX_POINT('',#2897);
#2275=LINE('',#2898,#2899);
#2276=VERTEX_POINT('',#2900);
#2277=CIRCLE('',#2901,0.1);
#2278=VERTEX_POINT('',#2902);
#2279=LINE('',#2903,#2904);
#2280=ELLIPSE('',#2905,0.120185042515467,0.1);
#2281=VERTEX_POINT('',#2906);
#2282=VERTEX_POINT('',#2907);
#2283=LINE('',#2908,#2909);
#2284=VERTEX_POINT('',#2910);
#2285=CIRCLE('',#2911,0.1);
#2286=VERTEX_POINT('',#2912);
#2287=LINE('',#2913,#2914);
#2288=ELLIPSE('',#2915,0.120185042515466,0.1);
#2289=VERTEX_POINT('',#2916);
#2290=VERTEX_POINT('',#2917);
#2291=LINE('',#2918,#2919);
#2292=VERTEX_POINT('',#2920);
#2293=ELLIPSE('',#2921,0.120185042515466,0.0999999999999997);
#2294=VERTEX_POINT('',#2922);
#2295=LINE('',#2923,#2924);
#2296=CIRCLE('',#2925,0.0999999999999997);
#2297=VERTEX_POINT('',#2926);
#2298=VERTEX_POINT('',#2927);
#2299=LINE('',#2928,#2929);
#2300=VERTEX_POINT('',#2930);
#2301=ELLIPSE('',#2931,0.120185042515466,0.0999999999999997);
#2302=VERTEX_POINT('',#2932);
#2303=LINE('',#2933,#2934);
#2304=CIRCLE('',#2935,0.0999999999999997);
#2305=VERTEX_POINT('',#2936);
#2306=VERTEX_POINT('',#2937);
#2307=LINE('',#2938,#2939);
#2308=VERTEX_POINT('',#2940);
#2309=LINE('',#2941,#2942);
#2310=VERTEX_POINT('',#2943);
#2311=LINE('',#2944,#2945);
#2312=VERTEX_POINT('',#2946);
#2313=LINE('',#2947,#2948);
#2314=VERTEX_POINT('',#2949);
#2315=LINE('',#2950,#2951);
#2316=VERTEX_POINT('',#2952);
#2317=LINE('',#2953,#2954);
#2318=VERTEX_POINT('',#2955);
#2319=LINE('',#2956,#2957);
#2320=VERTEX_POINT('',#2958);
#2321=LINE('',#2959,#2960);
#2322=VERTEX_POINT('',#2961);
#2323=LINE('',#2962,#2963);
#2324=VERTEX_POINT('',#2964);
#2325=LINE('',#2965,#2966);
#2326=VERTEX_POINT('',#2967);
#2327=LINE('',#2968,#2969);
#2328=LINE('',#2970,#2971);
#2329=VERTEX_POINT('',#2972);
#2330=LINE('',#2973,#2974);
#2331=VERTEX_POINT('',#2975);
#2332=LINE('',#2976,#2977);
#2333=VERTEX_POINT('',#2978);
#2334=LINE('',#2979,#2980);
#2335=VERTEX_POINT('',#2981);
#2336=LINE('',#2982,#2983);
#2337=VERTEX_POINT('',#2984);
#2338=LINE('',#2985,#2986);
#2339=VERTEX_POINT('',#2987);
#2340=LINE('',#2988,#2989);
#2341=VERTEX_POINT('',#2990);
#2342=LINE('',#2991,#2992);
#2343=VERTEX_POINT('',#2993);
#2344=LINE('',#2994,#2995);
#2345=VERTEX_POINT('',#2996);
#2346=LINE('',#2997,#2998);
#2347=VERTEX_POINT('',#2999);
#2348=LINE('',#3000,#3001);
#2349=VERTEX_POINT('',#3002);
#2350=LINE('',#3003,#3004);
#2351=VERTEX_POINT('',#3005);
#2352=LINE('',#3006,#3007);
#2353=VERTEX_POINT('',#3008);
#2354=LINE('',#3009,#3010);
#2355=VERTEX_POINT('',#3011);
#2356=LINE('',#3012,#3013);
#2357=VERTEX_POINT('',#3014);
#2358=LINE('',#3015,#3016);
#2359=VERTEX_POINT('',#3017);
#2360=LINE('',#3018,#3019);
#2361=VERTEX_POINT('',#3020);
#2362=LINE('',#3021,#3022);
#2363=VERTEX_POINT('',#3023);
#2364=LINE('',#3024,#3025);
#2365=VERTEX_POINT('',#3026);
#2366=LINE('',#3027,#3028);
#2367=VERTEX_POINT('',#3029);
#2368=LINE('',#3030,#3031);
#2369=VERTEX_POINT('',#3032);
#2370=LINE('',#3033,#3034);
#2371=VERTEX_POINT('',#3035);
#2372=LINE('',#3036,#3037);
#2373=LINE('',#3038,#3039);
#2374=VERTEX_POINT('',#3040);
#2375=LINE('',#3041,#3042);
#2376=VERTEX_POINT('',#3043);
#2377=LINE('',#3044,#3045);
#2378=LINE('',#3046,#3047);
#2379=VERTEX_POINT('',#3048);
#2380=VERTEX_POINT('',#3049);
#2381=LINE('',#3050,#3051);
#2382=VERTEX_POINT('',#3052);
#2383=LINE('',#3053,#3054);
#2384=VERTEX_POINT('',#3055);
#2385=LINE('',#3056,#3057);
#2386=VERTEX_POINT('',#3058);
#2387=LINE('',#3059,#3060);
#2388=VERTEX_POINT('',#3061);
#2389=LINE('',#3062,#3063);
#2390=VERTEX_POINT('',#3064);
#2391=LINE('',#3065,#3066);
#2392=VERTEX_POINT('',#3067);
#2393=LINE('',#3068,#3069);
#2394=VERTEX_POINT('',#3070);
#2395=LINE('',#3071,#3072);
#2396=VERTEX_POINT('',#3073);
#2397=LINE('',#3074,#3075);
#2398=VERTEX_POINT('',#3076);
#2399=LINE('',#3077,#3078);
#2400=VERTEX_POINT('',#3079);
#2401=LINE('',#3080,#3081);
#2402=LINE('',#3082,#3083);
#2403=VERTEX_POINT('',#3084);
#2404=LINE('',#3085,#3086);
#2405=VERTEX_POINT('',#3087);
#2406=LINE('',#3088,#3089);
#2407=LINE('',#3090,#3091);
#2408=VERTEX_POINT('',#3092);
#2409=VERTEX_POINT('',#3093);
#2410=LINE('',#3094,#3095);
#2411=VERTEX_POINT('',#3096);
#2412=LINE('',#3097,#3098);
#2413=VERTEX_POINT('',#3099);
#2414=LINE('',#3100,#3101);
#2415=LINE('',#3102,#3103);
#2416=LINE('',#3104,#3105);
#2417=VERTEX_POINT('',#3106);
#2418=VERTEX_POINT('',#3107);
#2419=LINE('',#3108,#3109);
#2420=VERTEX_POINT('',#3110);
#2421=LINE('',#3111,#3112);
#2422=VERTEX_POINT('',#3113);
#2423=LINE('',#3114,#3115);
#2424=LINE('',#3116,#3117);
#2425=LINE('',#3118,#3119);
#2426=VERTEX_POINT('',#3120);
#2427=LINE('',#3121,#3122);
#2428=VERTEX_POINT('',#3123);
#2429=LINE('',#3124,#3125);
#2430=VERTEX_POINT('',#3126);
#2431=LINE('',#3127,#3128);
#2432=LINE('',#3129,#3130);
#2433=VERTEX_POINT('',#3131);
#2434=LINE('',#3132,#3133);
#2435=VERTEX_POINT('',#3134);
#2436=LINE('',#3135,#3136);
#2437=LINE('',#3137,#3138);
#2438=VERTEX_POINT('',#3139);
#2439=VERTEX_POINT('',#3140);
#2440=LINE('',#3141,#3142);
#2441=VERTEX_POINT('',#3143);
#2442=LINE('',#3144,#3145);
#2443=LINE('',#3146,#3147);
#2444=VERTEX_POINT('',#3148);
#2445=LINE('',#3149,#3150);
#2446=VERTEX_POINT('',#3151);
#2447=LINE('',#3152,#3153);
#2448=VERTEX_POINT('',#3154);
#2449=LINE('',#3155,#3156);
#2450=LINE('',#3157,#3158);
#2451=VERTEX_POINT('',#3159);
#2452=VERTEX_POINT('',#3160);
#2453=LINE('',#3161,#3162);
#2454=VERTEX_POINT('',#3163);
#2455=LINE('',#3164,#3165);
#2456=VERTEX_POINT('',#3166);
#2457=LINE('',#3167,#3168);
#2458=LINE('',#3169,#3170);
#2459=VERTEX_POINT('',#3171);
#2460=VERTEX_POINT('',#3172);
#2461=LINE('',#3173,#3174);
#2462=VERTEX_POINT('',#3175);
#2463=LINE('',#3176,#3177);
#2464=VERTEX_POINT('',#3178);
#2465=LINE('',#3179,#3180);
#2466=LINE('',#3181,#3182);
#2467=LINE('',#3183,#3184);
#2468=VERTEX_POINT('',#3185);
#2469=LINE('',#3186,#3187);
#2470=VERTEX_POINT('',#3188);
#2471=LINE('',#3189,#3190);
#2472=LINE('',#3191,#3192);
#2473=VERTEX_POINT('',#3193);
#2474=LINE('',#3194,#3195);
#2475=VERTEX_POINT('',#3196);
#2476=LINE('',#3197,#3198);
#2477=LINE('',#3199,#3200);
#2478=VERTEX_POINT('',#3201);
#2479=VERTEX_POINT('',#3202);
#2480=LINE('',#3203,#3204);
#2481=VERTEX_POINT('',#3205);
#2482=LINE('',#3206,#3207);
#2483=VERTEX_POINT('',#3208);
#2484=LINE('',#3209,#3210);
#2485=LINE('',#3211,#3212);
#2486=VERTEX_POINT('',#3213);
#2487=LINE('',#3214,#3215);
#2488=LINE('',#3216,#3217);
#2489=VERTEX_POINT('',#3218);
#2490=LINE('',#3219,#3220);
#2491=LINE('',#3221,#3222);
#2492=VERTEX_POINT('',#3223);
#2493=LINE('',#3224,#3225);
#2494=LINE('',#3226,#3227);
#2495=LINE('',#3228,#3229);
#2496=VERTEX_POINT('',#3230);
#2497=LINE('',#3231,#3232);
#2498=LINE('',#3233,#3234);
#2499=VERTEX_POINT('',#3235);
#2500=LINE('',#3236,#3237);
#2501=LINE('',#3238,#3239);
#2502=LINE('',#3240,#3241);
#2503=VERTEX_POINT('',#3242);
#2504=LINE('',#3243,#3244);
#2505=LINE('',#3245,#3246);
#2506=VERTEX_POINT('',#3247);
#2507=LINE('',#3248,#3249);
#2508=LINE('',#3250,#3251);
#2509=LINE('',#3252,#3253);
#2510=VERTEX_POINT('',#3254);
#2511=LINE('',#3255,#3256);
#2512=LINE('',#3257,#3258);
#2513=VERTEX_POINT('',#3259);
#2514=LINE('',#3260,#3261);
#2515=LINE('',#3262,#3263);
#2516=LINE('',#3264,#3265);
#2517=VERTEX_POINT('',#3266);
#2518=LINE('',#3267,#3268);
#2519=VERTEX_POINT('',#3269);
#2520=LINE('',#3270,#3271);
#2521=LINE('',#3272,#3273);
#2522=VERTEX_POINT('',#3274);
#2523=LINE('',#3275,#3276);
#2524=VERTEX_POINT('',#3277);
#2525=LINE('',#3278,#3279);
#2526=LINE('',#3280,#3281);
#2527=CIRCLE('',#3282,0.0999999999999997);
#2528=ELLIPSE('',#3283,0.120185042515466,0.0999999999999997);
#2529=LINE('',#3284,#3285);
#2530=LINE('',#3286,#3287);
#2531=VERTEX_POINT('',#3288);
#2532=LINE('',#3289,#3290);
#2533=VERTEX_POINT('',#3291);
#2534=LINE('',#3292,#3293);
#2535=LINE('',#3294,#3295);
#2536=CIRCLE('',#3296,0.0999999999999997);
#2537=ELLIPSE('',#3297,0.120185042515466,0.0999999999999997);
#2538=LINE('',#3298,#3299);
#2539=VERTEX_POINT('',#3300);
#2540=LINE('',#3301,#3302);
#2541=LINE('',#3303,#3304);
#2542=VERTEX_POINT('',#3305);
#2543=LINE('',#3306,#3307);
#2544=LINE('',#3308,#3309);
#2545=LINE('',#3310,#3311);
#2546=LINE('',#3312,#3313);
#2547=VERTEX_POINT('',#3314);
#2548=ELLIPSE('',#3315,0.120185042515466,0.1);
#2549=VERTEX_POINT('',#3316);
#2550=LINE('',#3317,#3318);
#2551=CIRCLE('',#3319,0.1);
#2552=VERTEX_POINT('',#3320);
#2553=LINE('',#3321,#3322);
#2554=VERTEX_POINT('',#3323);
#2555=LINE('',#3324,#3325);
#2556=VERTEX_POINT('',#3326);
#2557=LINE('',#3327,#3328);
#2558=VERTEX_POINT('',#3329);
#2559=LINE('',#3330,#3331);
#2560=VERTEX_POINT('',#3332);
#2561=LINE('',#3333,#3334);
#2562=LINE('',#3335,#3336);
#2563=VERTEX_POINT('',#3337);
#2564=VERTEX_POINT('',#3338);
#2565=LINE('',#3339,#3340);
#2566=VERTEX_POINT('',#3341);
#2567=LINE('',#3342,#3343);
#2568=VERTEX_POINT('',#3344);
#2569=LINE('',#3345,#3346);
#2570=LINE('',#3347,#3348);
#2571=VERTEX_POINT('',#3349);
#2572=LINE('',#3350,#3351);
#2573=VERTEX_POINT('',#3352);
#2574=LINE('',#3353,#3354);
#2575=LINE('',#3355,#3356);
#2576=VERTEX_POINT('',#3357);
#2577=VERTEX_POINT('',#3358);
#2578=LINE('',#3359,#3360);
#2579=LINE('',#3361,#3362);
#2580=LINE('',#3363,#3364);
#2581=VERTEX_POINT('',#3365);
#2582=LINE('',#3366,#3367);
#2583=LINE('',#3368,#3369);
#2584=VERTEX_POINT('',#3370);
#2585=ELLIPSE('',#3371,0.120185042515467,0.1);
#2586=VERTEX_POINT('',#3372);
#2587=LINE('',#3373,#3374);
#2588=CIRCLE('',#3375,0.1);
#2589=LINE('',#3376,#3377);
#2590=LINE('',#3378,#3379);
#2591=VERTEX_POINT('',#3380);
#2592=VERTEX_POINT('',#3381);
#2593=LINE('',#3382,#3383);
#2594=VERTEX_POINT('',#3384);
#2595=LINE('',#3385,#3386);
#2596=VERTEX_POINT('',#3387);
#2597=LINE('',#3388,#3389);
#2598=LINE('',#3390,#3391);
#2599=VERTEX_POINT('',#3392);
#2600=VERTEX_POINT('',#3393);
#2601=LINE('',#3394,#3395);
#2602=VERTEX_POINT('',#3396);
#2603=LINE('',#3397,#3398);
#2604=VERTEX_POINT('',#3399);
#2605=LINE('',#3400,#3401);
#2606=LINE('',#3402,#3403);
#2607=LINE('',#3404,#3405);
#2608=LINE('',#3406,#3407);
#2609=VERTEX_POINT('',#3408);
#2610=LINE('',#3409,#3410);
#2611=LINE('',#3411,#3412);
#2612=LINE('',#3413,#3414);
#2613=LINE('',#3415,#3416);
#2614=VERTEX_POINT('',#3417);
#2615=LINE('',#3418,#3419);
#2616=LINE('',#3420,#3421);
#2617=VERTEX_POINT('',#3422);
#2618=LINE('',#3423,#3424);
#2619=LINE('',#3425,#3426);
#2620=VERTEX_POINT('',#3427);
#2621=LINE('',#3428,#3429);
#2622=LINE('',#3430,#3431);
#2623=LINE('',#3432,#3433);
#2624=LINE('',#3434,#3435);
#2625=LINE('',#3436,#3437);
#2626=VERTEX_POINT('',#3438);
#2627=LINE('',#3439,#3440);
#2628=VERTEX_POINT('',#3441);
#2629=LINE('',#3442,#3443);
#2630=LINE('',#3444,#3445);
#2631=VERTEX_POINT('',#3446);
#2632=LINE('',#3447,#3448);
#2633=VERTEX_POINT('',#3449);
#2634=LINE('',#3450,#3451);
#2635=LINE('',#3452,#3453);
#2636=VERTEX_POINT('',#3454);
#2637=LINE('',#3455,#3456);
#2638=VERTEX_POINT('',#3457);
#2639=LINE('',#3458,#3459);
#2640=LINE('',#3460,#3461);
#2641=VERTEX_POINT('',#3462);
#2642=LINE('',#3463,#3464);
#2643=VERTEX_POINT('',#3465);
#2644=LINE('',#3466,#3467);
#2645=LINE('',#3468,#3469);
#2646=VERTEX_POINT('',#3470);
#2647=LINE('',#3471,#3472);
#2648=VERTEX_POINT('',#3473);
#2649=LINE('',#3474,#3475);
#2650=LINE('',#3476,#3477);
#2651=VERTEX_POINT('',#3478);
#2652=VERTEX_POINT('',#3479);
#2653=LINE('',#3480,#3481);
#2654=LINE('',#3482,#3483);
#2655=LINE('',#3484,#3485);
#2656=VERTEX_POINT('',#3486);
#2657=LINE('',#3487,#3488);
#2658=VERTEX_POINT('',#3489);
#2659=LINE('',#3490,#3491);
#2660=LINE('',#3492,#3493);
#2661=VERTEX_POINT('',#3494);
#2662=VERTEX_POINT('',#3495);
#2663=LINE('',#3496,#3497);
#2664=VERTEX_POINT('',#3498);
#2665=LINE('',#3499,#3500);
#2666=VERTEX_POINT('',#3501);
#2667=LINE('',#3502,#3503);
#2668=CIRCLE('',#3504,0.45);
#2669=CIRCLE('',#3505,0.2);
#2670=VERTEX_POINT('',#3506);
#2671=VERTEX_POINT('',#3507);
#2672=LINE('',#3508,#3509);
#2673=VERTEX_POINT('',#3510);
#2674=LINE('',#3511,#3512);
#2675=VERTEX_POINT('',#3513);
#2676=LINE('',#3514,#3515);
#2677=LINE('',#3516,#3517);
#2678=VERTEX_POINT('',#3518);
#2679=LINE('',#3519,#3520);
#2680=VERTEX_POINT('',#3521);
#2681=LINE('',#3522,#3523);
#2682=LINE('',#3524,#3525);
#2683=VERTEX_POINT('',#3526);
#2684=LINE('',#3527,#3528);
#2685=VERTEX_POINT('',#3529);
#2686=LINE('',#3530,#3531);
#2687=LINE('',#3532,#3533);
#2688=LINE('',#3534,#3535);
#2689=LINE('',#3536,#3537);
#2690=VERTEX_POINT('',#3538);
#2691=VERTEX_POINT('',#3539);
#2692=LINE('',#3540,#3541);
#2693=VERTEX_POINT('',#3542);
#2694=LINE('',#3543,#3544);
#2695=VERTEX_POINT('',#3545);
#2696=LINE('',#3546,#3547);
#2697=LINE('',#3548,#3549);
#2698=VERTEX_POINT('',#3550);
#2699=LINE('',#3551,#3552);
#2700=VERTEX_POINT('',#3553);
#2701=LINE('',#3554,#3555);
#2702=LINE('',#3556,#3557);
#2703=LINE('',#3558,#3559);
#2704=LINE('',#3560,#3561);
#2705=VERTEX_POINT('',#3562);
#2706=VERTEX_POINT('',#3563);
#2707=LINE('',#3564,#3565);
#2708=VERTEX_POINT('',#3566);
#2709=LINE('',#3567,#3568);
#2710=VERTEX_POINT('',#3569);
#2711=LINE('',#3570,#3571);
#2712=CIRCLE('',#3572,0.2);
#2713=CIRCLE('',#3573,0.450000000000001);
#2714=LINE('',#3574,#3575);
#2715=LINE('',#3576,#3577);
#2716=LINE('',#3578,#3579);
#2717=LINE('',#3580,#3581);
#2718=LINE('',#3582,#3583);
#2719=LINE('',#3584,#3585);
#2720=LINE('',#3586,#3587);
#2721=LINE('',#3588,#3589);
#2722=VERTEX_POINT('',#3590);
#2723=VERTEX_POINT('',#3591);
#2724=LINE('',#3592,#3593);
#2725=VERTEX_POINT('',#3594);
#2726=LINE('',#3595,#3596);
#2727=VERTEX_POINT('',#3597);
#2728=LINE('',#3598,#3599);
#2729=LINE('',#3600,#3601);
#2730=VERTEX_POINT('',#3602);
#2731=LINE('',#3603,#3604);
#2732=VERTEX_POINT('',#3605);
#2733=LINE('',#3606,#3607);
#2734=LINE('',#3608,#3609);
#2735=VERTEX_POINT('',#3610);
#2736=LINE('',#3611,#3612);
#2737=VERTEX_POINT('',#3613);
#2738=LINE('',#3614,#3615);
#2739=LINE('',#3616,#3617);
#2740=LINE('',#3618,#3619);
#2741=LINE('',#3620,#3621);
#2742=LINE('',#3622,#3623);
#2743=LINE('',#3624,#3625);
#2744=VERTEX_POINT('',#3626);
#2745=LINE('',#3627,#3628);
#2746=VERTEX_POINT('',#3629);
#2747=LINE('',#3630,#3631);
#2748=LINE('',#3632,#3633);
#2749=VERTEX_POINT('',#3634);
#2750=LINE('',#3635,#3636);
#2751=VERTEX_POINT('',#3637);
#2752=LINE('',#3638,#3639);
#2753=LINE('',#3640,#3641);
#2754=VERTEX_POINT('',#3642);
#2755=LINE('',#3643,#3644);
#2756=VERTEX_POINT('',#3645);
#2757=LINE('',#3646,#3647);
#2758=VERTEX_POINT('',#3648);
#2759=LINE('',#3649,#3650);
#2760=VERTEX_POINT('',#3651);
#2761=LINE('',#3652,#3653);
#2762=VERTEX_POINT('',#3654);
#2763=LINE('',#3655,#3656);
#2764=VERTEX_POINT('',#3657);
#2765=LINE('',#3658,#3659);
#2766=LINE('',#3660,#3661);
#2767=VERTEX_POINT('',#3662);
#2768=LINE('',#3663,#3664);
#2769=VERTEX_POINT('',#3665);
#2770=LINE('',#3666,#3667);
#2771=VERTEX_POINT('',#3668);
#2772=LINE('',#3669,#3670);
#2773=VERTEX_POINT('',#3671);
#2774=LINE('',#3672,#3673);
#2775=VERTEX_POINT('',#3674);
#2776=LINE('',#3675,#3676);
#2777=VERTEX_POINT('',#3677);
#2778=LINE('',#3678,#3679);
#2779=LINE('',#3680,#3681);
#2780=LINE('',#3682,#3683);
#2781=LINE('',#3684,#3685);
#2782=LINE('',#3686,#3687);
#2783=LINE('',#3688,#3689);
#2784=LINE('',#3690,#3691);
#2785=LINE('',#3692,#3693);
#2786=VERTEX_POINT('',#3694);
#2787=CIRCLE('',#3695,0.2);
#2788=LINE('',#3696,#3697);
#2789=VERTEX_POINT('',#3698);
#2790=LINE('',#3699,#3700);
#2791=VERTEX_POINT('',#3701);
#2792=LINE('',#3702,#3703);
#2793=VERTEX_POINT('',#3704);
#2794=LINE('',#3705,#3706);
#2795=LINE('',#3707,#3708);
#2796=VERTEX_POINT('',#3709);
#2797=LINE('',#3710,#3711);
#2798=VERTEX_POINT('',#3712);
#2799=LINE('',#3713,#3714);
#2800=LINE('',#3715,#3716);
#2801=VERTEX_POINT('',#3717);
#2802=LINE('',#3718,#3719);
#2803=VERTEX_POINT('',#3720);
#2804=LINE('',#3721,#3722);
#2805=LINE('',#3723,#3724);
#2806=LINE('',#3725,#3726);
#2807=CIRCLE('',#3727,0.45);
#2808=LINE('',#3728,#3729);
#2809=VERTEX_POINT('',#3730);
#2810=VERTEX_POINT('',#3731);
#2811=LINE('',#3732,#3733);
#2812=VERTEX_POINT('',#3734);
#2813=LINE('',#3735,#3736);
#2814=VERTEX_POINT('',#3737);
#2815=LINE('',#3738,#3739);
#2816=LINE('',#3740,#3741);
#2817=VERTEX_POINT('',#3742);
#2818=LINE('',#3743,#3744);
#2819=VERTEX_POINT('',#3745);
#2820=LINE('',#3746,#3747);
#2821=LINE('',#3748,#3749);
#2822=LINE('',#3750,#3751);
#2823=CIRCLE('',#3752,0.2);
#2824=VERTEX_POINT('',#3753);
#2825=CIRCLE('',#3754,0.450000000000001);
#2826=LINE('',#3755,#3756);
#2827=VERTEX_POINT('',#3757);
#2828=LINE('',#3758,#3759);
#2829=LINE('',#3760,#3761);
#2830=LINE('',#3762,#3763);
#2831=LINE('',#3764,#3765);
#2832=VERTEX_POINT('',#3766);
#2833=VERTEX_POINT('',#3767);
#2834=LINE('',#3768,#3769);
#2835=VERTEX_POINT('',#3770);
#2836=LINE('',#3771,#3772);
#2837=VERTEX_POINT('',#3773);
#2838=LINE('',#3774,#3775);
#2839=LINE('',#3776,#3777);
#2840=VERTEX_POINT('',#3778);
#2841=LINE('',#3779,#3780);
#2842=VERTEX_POINT('',#3781);
#2843=LINE('',#3782,#3783);
#2844=LINE('',#3784,#3785);
#2845=VERTEX_POINT('',#3786);
#2846=LINE('',#3787,#3788);
#2847=VERTEX_POINT('',#3789);
#2848=LINE('',#3790,#3791);
#2849=LINE('',#3792,#3793);
#2850=LINE('',#3794,#3795);
#2851=LINE('',#3796,#3797);
#2852=LINE('',#3798,#3799);
#2853=LINE('',#3800,#3801);
#2854=VERTEX_POINT('',#3802);
#2855=LINE('',#3803,#3804);
#2856=VERTEX_POINT('',#3805);
#2857=LINE('',#3806,#3807);
#2858=LINE('',#3808,#3809);
#2859=VERTEX_POINT('',#3810);
#2860=LINE('',#3811,#3812);
#2861=VERTEX_POINT('',#3813);
#2862=LINE('',#3814,#3815);
#2863=LINE('',#3816,#3817);
#2864=VERTEX_POINT('',#3818);
#2865=LINE('',#3819,#3820);
#2866=VERTEX_POINT('',#3821);
#2867=LINE('',#3822,#3823);
#2868=VERTEX_POINT('',#3824);
#2869=LINE('',#3825,#3826);
#2870=VERTEX_POINT('',#3827);
#2871=LINE('',#3828,#3829);
#2872=VERTEX_POINT('',#3830);
#2873=LINE('',#3831,#3832);
#2874=VERTEX_POINT('',#3833);
#2875=LINE('',#3834,#3835);
#2876=LINE('',#3836,#3837);
#2877=VERTEX_POINT('',#3838);
#2878=LINE('',#3839,#3840);
#2879=VERTEX_POINT('',#3841);
#2880=LINE('',#3842,#3843);
#2881=VERTEX_POINT('',#3844);
#2882=LINE('',#3845,#3846);
#2883=VERTEX_POINT('',#3847);
#2884=LINE('',#3848,#3849);
#2885=VERTEX_POINT('',#3850);
#2886=LINE('',#3851,#3852);
#2887=VERTEX_POINT('',#3853);
#2888=LINE('',#3854,#3855);
#2889=LINE('',#3856,#3857);
#2890=LINE('',#3858,#3859);
#2891=LINE('',#3860,#3861);
#2892=LINE('',#3862,#3863);
#2893=LINE('',#3864,#3865);
#2894=LINE('',#3866,#3867);
#2895=LINE('',#3868,#3869);
#2896=CARTESIAN_POINT('',(-1.625,3.95,1.975));
#2897=CARTESIAN_POINT('',(-1.625,1.13333333333333,1.975));
#2898=CARTESIAN_POINT('',(-1.625,3.95,1.975));
#2899=VECTOR('',#3870,1.0);
#2900=CARTESIAN_POINT('',(-1.525,3.95,2.075));
#2901=AXIS2_PLACEMENT_3D('',#3871,#3872,#3873);
#2902=CARTESIAN_POINT('',(-1.525,1.2,2.075));
#2903=CARTESIAN_POINT('',(-1.525,3.95,2.075));
#2904=VECTOR('',#3874,1.0);
#2905=AXIS2_PLACEMENT_3D('',#3875,#3876,#3877);
#2906=CARTESIAN_POINT('',(1.625,3.95,1.975));
#2907=CARTESIAN_POINT('',(1.625,1.13333333333333,1.975));
#2908=CARTESIAN_POINT('',(1.625,3.95,1.975));
#2909=VECTOR('',#3878,1.0);
#2910=CARTESIAN_POINT('',(1.65084969837962,3.95,1.97839879351849));
#2911=AXIS2_PLACEMENT_3D('',#3879,#3880,#3881);
#2912=CARTESIAN_POINT('',(1.65084969837962,1.11610020108025,1.97839879351849));
#2913=CARTESIAN_POINT('',(1.65084969837962,3.95,1.97839879351849));
#2914=VECTOR('',#3882,1.0);
#2915=AXIS2_PLACEMENT_3D('',#3883,#3884,#3885);
#2916=CARTESIAN_POINT('',(1.625,1.13333333333333,1.225));
#2917=CARTESIAN_POINT('',(1.625,3.95,1.225));
#2918=CARTESIAN_POINT('',(1.625,3.95,1.225));
#2919=VECTOR('',#3886,1.0);
#2920=CARTESIAN_POINT('',(1.65084969837962,1.11610020108025,1.2216012064815));
#2921=AXIS2_PLACEMENT_3D('',#3887,#3888,#3889);
#2922=CARTESIAN_POINT('',(1.65084969837962,3.95,1.2216012064815));
#2923=CARTESIAN_POINT('',(1.65084969837962,3.95,1.2216012064815));
#2924=VECTOR('',#3890,1.0);
#2925=AXIS2_PLACEMENT_3D('',#3891,#3892,#3893);
#2926=CARTESIAN_POINT('',(-1.625,1.13333333333333,1.225));
#2927=CARTESIAN_POINT('',(-1.625,3.95,1.225));
#2928=CARTESIAN_POINT('',(-1.625,3.95,1.225));
#2929=VECTOR('',#3894,1.0);
#2930=CARTESIAN_POINT('',(-1.525,1.2,1.125));
#2931=AXIS2_PLACEMENT_3D('',#3895,#3896,#3897);
#2932=CARTESIAN_POINT('',(-1.525,3.95,1.125));
#2933=CARTESIAN_POINT('',(-1.525,3.95,1.125));
#2934=VECTOR('',#3898,1.0);
#2935=AXIS2_PLACEMENT_3D('',#3899,#3900,#3901);
#2936=CARTESIAN_POINT('',(0.150000000000003,1.0,-4.33680868994202E-16));
#2937=CARTESIAN_POINT('',(0.150000000000003,1.0,0.199999999999999));
#2938=CARTESIAN_POINT('',(0.150000000000003,1.0,-3.55999999999999));
#2939=VECTOR('',#3902,1.0);
#2940=CARTESIAN_POINT('',(1.425,1.0,-8.67361737988404E-16));
#2941=CARTESIAN_POINT('',(2.125,1.0,-8.67361737988404E-16));
#2942=VECTOR('',#3903,1.0);
#2943=CARTESIAN_POINT('',(1.425,1.0,-0.200000000000006));
#2944=CARTESIAN_POINT('',(1.425,1.0,-0.200000000000006));
#2945=VECTOR('',#3904,1.0);
#2946=CARTESIAN_POINT('',(1.925,1.0,-0.200000000000006));
#2947=CARTESIAN_POINT('',(1.925,1.0,-0.200000000000006));
#2948=VECTOR('',#3905,1.0);
#2949=CARTESIAN_POINT('',(1.925,1.0,-8.67361737988404E-16));
#2950=CARTESIAN_POINT('',(1.925,1.0,-0.200000000000006));
#2951=VECTOR('',#3906,1.0);
#2952=CARTESIAN_POINT('',(2.125,1.0,-8.67361737988404E-16));
#2953=CARTESIAN_POINT('',(2.125,1.0,-8.67361737988404E-16));
#2954=VECTOR('',#3907,1.0);
#2955=CARTESIAN_POINT('',(2.125,1.0,2.8));
#2956=CARTESIAN_POINT('',(2.125,1.0,3.2));
#2957=VECTOR('',#3908,1.0);
#2958=CARTESIAN_POINT('',(1.825,1.0,2.8));
#2959=CARTESIAN_POINT('',(-2.125,1.0,2.8));
#2960=VECTOR('',#3909,1.0);
#2961=CARTESIAN_POINT('',(1.825,1.0,2.025));
#2962=CARTESIAN_POINT('',(1.825,1.0,3.2));
#2963=VECTOR('',#3910,1.0);
#2964=CARTESIAN_POINT('',(1.825,1.0,1.175));
#2965=CARTESIAN_POINT('',(1.825,1.0,1.175));
#2966=VECTOR('',#3911,1.0);
#2967=CARTESIAN_POINT('',(1.825,1.0,0.2));
#2968=CARTESIAN_POINT('',(1.825,1.0,3.2));
#2969=VECTOR('',#3912,1.0);
#2970=CARTESIAN_POINT('',(2.125,1.0,0.2));
#2971=VECTOR('',#3913,1.0);
#2972=CARTESIAN_POINT('',(0.150000000000002,2.45,-4.33680868994202E-16));
#2973=CARTESIAN_POINT('',(0.150000000000003,1.0,-8.67361737988404E-16));
#2974=VECTOR('',#3914,1.0);
#2975=CARTESIAN_POINT('',(0.550000000000002,2.45,-4.33680868994202E-16));
#2976=CARTESIAN_POINT('',(0.150000000000002,2.45,-4.33680868994202E-16));
#2977=VECTOR('',#3915,1.0);
#2978=CARTESIAN_POINT('',(0.550000000000002,3.6,0.0));
#2979=CARTESIAN_POINT('',(0.550000000000002,2.45,-4.33680868994202E-16));
#2980=VECTOR('',#3916,1.0);
#2981=CARTESIAN_POINT('',(-0.549999999999999,3.6,0.0));
#2982=CARTESIAN_POINT('',(0.550000000000002,3.6,0.0));
#2983=VECTOR('',#3917,1.0);
#2984=CARTESIAN_POINT('',(-0.549999999999999,2.45,-4.33680868994202E-16));
#2985=CARTESIAN_POINT('',(-0.549999999999999,3.6,0.0));
#2986=VECTOR('',#3918,1.0);
#2987=CARTESIAN_POINT('',(-0.15,2.45,-8.67361737988404E-16));
#2988=CARTESIAN_POINT('',(-0.549999999999999,2.45,-4.33680868994202E-16));
#2989=VECTOR('',#3919,1.0);
#2990=CARTESIAN_POINT('',(-0.15,1.0,-8.67361737988404E-16));
#2991=CARTESIAN_POINT('',(-0.15,2.45,-4.33680868994202E-16));
#2992=VECTOR('',#3920,1.0);
#2993=CARTESIAN_POINT('',(-1.425,1.0,-8.67361737988404E-16));
#2994=CARTESIAN_POINT('',(2.125,1.0,-8.67361737988404E-16));
#2995=VECTOR('',#3921,1.0);
#2996=CARTESIAN_POINT('',(-1.425,2.0,-4.701596255176E-15));
#2997=CARTESIAN_POINT('',(-1.425,2.0,-4.701596255176E-15));
#2998=VECTOR('',#3922,1.0);
#2999=CARTESIAN_POINT('',(-1.925,2.0,-4.701596255176E-15));
#3000=CARTESIAN_POINT('',(-1.925,2.0,-4.701596255176E-15));
#3001=VECTOR('',#3923,1.0);
#3002=CARTESIAN_POINT('',(-1.925,1.0,-8.67361737988404E-16));
#3003=CARTESIAN_POINT('',(-1.925,1.0,-6.41153796721028E-15));
#3004=VECTOR('',#3924,1.0);
#3005=CARTESIAN_POINT('',(-2.125,1.0,-8.67361737988404E-16));
#3006=CARTESIAN_POINT('',(2.125,1.0,-8.67361737988404E-16));
#3007=VECTOR('',#3925,1.0);
#3008=CARTESIAN_POINT('',(-2.125,5.2,7.70217223333702E-16));
#3009=CARTESIAN_POINT('',(-2.125,1.0,-6.66133814775094E-16));
#3010=VECTOR('',#3926,1.0);
#3011=CARTESIAN_POINT('',(-1.925,5.2,7.70217223333702E-16));
#3012=CARTESIAN_POINT('',(2.125,5.2,7.70217223333702E-16));
#3013=VECTOR('',#3927,1.0);
#3014=CARTESIAN_POINT('',(-1.925,4.2,-9.39724488700578E-16));
#3015=CARTESIAN_POINT('',(-1.925,4.2,-9.39724488700578E-16));
#3016=VECTOR('',#3928,1.0);
#3017=CARTESIAN_POINT('',(-1.425,4.2,4.28228880926846E-16));
#3018=CARTESIAN_POINT('',(-1.425,4.2,-9.39724488700578E-16));
#3019=VECTOR('',#3929,1.0);
#3020=CARTESIAN_POINT('',(-1.425,5.2,7.70217223333702E-16));
#3021=CARTESIAN_POINT('',(-1.425,5.2,7.70217223333702E-16));
#3022=VECTOR('',#3930,1.0);
#3023=CARTESIAN_POINT('',(1.425,5.2,7.70217223333702E-16));
#3024=CARTESIAN_POINT('',(2.125,5.2,7.70217223333702E-16));
#3025=VECTOR('',#3931,1.0);
#3026=CARTESIAN_POINT('',(1.425,4.2,-9.39724488700578E-16));
#3027=CARTESIAN_POINT('',(1.425,4.2,-9.39724488700578E-16));
#3028=VECTOR('',#3932,1.0);
#3029=CARTESIAN_POINT('',(1.925,4.2,4.28228880926846E-16));
#3030=CARTESIAN_POINT('',(1.925,4.2,-9.39724488700578E-16));
#3031=VECTOR('',#3933,1.0);
#3032=CARTESIAN_POINT('',(1.925,5.2,7.70217223333702E-16));
#3033=CARTESIAN_POINT('',(1.925,5.2,7.70217223333702E-16));
#3034=VECTOR('',#3934,1.0);
#3035=CARTESIAN_POINT('',(2.125,5.2,7.70217223333702E-16));
#3036=CARTESIAN_POINT('',(2.125,5.2,7.70217223333702E-16));
#3037=VECTOR('',#3935,1.0);
#3038=CARTESIAN_POINT('',(2.125,1.0,-6.66133814775094E-16));
#3039=VECTOR('',#3936,1.0);
#3040=CARTESIAN_POINT('',(1.925,2.0,-4.701596255176E-15));
#3041=CARTESIAN_POINT('',(1.925,2.0,-4.701596255176E-15));
#3042=VECTOR('',#3937,1.0);
#3043=CARTESIAN_POINT('',(1.425,2.0,-3.24145472368238E-16));
#3044=CARTESIAN_POINT('',(1.425,2.0,-4.701596255176E-15));
#3045=VECTOR('',#3938,1.0);
#3046=CARTESIAN_POINT('',(1.425,1.0,-6.41153796721028E-15));
#3047=VECTOR('',#3939,1.0);
#3048=CARTESIAN_POINT('',(-0.15,2.45,0.399999999999998));
#3049=CARTESIAN_POINT('',(-0.15,1.2,0.399999999999998));
#3050=CARTESIAN_POINT('',(-0.15,2.45,0.399999999999998));
#3051=VECTOR('',#3940,1.0);
#3052=CARTESIAN_POINT('',(-0.549999999999999,2.45,0.399999999999998));
#3053=CARTESIAN_POINT('',(-0.549999999999999,2.45,0.399999999999998));
#3054=VECTOR('',#3941,1.0);
#3055=CARTESIAN_POINT('',(-0.549999999999999,3.6,0.399999999999998));
#3056=CARTESIAN_POINT('',(-0.549999999999999,3.6,0.399999999999998));
#3057=VECTOR('',#3942,1.0);
#3058=CARTESIAN_POINT('',(0.550000000000002,3.6,0.399999999999998));
#3059=CARTESIAN_POINT('',(0.550000000000002,3.6,0.399999999999998));
#3060=VECTOR('',#3943,1.0);
#3061=CARTESIAN_POINT('',(0.550000000000002,2.45,0.399999999999998));
#3062=CARTESIAN_POINT('',(0.550000000000002,2.45,0.399999999999998));
#3063=VECTOR('',#3944,1.0);
#3064=CARTESIAN_POINT('',(0.150000000000002,2.45,0.399999999999998));
#3065=CARTESIAN_POINT('',(0.150000000000002,2.45,0.399999999999998));
#3066=VECTOR('',#3945,1.0);
#3067=CARTESIAN_POINT('',(0.150000000000002,1.2,0.399999999999998));
#3068=CARTESIAN_POINT('',(0.150000000000003,1.0,0.399999999999998));
#3069=VECTOR('',#3946,1.0);
#3070=CARTESIAN_POINT('',(1.525,1.2,0.4));
#3071=CARTESIAN_POINT('',(-1.525,1.2,0.399999999999999));
#3072=VECTOR('',#3947,1.0);
#3073=CARTESIAN_POINT('',(1.525,3.95,0.4));
#3074=CARTESIAN_POINT('',(1.525,3.95,0.4));
#3075=VECTOR('',#3948,1.0);
#3076=CARTESIAN_POINT('',(-1.525,3.95,0.399999999999999));
#3077=CARTESIAN_POINT('',(-1.525,3.95,0.399999999999999));
#3078=VECTOR('',#3949,1.0);
#3079=CARTESIAN_POINT('',(-1.525,1.2,0.399999999999999));
#3080=CARTESIAN_POINT('',(-1.525,3.95,0.399999999999999));
#3081=VECTOR('',#3950,1.0);
#3082=CARTESIAN_POINT('',(-1.525,1.2,0.399999999999999));
#3083=VECTOR('',#3951,1.0);
#3084=CARTESIAN_POINT('',(-0.15,1.0,0.199999999999999));
#3085=CARTESIAN_POINT('',(-0.15,1.2,0.399999999999999));
#3086=VECTOR('',#3952,1.0);
#3087=CARTESIAN_POINT('',(-1.825,1.0,0.199999999999999));
#3088=CARTESIAN_POINT('',(-1.26911764705882,1.37058823529412,0.570588235294117));
#3089=VECTOR('',#3953,1.0);
#3090=CARTESIAN_POINT('',(2.125,1.0,0.2));
#3091=VECTOR('',#3954,1.0);
#3092=CARTESIAN_POINT('',(-2.125,2.0,2.8));
#3093=CARTESIAN_POINT('',(-2.125,1.0,2.8));
#3094=CARTESIAN_POINT('',(-2.125,2.0,2.8));
#3095=VECTOR('',#3955,1.0);
#3096=CARTESIAN_POINT('',(-2.125,2.0,3.2));
#3097=CARTESIAN_POINT('',(-2.125,2.0,2.8));
#3098=VECTOR('',#3956,1.0);
#3099=CARTESIAN_POINT('',(-2.125,5.2,3.2));
#3100=CARTESIAN_POINT('',(-2.125,5.2,3.2));
#3101=VECTOR('',#3957,1.0);
#3102=CARTESIAN_POINT('',(-2.125,5.2,8.88178419700125E-16));
#3103=VECTOR('',#3958,1.0);
#3104=CARTESIAN_POINT('',(-2.125,1.0,3.2));
#3105=VECTOR('',#3959,1.0);
#3106=CARTESIAN_POINT('',(-2.125,4.19999999999999,2.5));
#3107=CARTESIAN_POINT('',(-2.125,4.2,0.100000000000001));
#3108=CARTESIAN_POINT('',(-2.125,4.19999999999999,2.5));
#3109=VECTOR('',#3960,1.0);
#3110=CARTESIAN_POINT('',(-2.125,1.39999999999999,2.5));
#3111=CARTESIAN_POINT('',(-2.125,1.39999999999999,2.5));
#3112=VECTOR('',#3961,1.0);
#3113=CARTESIAN_POINT('',(-2.125,1.4,0.100000000000001));
#3114=CARTESIAN_POINT('',(-2.125,1.39999999999999,2.5));
#3115=VECTOR('',#3962,1.0);
#3116=CARTESIAN_POINT('',(-2.125,1.4,0.100000000000001));
#3117=VECTOR('',#3963,1.0);
#3118=CARTESIAN_POINT('',(-0.15,1.0,-3.55999999999999));
#3119=VECTOR('',#3964,1.0);
#3120=CARTESIAN_POINT('',(-1.825,1.0,1.175));
#3121=CARTESIAN_POINT('',(-1.825,1.0,3.2));
#3122=VECTOR('',#3965,1.0);
#3123=CARTESIAN_POINT('',(-1.825,1.0,2.025));
#3124=CARTESIAN_POINT('',(-1.825,1.0,2.025));
#3125=VECTOR('',#3966,1.0);
#3126=CARTESIAN_POINT('',(-1.825,1.0,2.8));
#3127=CARTESIAN_POINT('',(-1.825,1.0,3.2));
#3128=VECTOR('',#3967,1.0);
#3129=CARTESIAN_POINT('',(-2.125,1.0,2.8));
#3130=VECTOR('',#3968,1.0);
#3131=CARTESIAN_POINT('',(-1.925,1.0,-0.200000000000006));
#3132=CARTESIAN_POINT('',(-1.925,1.0,-0.200000000000006));
#3133=VECTOR('',#3969,1.0);
#3134=CARTESIAN_POINT('',(-1.425,1.0,-0.200000000000006));
#3135=CARTESIAN_POINT('',(-1.425,1.0,-0.200000000000006));
#3136=VECTOR('',#3970,1.0);
#3137=CARTESIAN_POINT('',(-1.425,1.0,-0.200000000000006));
#3138=VECTOR('',#3971,1.0);
#3139=CARTESIAN_POINT('',(2.125,2.0,3.2));
#3140=CARTESIAN_POINT('',(1.175,2.0,3.2));
#3141=CARTESIAN_POINT('',(2.125,2.0,3.2));
#3142=VECTOR('',#3972,1.0);
#3143=CARTESIAN_POINT('',(2.125,5.2,3.2));
#3144=CARTESIAN_POINT('',(2.125,5.2,3.2));
#3145=VECTOR('',#3973,1.0);
#3146=CARTESIAN_POINT('',(2.125,5.2,3.2));
#3147=VECTOR('',#3974,1.0);
#3148=CARTESIAN_POINT('',(-1.175,2.0,3.2));
#3149=CARTESIAN_POINT('',(-1.175,2.0,3.2));
#3150=VECTOR('',#3975,1.0);
#3151=CARTESIAN_POINT('',(-1.175,2.6,3.2));
#3152=CARTESIAN_POINT('',(-1.175,2.6,3.2));
#3153=VECTOR('',#3976,1.0);
#3154=CARTESIAN_POINT('',(1.175,2.6,3.2));
#3155=CARTESIAN_POINT('',(1.175,2.6,3.2));
#3156=VECTOR('',#3977,1.0);
#3157=CARTESIAN_POINT('',(1.175,2.0,3.2));
#3158=VECTOR('',#3978,1.0);
#3159=CARTESIAN_POINT('',(-0.465,5.2,0.600000000000001));
#3160=CARTESIAN_POINT('',(-0.785,5.2,0.600000000000001));
#3161=CARTESIAN_POINT('',(2.125,5.2,0.600000000000001));
#3162=VECTOR('',#3979,1.0);
#3163=CARTESIAN_POINT('',(-0.465,5.2,1.175));
#3164=CARTESIAN_POINT('',(-0.465,5.2,8.88178419700125E-16));
#3165=VECTOR('',#3980,1.0);
#3166=CARTESIAN_POINT('',(-0.785,5.2,1.175));
#3167=CARTESIAN_POINT('',(2.125,5.2,1.175));
#3168=VECTOR('',#3981,1.0);
#3169=CARTESIAN_POINT('',(-0.785,5.2,8.88178419700125E-16));
#3170=VECTOR('',#3982,1.0);
#3171=CARTESIAN_POINT('',(0.785,5.2,0.600000000000001));
#3172=CARTESIAN_POINT('',(0.465,5.2,0.600000000000001));
#3173=CARTESIAN_POINT('',(2.125,5.2,0.600000000000001));
#3174=VECTOR('',#3983,1.0);
#3175=CARTESIAN_POINT('',(0.785,5.2,1.175));
#3176=CARTESIAN_POINT('',(0.785,5.2,8.88178419700125E-16));
#3177=VECTOR('',#3984,1.0);
#3178=CARTESIAN_POINT('',(0.465,5.2,1.175));
#3179=CARTESIAN_POINT('',(2.125,5.2,1.175));
#3180=VECTOR('',#3985,1.0);
#3181=CARTESIAN_POINT('',(0.465,5.2,8.88178419700125E-16));
#3182=VECTOR('',#3986,1.0);
#3183=CARTESIAN_POINT('',(2.125,5.2,8.88178419700125E-16));
#3184=VECTOR('',#3987,1.0);
#3185=CARTESIAN_POINT('',(1.925,5.2,-0.199999999999999));
#3186=CARTESIAN_POINT('',(1.925,5.2,-0.199999999999999));
#3187=VECTOR('',#3988,1.0);
#3188=CARTESIAN_POINT('',(1.425,5.2,-0.199999999999999));
#3189=CARTESIAN_POINT('',(1.425,5.2,-0.199999999999999));
#3190=VECTOR('',#3989,1.0);
#3191=CARTESIAN_POINT('',(1.425,5.2,-0.199999999999999));
#3192=VECTOR('',#3990,1.0);
#3193=CARTESIAN_POINT('',(-1.425,5.2,-0.199999999999999));
#3194=CARTESIAN_POINT('',(-1.425,5.2,-0.199999999999999));
#3195=VECTOR('',#3991,1.0);
#3196=CARTESIAN_POINT('',(-1.925,5.2,-0.199999999999999));
#3197=CARTESIAN_POINT('',(-1.925,5.2,-0.199999999999999));
#3198=VECTOR('',#3992,1.0);
#3199=CARTESIAN_POINT('',(-1.925,5.2,-0.199999999999999));
#3200=VECTOR('',#3993,1.0);
#3201=CARTESIAN_POINT('',(2.125,4.2,0.100000000000001));
#3202=CARTESIAN_POINT('',(2.125,4.19999999999999,2.5));
#3203=CARTESIAN_POINT('',(2.125,4.2,0.100000000000001));
#3204=VECTOR('',#3994,1.0);
#3205=CARTESIAN_POINT('',(2.125,1.4,0.100000000000001));
#3206=CARTESIAN_POINT('',(2.125,1.4,0.100000000000001));
#3207=VECTOR('',#3995,1.0);
#3208=CARTESIAN_POINT('',(2.125,1.39999999999999,2.5));
#3209=CARTESIAN_POINT('',(2.125,1.4,0.100000000000001));
#3210=VECTOR('',#3996,1.0);
#3211=CARTESIAN_POINT('',(2.125,1.39999999999999,2.5));
#3212=VECTOR('',#3997,1.0);
#3213=CARTESIAN_POINT('',(2.125,2.0,2.8));
#3214=CARTESIAN_POINT('',(2.125,1.0,2.8));
#3215=VECTOR('',#3998,1.0);
#3216=CARTESIAN_POINT('',(2.125,2.0,2.8));
#3217=VECTOR('',#3999,1.0);
#3218=CARTESIAN_POINT('',(-1.925,2.0,-0.200000000000005));
#3219=CARTESIAN_POINT('',(-1.925,2.0,-0.200000000000005));
#3220=VECTOR('',#4000,1.0);
#3221=CARTESIAN_POINT('',(-1.925,1.0,-0.200000000000006));
#3222=VECTOR('',#4001,1.0);
#3223=CARTESIAN_POINT('',(-1.425,2.0,-0.200000000000005));
#3224=CARTESIAN_POINT('',(-1.425,2.0,-0.200000000000005));
#3225=VECTOR('',#4002,1.0);
#3226=CARTESIAN_POINT('',(-1.925,2.0,-0.200000000000005));
#3227=VECTOR('',#4003,1.0);
#3228=CARTESIAN_POINT('',(-1.425,2.0,-0.200000000000005));
#3229=VECTOR('',#4004,1.0);
#3230=CARTESIAN_POINT('',(-1.925,4.2,-0.200000000000001));
#3231=CARTESIAN_POINT('',(-1.925,4.2,-0.200000000000001));
#3232=VECTOR('',#4005,1.0);
#3233=CARTESIAN_POINT('',(-1.925,4.2,-0.200000000000001));
#3234=VECTOR('',#4006,1.0);
#3235=CARTESIAN_POINT('',(-1.425,4.2,-0.200000000000001));
#3236=CARTESIAN_POINT('',(-1.425,4.2,-0.200000000000001));
#3237=VECTOR('',#4007,1.0);
#3238=CARTESIAN_POINT('',(-1.425,5.2,-0.199999999999999));
#3239=VECTOR('',#4008,1.0);
#3240=CARTESIAN_POINT('',(-1.425,4.2,-0.200000000000001));
#3241=VECTOR('',#4009,1.0);
#3242=CARTESIAN_POINT('',(1.425,2.0,-0.200000000000005));
#3243=CARTESIAN_POINT('',(1.425,2.0,-0.200000000000005));
#3244=VECTOR('',#4010,1.0);
#3245=CARTESIAN_POINT('',(1.425,1.0,-0.200000000000006));
#3246=VECTOR('',#4011,1.0);
#3247=CARTESIAN_POINT('',(1.925,2.0,-0.200000000000005));
#3248=CARTESIAN_POINT('',(1.925,2.0,-0.200000000000005));
#3249=VECTOR('',#4012,1.0);
#3250=CARTESIAN_POINT('',(1.425,2.0,-0.200000000000005));
#3251=VECTOR('',#4013,1.0);
#3252=CARTESIAN_POINT('',(1.925,2.0,-0.200000000000005));
#3253=VECTOR('',#4014,1.0);
#3254=CARTESIAN_POINT('',(1.425,4.2,-0.200000000000001));
#3255=CARTESIAN_POINT('',(1.425,4.2,-0.200000000000001));
#3256=VECTOR('',#4015,1.0);
#3257=CARTESIAN_POINT('',(1.425,4.2,-0.200000000000001));
#3258=VECTOR('',#4016,1.0);
#3259=CARTESIAN_POINT('',(1.925,4.2,-0.200000000000001));
#3260=CARTESIAN_POINT('',(1.925,4.2,-0.200000000000001));
#3261=VECTOR('',#4017,1.0);
#3262=CARTESIAN_POINT('',(1.925,5.2,-0.199999999999999));
#3263=VECTOR('',#4018,1.0);
#3264=CARTESIAN_POINT('',(1.925,4.2,-0.200000000000001));
#3265=VECTOR('',#4019,1.0);
#3266=CARTESIAN_POINT('',(-1.825,3.95,1.175));
#3267=CARTESIAN_POINT('',(-1.825,3.95,1.175));
#3268=VECTOR('',#4020,1.0);
#3269=CARTESIAN_POINT('',(-1.825,3.95,2.025));
#3270=CARTESIAN_POINT('',(-1.825,3.95,2.025));
#3271=VECTOR('',#4021,1.0);
#3272=CARTESIAN_POINT('',(-1.825,3.95,2.025));
#3273=VECTOR('',#4022,1.0);
#3274=CARTESIAN_POINT('',(-1.65084969837962,1.11610020108025,1.2216012064815));
#3275=CARTESIAN_POINT('',(-1.5479947702069,1.1846701531954,1.24912435000075));
#3276=VECTOR('',#4023,1.0);
#3277=CARTESIAN_POINT('',(-1.65084969837962,3.95,1.2216012064815));
#3278=CARTESIAN_POINT('',(-1.65084969837962,3.95,1.2216012064815));
#3279=VECTOR('',#4024,1.0);
#3280=CARTESIAN_POINT('',(-1.825,3.95,1.175));
#3281=VECTOR('',#4025,1.0);
#3282=AXIS2_PLACEMENT_3D('',#4026,#4027,#4028);
#3283=AXIS2_PLACEMENT_3D('',#4029,#4030,#4031);
#3284=CARTESIAN_POINT('',(-1.525,1.2,1.125));
#3285=VECTOR('',#4032,1.0);
#3286=CARTESIAN_POINT('',(-1.525,3.95,1.125));
#3287=VECTOR('',#4033,1.0);
#3288=CARTESIAN_POINT('',(1.525,1.2,1.125));
#3289=CARTESIAN_POINT('',(1.525,1.2,0.399999999999999));
#3290=VECTOR('',#4034,1.0);
#3291=CARTESIAN_POINT('',(1.525,3.95,1.125));
#3292=CARTESIAN_POINT('',(1.525,3.95,1.125));
#3293=VECTOR('',#4035,1.0);
#3294=CARTESIAN_POINT('',(1.525,3.95,0.4));
#3295=VECTOR('',#4036,1.0);
#3296=AXIS2_PLACEMENT_3D('',#4037,#4038,#4039);
#3297=AXIS2_PLACEMENT_3D('',#4040,#4041,#4042);
#3298=CARTESIAN_POINT('',(1.67596161205719,1.09935892529521,1.21488146230911));
#3299=VECTOR('',#4043,1.0);
#3300=CARTESIAN_POINT('',(1.825,3.95,1.175));
#3301=CARTESIAN_POINT('',(1.825,3.95,1.175));
#3302=VECTOR('',#4044,1.0);
#3303=CARTESIAN_POINT('',(1.65084969837962,3.95,1.2216012064815));
#3304=VECTOR('',#4045,1.0);
#3305=CARTESIAN_POINT('',(1.825,3.95,2.025));
#3306=CARTESIAN_POINT('',(1.825,3.95,2.025));
#3307=VECTOR('',#4046,1.0);
#3308=CARTESIAN_POINT('',(1.825,3.95,1.175));
#3309=VECTOR('',#4047,1.0);
#3310=CARTESIAN_POINT('',(1.54799477020691,1.1846701531954,1.95087564999925));
#3311=VECTOR('',#4048,1.0);
#3312=CARTESIAN_POINT('',(1.825,3.95,2.025));
#3313=VECTOR('',#4049,1.0);
#3314=CARTESIAN_POINT('',(1.525,1.2,2.075));
#3315=AXIS2_PLACEMENT_3D('',#4050,#4051,#4052);
#3316=CARTESIAN_POINT('',(1.525,3.95,2.075));
#3317=CARTESIAN_POINT('',(1.525,3.95,2.075));
#3318=VECTOR('',#4053,1.0);
#3319=AXIS2_PLACEMENT_3D('',#4054,#4055,#4056);
#3320=CARTESIAN_POINT('',(1.525,1.2,2.8));
#3321=CARTESIAN_POINT('',(1.525,1.2,2.075));
#3322=VECTOR('',#4057,1.0);
#3323=CARTESIAN_POINT('',(1.525,2.0,2.8));
#3324=CARTESIAN_POINT('',(1.525,3.95,2.8));
#3325=VECTOR('',#4058,1.0);
#3326=CARTESIAN_POINT('',(1.525,2.0,3.0));
#3327=CARTESIAN_POINT('',(1.525,2.0,2.8));
#3328=VECTOR('',#4059,1.0);
#3329=CARTESIAN_POINT('',(1.525,2.2,2.8));
#3330=CARTESIAN_POINT('',(1.525,3.4375,1.5625));
#3331=VECTOR('',#4060,1.0);
#3332=CARTESIAN_POINT('',(1.525,3.95,2.8));
#3333=CARTESIAN_POINT('',(1.525,3.95,2.8));
#3334=VECTOR('',#4061,1.0);
#3335=CARTESIAN_POINT('',(1.525,3.95,2.075));
#3336=VECTOR('',#4062,1.0);
#3337=CARTESIAN_POINT('',(-1.175,2.8,2.8));
#3338=CARTESIAN_POINT('',(-1.175,2.2,2.8));
#3339=CARTESIAN_POINT('',(-1.175,2.6,2.8));
#3340=VECTOR('',#4063,1.0);
#3341=CARTESIAN_POINT('',(-1.525,2.2,2.8));
#3342=CARTESIAN_POINT('',(1.525,2.2,2.8));
#3343=VECTOR('',#4064,1.0);
#3344=CARTESIAN_POINT('',(-1.525,3.95,2.8));
#3345=CARTESIAN_POINT('',(-1.525,3.95,2.8));
#3346=VECTOR('',#4065,1.0);
#3347=CARTESIAN_POINT('',(1.525,3.95,2.8));
#3348=VECTOR('',#4066,1.0);
#3349=CARTESIAN_POINT('',(1.175,2.2,2.8));
#3350=CARTESIAN_POINT('',(1.525,2.2,2.8));
#3351=VECTOR('',#4067,1.0);
#3352=CARTESIAN_POINT('',(1.175,2.8,2.8));
#3353=CARTESIAN_POINT('',(1.175,2.0,2.8));
#3354=VECTOR('',#4068,1.0);
#3355=CARTESIAN_POINT('',(1.525,2.8,2.8));
#3356=VECTOR('',#4069,1.0);
#3357=CARTESIAN_POINT('',(-1.525,1.2,2.8));
#3358=CARTESIAN_POINT('',(-1.525,2.0,2.8));
#3359=CARTESIAN_POINT('',(-1.525,3.95,2.8));
#3360=VECTOR('',#4070,1.0);
#3361=CARTESIAN_POINT('',(-1.525,1.2,2.8));
#3362=VECTOR('',#4071,1.0);
#3363=CARTESIAN_POINT('',(-1.525,3.95,2.8));
#3364=VECTOR('',#4072,1.0);
#3365=CARTESIAN_POINT('',(-1.525,2.0,3.0));
#3366=CARTESIAN_POINT('',(-1.525,3.075,1.925));
#3367=VECTOR('',#4073,1.0);
#3368=CARTESIAN_POINT('',(-1.525,2.0,2.8));
#3369=VECTOR('',#4074,1.0);
#3370=CARTESIAN_POINT('',(-1.65084969837962,1.11610020108025,1.97839879351849));
#3371=AXIS2_PLACEMENT_3D('',#4075,#4076,#4077);
#3372=CARTESIAN_POINT('',(-1.65084969837962,3.95,1.97839879351849));
#3373=CARTESIAN_POINT('',(-1.65084969837962,3.95,1.97839879351849));
#3374=VECTOR('',#4078,1.0);
#3375=AXIS2_PLACEMENT_3D('',#4079,#4080,#4081);
#3376=CARTESIAN_POINT('',(-1.67596161205719,1.09935892529521,1.98511853769089));
#3377=VECTOR('',#4082,1.0);
#3378=CARTESIAN_POINT('',(-1.65084969837962,3.95,1.97839879351849));
#3379=VECTOR('',#4083,1.0);
#3380=CARTESIAN_POINT('',(-0.465,3.95,1.525));
#3381=CARTESIAN_POINT('',(-0.785,3.95,1.525));
#3382=CARTESIAN_POINT('',(-1.625,3.95,1.525));
#3383=VECTOR('',#4084,1.0);
#3384=CARTESIAN_POINT('',(-0.465,3.95,0.774999999999999));
#3385=CARTESIAN_POINT('',(-0.465,3.95,1.125));
#3386=VECTOR('',#4085,1.0);
#3387=CARTESIAN_POINT('',(-0.785,3.95,0.774999999999999));
#3388=CARTESIAN_POINT('',(-1.625,3.95,0.774999999999999));
#3389=VECTOR('',#4086,1.0);
#3390=CARTESIAN_POINT('',(-0.785,3.95,1.125));
#3391=VECTOR('',#4087,1.0);
#3392=CARTESIAN_POINT('',(0.785,3.95,1.525));
#3393=CARTESIAN_POINT('',(0.465,3.95,1.525));
#3394=CARTESIAN_POINT('',(-1.625,3.95,1.525));
#3395=VECTOR('',#4088,1.0);
#3396=CARTESIAN_POINT('',(0.785,3.95,0.774999999999999));
#3397=CARTESIAN_POINT('',(0.785,3.95,1.125));
#3398=VECTOR('',#4089,1.0);
#3399=CARTESIAN_POINT('',(0.465,3.95,0.774999999999999));
#3400=CARTESIAN_POINT('',(-1.625,3.95,0.774999999999999));
#3401=VECTOR('',#4090,1.0);
#3402=CARTESIAN_POINT('',(0.465,3.95,1.125));
#3403=VECTOR('',#4091,1.0);
#3404=CARTESIAN_POINT('',(-1.02307692307693,1.53461538461538,2.8));
#3405=VECTOR('',#4092,1.0);
#3406=CARTESIAN_POINT('',(-1.175,2.0,2.8));
#3407=VECTOR('',#4093,1.0);
#3408=CARTESIAN_POINT('',(1.175,2.0,3.0));
#3409=CARTESIAN_POINT('',(1.175,2.0,2.8));
#3410=VECTOR('',#4094,1.0);
#3411=CARTESIAN_POINT('',(2.125,2.0,3.0));
#3412=VECTOR('',#4095,1.0);
#3413=CARTESIAN_POINT('',(2.125,2.0,2.8));
#3414=VECTOR('',#4096,1.0);
#3415=CARTESIAN_POINT('',(1.175,2.2,2.8));
#3416=VECTOR('',#4097,1.0);
#3417=CARTESIAN_POINT('',(1.175,2.6,3.0));
#3418=CARTESIAN_POINT('',(1.175,2.6,2.8));
#3419=VECTOR('',#4098,1.0);
#3420=CARTESIAN_POINT('',(1.175,2.4,3.2));
#3421=VECTOR('',#4099,1.0);
#3422=CARTESIAN_POINT('',(-1.175,2.6,3.0));
#3423=CARTESIAN_POINT('',(-1.175,2.6,2.8));
#3424=VECTOR('',#4100,1.0);
#3425=CARTESIAN_POINT('',(1.175,2.6,3.0));
#3426=VECTOR('',#4101,1.0);
#3427=CARTESIAN_POINT('',(-1.175,2.0,3.0));
#3428=CARTESIAN_POINT('',(-1.175,2.0,2.8));
#3429=VECTOR('',#4102,1.0);
#3430=CARTESIAN_POINT('',(-1.175,2.2,2.8));
#3431=VECTOR('',#4103,1.0);
#3432=CARTESIAN_POINT('',(-1.175,2.7,2.9));
#3433=VECTOR('',#4104,1.0);
#3434=CARTESIAN_POINT('',(-1.175,2.0,3.0));
#3435=VECTOR('',#4105,1.0);
#3436=CARTESIAN_POINT('',(1.02307692307692,1.53461538461539,2.8));
#3437=VECTOR('',#4106,1.0);
#3438=CARTESIAN_POINT('',(2.625,4.2,2.0));
#3439=CARTESIAN_POINT('',(2.125,4.19999999999999,2.5));
#3440=VECTOR('',#4107,1.0);
#3441=CARTESIAN_POINT('',(2.625,1.4,2.0));
#3442=CARTESIAN_POINT('',(2.125,1.39999999999999,2.5));
#3443=VECTOR('',#4108,1.0);
#3444=CARTESIAN_POINT('',(2.625,1.4,2.0));
#3445=VECTOR('',#4109,1.0);
#3446=CARTESIAN_POINT('',(3.425,4.2,2.0));
#3447=CARTESIAN_POINT('',(2.625,4.2,2.0));
#3448=VECTOR('',#4110,1.0);
#3449=CARTESIAN_POINT('',(3.425,1.4,2.0));
#3450=CARTESIAN_POINT('',(2.625,1.4,2.0));
#3451=VECTOR('',#4111,1.0);
#3452=CARTESIAN_POINT('',(3.425,1.4,2.0));
#3453=VECTOR('',#4112,1.0);
#3454=CARTESIAN_POINT('',(3.625,4.2,1.8));
#3455=CARTESIAN_POINT('',(3.425,4.2,2.0));
#3456=VECTOR('',#4113,1.0);
#3457=CARTESIAN_POINT('',(3.625,1.4,1.8));
#3458=CARTESIAN_POINT('',(3.425,1.4,2.0));
#3459=VECTOR('',#4114,1.0);
#3460=CARTESIAN_POINT('',(3.625,1.4,1.8));
#3461=VECTOR('',#4115,1.0);
#3462=CARTESIAN_POINT('',(3.625,4.2,0.6));
#3463=CARTESIAN_POINT('',(3.625,4.2,1.8));
#3464=VECTOR('',#4116,1.0);
#3465=CARTESIAN_POINT('',(3.625,1.4,0.6));
#3466=CARTESIAN_POINT('',(3.625,1.4,1.8));
#3467=VECTOR('',#4117,1.0);
#3468=CARTESIAN_POINT('',(3.625,1.4,0.6));
#3469=VECTOR('',#4118,1.0);
#3470=CARTESIAN_POINT('',(3.125,4.2,0.1));
#3471=CARTESIAN_POINT('',(3.625,4.2,0.6));
#3472=VECTOR('',#4119,1.0);
#3473=CARTESIAN_POINT('',(3.125,1.4,0.1));
#3474=CARTESIAN_POINT('',(3.625,1.4,0.6));
#3475=VECTOR('',#4120,1.0);
#3476=CARTESIAN_POINT('',(3.125,1.4,0.1));
#3477=VECTOR('',#4121,1.0);
#3478=CARTESIAN_POINT('',(2.66271243444677,4.20000000000001,0.1));
#3479=CARTESIAN_POINT('',(2.66271243444677,2.0,0.1));
#3480=CARTESIAN_POINT('',(2.66271243444677,2.0,0.1));
#3481=VECTOR('',#4122,1.0);
#3482=CARTESIAN_POINT('',(3.125,4.2,0.1));
#3483=VECTOR('',#4123,1.0);
#3484=CARTESIAN_POINT('',(3.125,1.4,0.1));
#3485=VECTOR('',#4124,1.0);
#3486=CARTESIAN_POINT('',(2.37073593128807,4.20000000000001,0.1));
#3487=CARTESIAN_POINT('',(3.125,4.2,0.1));
#3488=VECTOR('',#4125,1.0);
#3489=CARTESIAN_POINT('',(2.37073593128807,2.0,0.1));
#3490=CARTESIAN_POINT('',(2.37073593128807,2.0,0.1));
#3491=VECTOR('',#4126,1.0);
#3492=CARTESIAN_POINT('',(3.125,2.0,0.1));
#3493=VECTOR('',#4127,1.0);
#3494=CARTESIAN_POINT('',(2.795,4.2,0.0500000000000011));
#3495=CARTESIAN_POINT('',(3.625,4.2,0.0500000000000011));
#3496=CARTESIAN_POINT('',(2.795,4.2,0.0500000000000011));
#3497=VECTOR('',#4128,1.0);
#3498=CARTESIAN_POINT('',(3.625,4.2,-0.199999999999999));
#3499=CARTESIAN_POINT('',(3.625,4.20000000000001,2.0672121422057E-14));
#3500=VECTOR('',#4129,1.0);
#3501=CARTESIAN_POINT('',(2.795,4.2,-0.199999999999999));
#3502=CARTESIAN_POINT('',(3.825,4.2,-0.199999999999999));
#3503=VECTOR('',#4130,1.0);
#3504=AXIS2_PLACEMENT_3D('',#4131,#4132,#4133);
#3505=AXIS2_PLACEMENT_3D('',#4134,#4135,#4136);
#3506=CARTESIAN_POINT('',(-3.625,4.2,0.6));
#3507=CARTESIAN_POINT('',(-3.625,4.2,1.8));
#3508=CARTESIAN_POINT('',(-3.625,4.2,0.6));
#3509=VECTOR('',#4137,1.0);
#3510=CARTESIAN_POINT('',(-3.625,1.4,0.6));
#3511=CARTESIAN_POINT('',(-3.625,1.4,0.6));
#3512=VECTOR('',#4138,1.0);
#3513=CARTESIAN_POINT('',(-3.625,1.4,1.8));
#3514=CARTESIAN_POINT('',(-3.625,1.4,0.6));
#3515=VECTOR('',#4139,1.0);
#3516=CARTESIAN_POINT('',(-3.625,1.4,1.8));
#3517=VECTOR('',#4140,1.0);
#3518=CARTESIAN_POINT('',(-3.425,4.2,2.0));
#3519=CARTESIAN_POINT('',(-3.625,4.2,1.8));
#3520=VECTOR('',#4141,1.0);
#3521=CARTESIAN_POINT('',(-3.425,1.4,2.0));
#3522=CARTESIAN_POINT('',(-3.625,1.4,1.8));
#3523=VECTOR('',#4142,1.0);
#3524=CARTESIAN_POINT('',(-3.425,1.4,2.0));
#3525=VECTOR('',#4143,1.0);
#3526=CARTESIAN_POINT('',(-2.625,4.2,2.0));
#3527=CARTESIAN_POINT('',(-3.425,4.2,2.0));
#3528=VECTOR('',#4144,1.0);
#3529=CARTESIAN_POINT('',(-2.625,1.4,2.0));
#3530=CARTESIAN_POINT('',(-3.425,1.4,2.0));
#3531=VECTOR('',#4145,1.0);
#3532=CARTESIAN_POINT('',(-2.625,1.4,2.0));
#3533=VECTOR('',#4146,1.0);
#3534=CARTESIAN_POINT('',(-2.625,4.2,2.0));
#3535=VECTOR('',#4147,1.0);
#3536=CARTESIAN_POINT('',(-2.625,1.4,2.0));
#3537=VECTOR('',#4148,1.0);
#3538=CARTESIAN_POINT('',(-2.66271243444677,2.0,0.100000000000001));
#3539=CARTESIAN_POINT('',(-2.66271243444677,4.2,0.100000000000001));
#3540=CARTESIAN_POINT('',(-2.66271243444677,2.0,0.100000000000001));
#3541=VECTOR('',#4149,1.0);
#3542=CARTESIAN_POINT('',(-2.37073593128807,2.0,0.100000000000001));
#3543=CARTESIAN_POINT('',(-2.125,2.0,0.100000000000001));
#3544=VECTOR('',#4150,1.0);
#3545=CARTESIAN_POINT('',(-2.37073593128807,4.2,0.100000000000001));
#3546=CARTESIAN_POINT('',(-2.37073593128807,2.0,0.100000000000001));
#3547=VECTOR('',#4151,1.0);
#3548=CARTESIAN_POINT('',(-2.125,4.2,0.100000000000001));
#3549=VECTOR('',#4152,1.0);
#3550=CARTESIAN_POINT('',(-3.125,1.4,0.100000000000001));
#3551=CARTESIAN_POINT('',(-2.125,1.4,0.100000000000001));
#3552=VECTOR('',#4153,1.0);
#3553=CARTESIAN_POINT('',(-3.125,4.2,0.100000000000001));
#3554=CARTESIAN_POINT('',(-3.125,1.4,0.100000000000001));
#3555=VECTOR('',#4154,1.0);
#3556=CARTESIAN_POINT('',(-2.125,4.2,0.100000000000001));
#3557=VECTOR('',#4155,1.0);
#3558=CARTESIAN_POINT('',(-3.125,4.2,0.100000000000001));
#3559=VECTOR('',#4156,1.0);
#3560=CARTESIAN_POINT('',(-3.125,1.4,0.100000000000001));
#3561=VECTOR('',#4157,1.0);
#3562=CARTESIAN_POINT('',(-2.795,4.2,-0.199999999999999));
#3563=CARTESIAN_POINT('',(-3.625,4.2,-0.199999999999999));
#3564=CARTESIAN_POINT('',(-2.795,4.2,-0.199999999999999));
#3565=VECTOR('',#4158,1.0);
#3566=CARTESIAN_POINT('',(-3.625,4.2,0.0500000000000011));
#3567=CARTESIAN_POINT('',(-3.625,4.2,1.87928376564154E-14));
#3568=VECTOR('',#4159,1.0);
#3569=CARTESIAN_POINT('',(-2.795,4.2,0.0500000000000011));
#3570=CARTESIAN_POINT('',(-3.825,4.2,0.0500000000000011));
#3571=VECTOR('',#4160,1.0);
#3572=AXIS2_PLACEMENT_3D('',#4161,#4162,#4163);
#3573=AXIS2_PLACEMENT_3D('',#4164,#4165,#4166);
#3574=CARTESIAN_POINT('',(1.525,1.2,0.399999999999999));
#3575=VECTOR('',#4167,1.0);
#3576=CARTESIAN_POINT('',(0.150000000000002,1.2,0.4));
#3577=VECTOR('',#4168,1.0);
#3578=CARTESIAN_POINT('',(-0.549999999999999,3.6,-3.55999999999999));
#3579=VECTOR('',#4169,1.0);
#3580=CARTESIAN_POINT('',(-0.549999999999999,2.45,-3.55999999999999));
#3581=VECTOR('',#4170,1.0);
#3582=CARTESIAN_POINT('',(-0.15,2.45,-3.55999999999999));
#3583=VECTOR('',#4171,1.0);
#3584=CARTESIAN_POINT('',(0.150000000000002,2.45,-3.55999999999999));
#3585=VECTOR('',#4172,1.0);
#3586=CARTESIAN_POINT('',(0.550000000000002,2.45,-3.55999999999999));
#3587=VECTOR('',#4173,1.0);
#3588=CARTESIAN_POINT('',(0.550000000000002,3.6,-3.55999999999999));
#3589=VECTOR('',#4174,1.0);
#3590=CARTESIAN_POINT('',(0.465,2.7,1.525));
#3591=CARTESIAN_POINT('',(0.465,1.7,1.325));
#3592=CARTESIAN_POINT('',(0.465,2.7,1.525));
#3593=VECTOR('',#4175,1.0);
#3594=CARTESIAN_POINT('',(0.785,1.7,1.325));
#3595=CARTESIAN_POINT('',(0.785,1.7,1.325));
#3596=VECTOR('',#4176,1.0);
#3597=CARTESIAN_POINT('',(0.785,2.7,1.525));
#3598=CARTESIAN_POINT('',(0.785,2.7,1.525));
#3599=VECTOR('',#4177,1.0);
#3600=CARTESIAN_POINT('',(0.785,2.7,1.525));
#3601=VECTOR('',#4178,1.0);
#3602=CARTESIAN_POINT('',(0.465,1.7,0.924999999999999));
#3603=CARTESIAN_POINT('',(0.465,1.7,1.325));
#3604=VECTOR('',#4179,1.0);
#3605=CARTESIAN_POINT('',(0.785,1.7,0.924999999999999));
#3606=CARTESIAN_POINT('',(0.785,1.7,0.924999999999999));
#3607=VECTOR('',#4180,1.0);
#3608=CARTESIAN_POINT('',(0.785,1.7,1.325));
#3609=VECTOR('',#4181,1.0);
#3610=CARTESIAN_POINT('',(0.465,2.4,0.774999999999999));
#3611=CARTESIAN_POINT('',(0.465,1.7,0.924999999999999));
#3612=VECTOR('',#4182,1.0);
#3613=CARTESIAN_POINT('',(0.785,2.4,0.774999999999999));
#3614=CARTESIAN_POINT('',(0.785,2.4,0.774999999999999));
#3615=VECTOR('',#4183,1.0);
#3616=CARTESIAN_POINT('',(0.785,1.7,0.924999999999999));
#3617=VECTOR('',#4184,1.0);
#3618=CARTESIAN_POINT('',(0.465,5.1,1.525));
#3619=VECTOR('',#4185,1.0);
#3620=CARTESIAN_POINT('',(0.465,2.4,0.774999999999999));
#3621=VECTOR('',#4186,1.0);
#3622=CARTESIAN_POINT('',(0.785,5.1,1.525));
#3623=VECTOR('',#4187,1.0);
#3624=CARTESIAN_POINT('',(0.785,2.4,0.774999999999999));
#3625=VECTOR('',#4188,1.0);
#3626=CARTESIAN_POINT('',(0.785,5.4,0.600000000000001));
#3627=CARTESIAN_POINT('',(0.785,5.1,0.600000000000001));
#3628=VECTOR('',#4189,1.0);
#3629=CARTESIAN_POINT('',(0.465,5.4,0.600000000000001));
#3630=CARTESIAN_POINT('',(0.465,5.1,0.600000000000001));
#3631=VECTOR('',#4190,1.0);
#3632=CARTESIAN_POINT('',(0.785,5.4,0.600000000000001));
#3633=VECTOR('',#4191,1.0);
#3634=CARTESIAN_POINT('',(0.465,5.9,1.175));
#3635=CARTESIAN_POINT('',(0.465,5.9,1.175));
#3636=VECTOR('',#4192,1.0);
#3637=CARTESIAN_POINT('',(0.785,5.9,1.175));
#3638=CARTESIAN_POINT('',(0.785,5.9,1.175));
#3639=VECTOR('',#4193,1.0);
#3640=CARTESIAN_POINT('',(0.785,5.9,1.175));
#3641=VECTOR('',#4194,1.0);
#3642=CARTESIAN_POINT('',(0.785,5.4,7.58941520739853E-16));
#3643=CARTESIAN_POINT('',(0.785,5.4,0.600000000000001));
#3644=VECTOR('',#4195,1.0);
#3645=CARTESIAN_POINT('',(0.785,5.6,-0.199999999999999));
#3646=CARTESIAN_POINT('',(0.785,5.4,7.7715611723761E-16));
#3647=VECTOR('',#4196,1.0);
#3648=CARTESIAN_POINT('',(0.785,6.0,-0.199999999999999));
#3649=CARTESIAN_POINT('',(0.785,5.6,-0.199999999999999));
#3650=VECTOR('',#4197,1.0);
#3651=CARTESIAN_POINT('',(0.785,6.2,7.31836466427715E-16));
#3652=CARTESIAN_POINT('',(0.785,6.0,-0.199999999999999));
#3653=VECTOR('',#4198,1.0);
#3654=CARTESIAN_POINT('',(0.785,6.2,0.300000000000001));
#3655=CARTESIAN_POINT('',(0.785,6.2,7.21644966006352E-16));
#3656=VECTOR('',#4199,1.0);
#3657=CARTESIAN_POINT('',(0.785,5.9,0.300000000000001));
#3658=CARTESIAN_POINT('',(0.785,6.2,0.300000000000001));
#3659=VECTOR('',#4200,1.0);
#3660=CARTESIAN_POINT('',(0.785,5.9,0.300000000000001));
#3661=VECTOR('',#4201,1.0);
#3662=CARTESIAN_POINT('',(0.465,5.9,0.300000000000001));
#3663=CARTESIAN_POINT('',(0.465,5.9,0.300000000000001));
#3664=VECTOR('',#4202,1.0);
#3665=CARTESIAN_POINT('',(0.465,6.2,0.300000000000001));
#3666=CARTESIAN_POINT('',(0.465,6.2,0.300000000000001));
#3667=VECTOR('',#4203,1.0);
#3668=CARTESIAN_POINT('',(0.465,6.2,7.31836466427715E-16));
#3669=CARTESIAN_POINT('',(0.465,6.2,7.21644966006352E-16));
#3670=VECTOR('',#4204,1.0);
#3671=CARTESIAN_POINT('',(0.465,6.0,-0.199999999999999));
#3672=CARTESIAN_POINT('',(0.465,6.0,-0.199999999999999));
#3673=VECTOR('',#4205,1.0);
#3674=CARTESIAN_POINT('',(0.465,5.6,-0.199999999999999));
#3675=CARTESIAN_POINT('',(0.465,5.6,-0.199999999999999));
#3676=VECTOR('',#4206,1.0);
#3677=CARTESIAN_POINT('',(0.465,5.4,7.58941520739853E-16));
#3678=CARTESIAN_POINT('',(0.465,5.4,7.7715611723761E-16));
#3679=VECTOR('',#4207,1.0);
#3680=CARTESIAN_POINT('',(0.465,5.4,0.600000000000001));
#3681=VECTOR('',#4208,1.0);
#3682=CARTESIAN_POINT('',(0.785,5.4,7.58941520739853E-16));
#3683=VECTOR('',#4209,1.0);
#3684=CARTESIAN_POINT('',(0.785,5.6,-0.199999999999999));
#3685=VECTOR('',#4210,1.0);
#3686=CARTESIAN_POINT('',(0.785,6.0,-0.199999999999999));
#3687=VECTOR('',#4211,1.0);
#3688=CARTESIAN_POINT('',(0.785,6.2,7.31836466427715E-16));
#3689=VECTOR('',#4212,1.0);
#3690=CARTESIAN_POINT('',(0.785,6.2,0.300000000000001));
#3691=VECTOR('',#4213,1.0);
#3692=CARTESIAN_POINT('',(0.785,5.9,0.300000000000001));
#3693=VECTOR('',#4214,1.0);
#3694=CARTESIAN_POINT('',(2.795,2.0,0.0500000000000011));
#3695=AXIS2_PLACEMENT_3D('',#4215,#4216,#4217);
#3696=CARTESIAN_POINT('',(2.795,2.0,0.0500000000000011));
#3697=VECTOR('',#4218,1.0);
#3698=CARTESIAN_POINT('',(3.625,2.0,0.0500000000000011));
#3699=CARTESIAN_POINT('',(2.795,2.0,0.0500000000000011));
#3700=VECTOR('',#4219,1.0);
#3701=CARTESIAN_POINT('',(3.825,2.2,0.0500000000000011));
#3702=CARTESIAN_POINT('',(3.21,1.585,0.0500000000000011));
#3703=VECTOR('',#4220,1.0);
#3704=CARTESIAN_POINT('',(3.825,4.00000000000001,0.0500000000000011));
#3705=CARTESIAN_POINT('',(3.825,2.0,0.0500000000000011));
#3706=VECTOR('',#4221,1.0);
#3707=CARTESIAN_POINT('',(4.31,3.51500000000001,0.0500000000000011));
#3708=VECTOR('',#4222,1.0);
#3709=CARTESIAN_POINT('',(3.825,2.2,-0.199999999999999));
#3710=CARTESIAN_POINT('',(3.825,2.2,0.0500000000000011));
#3711=VECTOR('',#4223,1.0);
#3712=CARTESIAN_POINT('',(3.825,4.00000000000001,-0.199999999999999));
#3713=CARTESIAN_POINT('',(3.825,2.0,-0.199999999999999));
#3714=VECTOR('',#4224,1.0);
#3715=CARTESIAN_POINT('',(3.825,4.00000000000001,0.0500000000000091));
#3716=VECTOR('',#4225,1.0);
#3717=CARTESIAN_POINT('',(3.625,2.0,-0.199999999999999));
#3718=CARTESIAN_POINT('',(3.725,2.1,-0.199999999999999));
#3719=VECTOR('',#4226,1.0);
#3720=CARTESIAN_POINT('',(2.795,2.0,-0.199999999999999));
#3721=CARTESIAN_POINT('',(3.825,2.0,-0.199999999999999));
#3722=VECTOR('',#4227,1.0);
#3723=CARTESIAN_POINT('',(2.795,2.0,-0.199999999999999));
#3724=VECTOR('',#4228,1.0);
#3725=CARTESIAN_POINT('',(4.825,3.00000000000001,-0.199999999999999));
#3726=VECTOR('',#4229,1.0);
#3727=AXIS2_PLACEMENT_3D('',#4230,#4231,#4232);
#3728=CARTESIAN_POINT('',(3.625,2.0,0.250000000000001));
#3729=VECTOR('',#4233,1.0);
#3730=CARTESIAN_POINT('',(-3.825,2.2,-0.199999999999999));
#3731=CARTESIAN_POINT('',(-3.825,4.00000000000001,-0.199999999999999));
#3732=CARTESIAN_POINT('',(-3.825,2.0,-0.199999999999999));
#3733=VECTOR('',#4234,1.0);
#3734=CARTESIAN_POINT('',(-3.825,2.2,0.0500000000000011));
#3735=CARTESIAN_POINT('',(-3.825,2.2,-0.199999999999999));
#3736=VECTOR('',#4235,1.0);
#3737=CARTESIAN_POINT('',(-3.825,4.00000000000001,0.0500000000000011));
#3738=CARTESIAN_POINT('',(-3.825,2.0,0.0500000000000011));
#3739=VECTOR('',#4236,1.0);
#3740=CARTESIAN_POINT('',(-3.825,4.00000000000001,-0.199999999999992));
#3741=VECTOR('',#4237,1.0);
#3742=CARTESIAN_POINT('',(-3.625,2.0,0.0500000000000011));
#3743=CARTESIAN_POINT('',(-3.725,2.1,0.0500000000000011));
#3744=VECTOR('',#4238,1.0);
#3745=CARTESIAN_POINT('',(-2.795,2.0,0.0500000000000011));
#3746=CARTESIAN_POINT('',(-3.825,2.0,0.0500000000000011));
#3747=VECTOR('',#4239,1.0);
#3748=CARTESIAN_POINT('',(-2.795,2.0,0.0500000000000011));
#3749=VECTOR('',#4240,1.0);
#3750=CARTESIAN_POINT('',(-4.825,3.00000000000001,0.0500000000000011));
#3751=VECTOR('',#4241,1.0);
#3752=AXIS2_PLACEMENT_3D('',#4242,#4243,#4244);
#3753=CARTESIAN_POINT('',(-2.795,2.0,-0.199999999999999));
#3754=AXIS2_PLACEMENT_3D('',#4245,#4246,#4247);
#3755=CARTESIAN_POINT('',(-2.795,2.0,-0.199999999999999));
#3756=VECTOR('',#4248,1.0);
#3757=CARTESIAN_POINT('',(-3.625,2.0,-0.199999999999999));
#3758=CARTESIAN_POINT('',(-2.795,2.0,-0.199999999999999));
#3759=VECTOR('',#4249,1.0);
#3760=CARTESIAN_POINT('',(-3.21,1.585,-0.199999999999999));
#3761=VECTOR('',#4250,1.0);
#3762=CARTESIAN_POINT('',(-4.31,3.51500000000001,-0.199999999999999));
#3763=VECTOR('',#4251,1.0);
#3764=CARTESIAN_POINT('',(-3.625,2.0,0.250000000000001));
#3765=VECTOR('',#4252,1.0);
#3766=CARTESIAN_POINT('',(-0.785,2.7,1.525));
#3767=CARTESIAN_POINT('',(-0.785,1.7,1.325));
#3768=CARTESIAN_POINT('',(-0.785,2.7,1.525));
#3769=VECTOR('',#4253,1.0);
#3770=CARTESIAN_POINT('',(-0.465,1.7,1.325));
#3771=CARTESIAN_POINT('',(-0.465,1.7,1.325));
#3772=VECTOR('',#4254,1.0);
#3773=CARTESIAN_POINT('',(-0.465,2.7,1.525));
#3774=CARTESIAN_POINT('',(-0.465,2.7,1.525));
#3775=VECTOR('',#4255,1.0);
#3776=CARTESIAN_POINT('',(-0.465,2.7,1.525));
#3777=VECTOR('',#4256,1.0);
#3778=CARTESIAN_POINT('',(-0.785,1.7,0.924999999999999));
#3779=CARTESIAN_POINT('',(-0.785,1.7,1.325));
#3780=VECTOR('',#4257,1.0);
#3781=CARTESIAN_POINT('',(-0.465,1.7,0.924999999999999));
#3782=CARTESIAN_POINT('',(-0.465,1.7,0.924999999999999));
#3783=VECTOR('',#4258,1.0);
#3784=CARTESIAN_POINT('',(-0.465,1.7,1.325));
#3785=VECTOR('',#4259,1.0);
#3786=CARTESIAN_POINT('',(-0.785,2.4,0.774999999999999));
#3787=CARTESIAN_POINT('',(-0.785,1.7,0.924999999999999));
#3788=VECTOR('',#4260,1.0);
#3789=CARTESIAN_POINT('',(-0.465,2.4,0.774999999999999));
#3790=CARTESIAN_POINT('',(-0.465,2.4,0.774999999999999));
#3791=VECTOR('',#4261,1.0);
#3792=CARTESIAN_POINT('',(-0.465,1.7,0.924999999999999));
#3793=VECTOR('',#4262,1.0);
#3794=CARTESIAN_POINT('',(-0.785,5.1,1.525));
#3795=VECTOR('',#4263,1.0);
#3796=CARTESIAN_POINT('',(-0.785,2.4,0.774999999999999));
#3797=VECTOR('',#4264,1.0);
#3798=CARTESIAN_POINT('',(-0.465,5.1,1.525));
#3799=VECTOR('',#4265,1.0);
#3800=CARTESIAN_POINT('',(-0.465,2.4,0.774999999999999));
#3801=VECTOR('',#4266,1.0);
#3802=CARTESIAN_POINT('',(-0.465,5.4,0.600000000000001));
#3803=CARTESIAN_POINT('',(-0.465,5.1,0.600000000000001));
#3804=VECTOR('',#4267,1.0);
#3805=CARTESIAN_POINT('',(-0.785,5.4,0.600000000000001));
#3806=CARTESIAN_POINT('',(-0.785,5.1,0.600000000000001));
#3807=VECTOR('',#4268,1.0);
#3808=CARTESIAN_POINT('',(-0.465,5.4,0.600000000000001));
#3809=VECTOR('',#4269,1.0);
#3810=CARTESIAN_POINT('',(-0.785,5.9,1.175));
#3811=CARTESIAN_POINT('',(-0.785,5.9,1.175));
#3812=VECTOR('',#4270,1.0);
#3813=CARTESIAN_POINT('',(-0.465,5.9,1.175));
#3814=CARTESIAN_POINT('',(-0.465,5.9,1.175));
#3815=VECTOR('',#4271,1.0);
#3816=CARTESIAN_POINT('',(-0.465,5.9,1.175));
#3817=VECTOR('',#4272,1.0);
#3818=CARTESIAN_POINT('',(-0.465,5.4,7.58941520739853E-16));
#3819=CARTESIAN_POINT('',(-0.465,5.4,0.600000000000001));
#3820=VECTOR('',#4273,1.0);
#3821=CARTESIAN_POINT('',(-0.465,5.6,-0.199999999999999));
#3822=CARTESIAN_POINT('',(-0.465,5.4,7.7715611723761E-16));
#3823=VECTOR('',#4274,1.0);
#3824=CARTESIAN_POINT('',(-0.465,6.0,-0.199999999999999));
#3825=CARTESIAN_POINT('',(-0.465,5.6,-0.199999999999999));
#3826=VECTOR('',#4275,1.0);
#3827=CARTESIAN_POINT('',(-0.465,6.2,7.31836466427715E-16));
#3828=CARTESIAN_POINT('',(-0.465,6.0,-0.199999999999999));
#3829=VECTOR('',#4276,1.0);
#3830=CARTESIAN_POINT('',(-0.465,6.2,0.300000000000001));
#3831=CARTESIAN_POINT('',(-0.465,6.2,7.21644966006352E-16));
#3832=VECTOR('',#4277,1.0);
#3833=CARTESIAN_POINT('',(-0.465,5.9,0.300000000000001));
#3834=CARTESIAN_POINT('',(-0.465,6.2,0.300000000000001));
#3835=VECTOR('',#4278,1.0);
#3836=CARTESIAN_POINT('',(-0.465,5.9,0.300000000000001));
#3837=VECTOR('',#4279,1.0);
#3838=CARTESIAN_POINT('',(-0.785,5.9,0.300000000000001));
#3839=CARTESIAN_POINT('',(-0.785,5.9,0.300000000000001));
#3840=VECTOR('',#4280,1.0);
#3841=CARTESIAN_POINT('',(-0.785,6.2,0.300000000000001));
#3842=CARTESIAN_POINT('',(-0.785,6.2,0.300000000000001));
#3843=VECTOR('',#4281,1.0);
#3844=CARTESIAN_POINT('',(-0.785,6.2,7.31836466427715E-16));
#3845=CARTESIAN_POINT('',(-0.785,6.2,7.21644966006352E-16));
#3846=VECTOR('',#4282,1.0);
#3847=CARTESIAN_POINT('',(-0.785,6.0,-0.199999999999999));
#3848=CARTESIAN_POINT('',(-0.785,6.0,-0.199999999999999));
#3849=VECTOR('',#4283,1.0);
#3850=CARTESIAN_POINT('',(-0.785,5.6,-0.199999999999999));
#3851=CARTESIAN_POINT('',(-0.785,5.6,-0.199999999999999));
#3852=VECTOR('',#4284,1.0);
#3853=CARTESIAN_POINT('',(-0.785,5.4,7.58941520739853E-16));
#3854=CARTESIAN_POINT('',(-0.785,5.4,7.7715611723761E-16));
#3855=VECTOR('',#4285,1.0);
#3856=CARTESIAN_POINT('',(-0.785,5.4,0.600000000000001));
#3857=VECTOR('',#4286,1.0);
#3858=CARTESIAN_POINT('',(-0.465,5.4,7.58941520739853E-16));
#3859=VECTOR('',#4287,1.0);
#3860=CARTESIAN_POINT('',(-0.465,5.6,-0.199999999999999));
#3861=VECTOR('',#4288,1.0);
#3862=CARTESIAN_POINT('',(-0.465,6.0,-0.199999999999999));
#3863=VECTOR('',#4289,1.0);
#3864=CARTESIAN_POINT('',(-0.465,6.2,7.31836466427715E-16));
#3865=VECTOR('',#4290,1.0);
#3866=CARTESIAN_POINT('',(-0.465,6.2,0.300000000000001));
#3867=VECTOR('',#4291,1.0);
#3868=CARTESIAN_POINT('',(-0.465,5.9,0.300000000000001));
#3869=VECTOR('',#4292,1.0);
#3870=DIRECTION('',(0.0,-1.0,-0.0));
#3871=CARTESIAN_POINT('',(-1.625,3.95,2.075));
#3872=DIRECTION('',(0.0,-1.0,0.0));
#3873=DIRECTION('',(1.0,0.0,0.0));
#3874=DIRECTION('',(0.0,1.0,0.0));
#3875=CARTESIAN_POINT('',(-1.625,1.13333333333333,2.075));
#3876=DIRECTION('',(-0.55470019622523,0.832050294337843,1.12763842092287E-16));
#3877=DIRECTION('',(-0.832050294337843,-0.55470019622523,1.69145763138429E-16));
#3878=DIRECTION('',(0.0,-1.0,-0.0));
#3879=CARTESIAN_POINT('',(1.625,3.95,2.075));
#3880=DIRECTION('',(0.0,-1.0,0.0));
#3881=DIRECTION('',(-1.0,0.0,0.0));
#3882=DIRECTION('',(0.0,1.0,0.0));
#3883=CARTESIAN_POINT('',(1.625,1.13333333333333,2.075));
#3884=DIRECTION('',(0.55470019622523,0.832050294337843,1.12763842092287E-16));
#3885=DIRECTION('',(0.832050294337843,-0.55470019622523,1.6914576313843E-16));
#3886=DIRECTION('',(-0.0,1.0,0.0));
#3887=CARTESIAN_POINT('',(1.625,1.13333333333333,1.125));
#3888=DIRECTION('',(0.55470019622523,0.832050294337843,1.12763842092287E-16));
#3889=DIRECTION('',(0.832050294337843,-0.55470019622523,1.6914576313843E-16));
#3890=DIRECTION('',(0.0,1.0,0.0));
#3891=CARTESIAN_POINT('',(1.625,3.95,1.125));
#3892=DIRECTION('',(0.0,-1.0,0.0));
#3893=DIRECTION('',(-1.0,0.0,0.0));
#3894=DIRECTION('',(-0.0,1.0,0.0));
#3895=CARTESIAN_POINT('',(-1.625,1.13333333333333,1.125));
#3896=DIRECTION('',(-0.554700196225231,0.832050294337843,1.12763842092287E-16));
#3897=DIRECTION('',(-0.832050294337843,-0.554700196225231,1.69145763138429E-16));
#3898=DIRECTION('',(0.0,1.0,0.0));
#3899=CARTESIAN_POINT('',(-1.625,3.95,1.125));
#3900=DIRECTION('',(0.0,-1.0,0.0));
#3901=DIRECTION('',(1.0,0.0,0.0));
#3902=DIRECTION('',(0.0,0.0,1.0));
#3903=DIRECTION('',(-1.0,0.0,0.0));
#3904=DIRECTION('',(0.0,0.0,1.0));
#3905=DIRECTION('',(-1.0,1.73472347597681E-15,0.0));
#3906=DIRECTION('',(0.0,0.0,1.0));
#3907=DIRECTION('',(-1.0,0.0,0.0));
#3908=DIRECTION('',(0.0,1.35525271560688E-16,-1.0));
#3909=DIRECTION('',(1.0,2.04085114820801E-16,0.0));
#3910=DIRECTION('',(0.0,1.35525271560688E-16,-1.0));
#3911=DIRECTION('',(0.0,-2.55106393526001E-16,1.0));
#3912=DIRECTION('',(0.0,1.35525271560688E-16,-1.0));
#3913=DIRECTION('',(-1.0,1.9270399193808E-32,-1.42190448850558E-16));
#3914=DIRECTION('',(6.16873649862442E-16,-1.0,-3.41988342406856E-16));
#3915=DIRECTION('',(-1.0,0.0,0.0));
#3916=DIRECTION('',(3.77113799125393E-16,-1.0,-3.41988342406856E-16));
#3917=DIRECTION('',(1.0,0.0,0.0));
#3918=DIRECTION('',(0.0,1.0,3.41988342406856E-16));
#3919=DIRECTION('',(-1.0,0.0,0.0));
#3920=DIRECTION('',(0.0,1.0,3.41988342406856E-16));
#3921=DIRECTION('',(-1.0,0.0,0.0));
#3922=DIRECTION('',(-4.33680868994202E-16,-1.0,-1.70994171203428E-15));
#3923=DIRECTION('',(1.0,0.0,0.0));
#3924=DIRECTION('',(0.0,1.0,1.70994171203428E-15));
#3925=DIRECTION('',(-1.0,0.0,0.0));
#3926=DIRECTION('',(0.0,1.0,3.41988342406856E-16));
#3927=DIRECTION('',(-1.0,0.0,0.0));
#3928=DIRECTION('',(0.0,1.0,1.70994171203428E-15));
#3929=DIRECTION('',(-1.0,0.0,0.0));
#3930=DIRECTION('',(4.33680868994202E-16,-1.0,-1.70994171203428E-15));
#3931=DIRECTION('',(-1.0,0.0,0.0));
#3932=DIRECTION('',(-4.33680868994201E-16,1.0,1.70994171203428E-15));
#3933=DIRECTION('',(-1.0,0.0,0.0));
#3934=DIRECTION('',(0.0,-1.0,-1.70994171203428E-15));
#3935=DIRECTION('',(-1.0,0.0,0.0));
#3936=DIRECTION('',(0.0,1.0,3.41988342406856E-16));
#3937=DIRECTION('',(0.0,-1.0,-1.70994171203428E-15));
#3938=DIRECTION('',(1.0,0.0,0.0));
#3939=DIRECTION('',(0.0,1.0,1.70994171203428E-15));
#3940=DIRECTION('',(0.0,-1.0,0.0));
#3941=DIRECTION('',(1.0,0.0,6.77626357803441E-16));
#3942=DIRECTION('',(0.0,-1.0,0.0));
#3943=DIRECTION('',(-1.0,0.0,-5.42101086242751E-16));
#3944=DIRECTION('',(-3.77113799125393E-16,1.0,0.0));
#3945=DIRECTION('',(1.0,0.0,4.06575814682063E-16));
#3946=DIRECTION('',(-6.16873649862442E-16,1.0,0.0));
#3947=DIRECTION('',(1.0,-1.9270399193808E-32,1.42190448850558E-16));
#3948=DIRECTION('',(0.0,1.0,0.0));
#3949=DIRECTION('',(-1.0,0.0,-1.42190448850558E-16));
#3950=DIRECTION('',(0.0,1.0,0.0));
#3951=DIRECTION('',(1.0,-1.9270399193808E-32,1.42190448850558E-16));
#3952=DIRECTION('',(0.0,-0.707106781186548,-0.707106781186547));
#3953=DIRECTION('',(0.727606875108998,0.485071250072667,0.485071250072667));
#3954=DIRECTION('',(-1.0,1.9270399193808E-32,-1.42190448850558E-16));
#3955=DIRECTION('',(0.0,-1.0,0.0));
#3956=DIRECTION('',(0.0,0.0,1.0));
#3957=DIRECTION('',(0.0,-1.0,0.0));
#3958=DIRECTION('',(0.0,-5.42101086242752E-16,1.0));
#3959=DIRECTION('',(0.0,1.35525271560688E-16,-1.0));
#3960=DIRECTION('',(0.0,3.97540796578018E-15,-1.0));
#3961=DIRECTION('',(0.0,1.0,0.0));
#3962=DIRECTION('',(0.0,3.97540796578018E-15,-1.0));
#3963=DIRECTION('',(0.0,1.0,0.0));
#3964=DIRECTION('',(0.0,0.0,1.0));
#3965=DIRECTION('',(0.0,-1.35525271560688E-16,1.0));
#3966=DIRECTION('',(0.0,2.55106393526001E-16,-1.0));
#3967=DIRECTION('',(0.0,-1.35525271560688E-16,1.0));
#3968=DIRECTION('',(1.0,2.04085114820801E-16,0.0));
#3969=DIRECTION('',(0.0,0.0,1.0));
#3970=DIRECTION('',(-1.0,0.0,0.0));
#3971=DIRECTION('',(0.0,0.0,1.0));
#3972=DIRECTION('',(-1.0,0.0,0.0));
#3973=DIRECTION('',(0.0,-1.0,0.0));
#3974=DIRECTION('',(-1.0,0.0,0.0));
#3975=DIRECTION('',(-1.0,0.0,0.0));
#3976=DIRECTION('',(0.0,-1.0,0.0));
#3977=DIRECTION('',(-1.0,-1.10727030381498E-15,0.0));
#3978=DIRECTION('',(0.0,1.0,0.0));
#3979=DIRECTION('',(-1.0,0.0,0.0));
#3980=DIRECTION('',(0.0,-5.42101086242752E-16,1.0));
#3981=DIRECTION('',(1.0,0.0,0.0));
#3982=DIRECTION('',(0.0,-5.42101086242752E-16,1.0));
#3983=DIRECTION('',(-1.0,0.0,0.0));
#3984=DIRECTION('',(0.0,-5.42101086242752E-16,1.0));
#3985=DIRECTION('',(1.0,0.0,0.0));
#3986=DIRECTION('',(0.0,-5.42101086242752E-16,1.0));
#3987=DIRECTION('',(0.0,-5.42101086242752E-16,1.0));
#3988=DIRECTION('',(0.0,0.0,1.0));
#3989=DIRECTION('',(1.0,-1.73472347597681E-15,0.0));
#3990=DIRECTION('',(0.0,0.0,1.0));
#3991=DIRECTION('',(0.0,0.0,1.0));
#3992=DIRECTION('',(1.0,0.0,0.0));
#3993=DIRECTION('',(0.0,0.0,1.0));
#3994=DIRECTION('',(0.0,-3.97540796578018E-15,1.0));
#3995=DIRECTION('',(0.0,1.0,0.0));
#3996=DIRECTION('',(0.0,-3.97540796578018E-15,1.0));
#3997=DIRECTION('',(0.0,1.0,0.0));
#3998=DIRECTION('',(0.0,1.0,0.0));
#3999=DIRECTION('',(0.0,0.0,1.0));
#4000=DIRECTION('',(0.0,0.0,1.0));
#4001=DIRECTION('',(0.0,1.0,1.70994171203428E-15));
#4002=DIRECTION('',(0.0,0.0,1.0));
#4003=DIRECTION('',(1.0,0.0,0.0));
#4004=DIRECTION('',(-4.33680868994202E-16,-1.0,-1.70994171203428E-15));
#4005=DIRECTION('',(0.0,1.0,1.70994171203428E-15));
#4006=DIRECTION('',(0.0,0.0,1.0));
#4007=DIRECTION('',(0.0,0.0,1.0));
#4008=DIRECTION('',(4.33680868994202E-16,-1.0,-1.70994171203428E-15));
#4009=DIRECTION('',(-1.0,0.0,0.0));
#4010=DIRECTION('',(0.0,0.0,1.0));
#4011=DIRECTION('',(0.0,1.0,1.70994171203428E-15));
#4012=DIRECTION('',(0.0,0.0,1.0));
#4013=DIRECTION('',(1.0,0.0,0.0));
#4014=DIRECTION('',(0.0,-1.0,-1.70994171203428E-15));
#4015=DIRECTION('',(-4.33680868994201E-16,1.0,1.70994171203428E-15));
#4016=DIRECTION('',(0.0,0.0,1.0));
#4017=DIRECTION('',(0.0,0.0,1.0));
#4018=DIRECTION('',(0.0,-1.0,-1.70994171203428E-15));
#4019=DIRECTION('',(-1.0,0.0,0.0));
#4020=DIRECTION('',(0.0,1.0,0.0));
#4021=DIRECTION('',(0.0,-2.55106393526001E-16,1.0));
#4022=DIRECTION('',(0.0,1.0,0.0));
#4023=DIRECTION('',(0.812163107762293,0.541442071841531,0.217328252258752));
#4024=DIRECTION('',(0.0,1.0,0.0));
#4025=DIRECTION('',(-0.966012064815058,0.0,-0.258496983796229));
#4026=CARTESIAN_POINT('',(-1.625,3.95,1.125));
#4027=DIRECTION('',(0.0,-1.0,0.0));
#4028=DIRECTION('',(1.0,0.0,0.0));
#4029=CARTESIAN_POINT('',(-1.625,1.13333333333333,1.125));
#4030=DIRECTION('',(-0.554700196225231,0.832050294337843,1.12763842092287E-16));
#4031=DIRECTION('',(-0.832050294337843,-0.554700196225231,1.69145763138429E-16));
#4032=DIRECTION('',(0.0,1.35525271560688E-16,-1.0));
#4033=DIRECTION('',(0.0,-1.19636101791504E-15,1.0));
#4034=DIRECTION('',(0.0,-1.35525271560688E-16,1.0));
#4035=DIRECTION('',(0.0,1.0,0.0));
#4036=DIRECTION('',(0.0,1.19636101791504E-15,-1.0));
#4037=CARTESIAN_POINT('',(1.625,3.95,1.125));
#4038=DIRECTION('',(0.0,-1.0,0.0));
#4039=DIRECTION('',(-1.0,0.0,0.0));
#4040=CARTESIAN_POINT('',(1.625,1.13333333333333,1.125));
#4041=DIRECTION('',(0.55470019622523,0.832050294337843,1.12763842092287E-16));
#4042=DIRECTION('',(0.832050294337843,-0.55470019622523,1.6914576313843E-16));
#4043=DIRECTION('',(0.812163107762293,-0.54144207184153,-0.217328252258756));
#4044=DIRECTION('',(0.0,1.0,0.0));
#4045=DIRECTION('',(-0.966012064815057,0.0,0.258496983796234));
#4046=DIRECTION('',(0.0,1.0,0.0));
#4047=DIRECTION('',(0.0,2.55106393526001E-16,-1.0));
#4048=DIRECTION('',(-0.812163107762293,0.54144207184153,-0.217328252258756));
#4049=DIRECTION('',(0.966012064815057,0.0,0.258496983796234));
#4050=CARTESIAN_POINT('',(1.625,1.13333333333333,2.075));
#4051=DIRECTION('',(0.55470019622523,0.832050294337843,1.12763842092287E-16));
#4052=DIRECTION('',(0.832050294337843,-0.55470019622523,1.6914576313843E-16));
#4053=DIRECTION('',(0.0,1.0,0.0));
#4054=CARTESIAN_POINT('',(1.625,3.95,2.075));
#4055=DIRECTION('',(0.0,-1.0,0.0));
#4056=DIRECTION('',(-1.0,0.0,0.0));
#4057=DIRECTION('',(0.0,-1.35525271560688E-16,1.0));
#4058=DIRECTION('',(0.0,1.0,0.0));
#4059=DIRECTION('',(0.0,0.0,-1.0));
#4060=DIRECTION('',(0.0,0.707106781186548,-0.707106781186547));
#4061=DIRECTION('',(0.0,1.0,0.0));
#4062=DIRECTION('',(0.0,2.9909025447876E-16,-1.0));
#4063=DIRECTION('',(0.0,-1.0,0.0));
#4064=DIRECTION('',(-1.0,0.0,4.26571346551674E-16));
#4065=DIRECTION('',(0.0,1.0,0.0));
#4066=DIRECTION('',(1.0,0.0,-4.26571346551674E-16));
#4067=DIRECTION('',(-1.0,0.0,4.26571346551674E-16));
#4068=DIRECTION('',(0.0,1.0,0.0));
#4069=DIRECTION('',(-1.0,-1.10727030381498E-15,4.26571346551674E-16));
#4070=DIRECTION('',(0.0,1.0,0.0));
#4071=DIRECTION('',(0.0,1.35525271560688E-16,-1.0));
#4072=DIRECTION('',(0.0,-2.9909025447876E-16,1.0));
#4073=DIRECTION('',(0.0,-0.707106781186547,0.707106781186548));
#4074=DIRECTION('',(0.0,0.0,1.0));
#4075=CARTESIAN_POINT('',(-1.625,1.13333333333333,2.075));
#4076=DIRECTION('',(-0.55470019622523,0.832050294337843,1.12763842092287E-16));
#4077=DIRECTION('',(-0.832050294337843,-0.55470019622523,1.69145763138429E-16));
#4078=DIRECTION('',(0.0,1.0,0.0));
#4079=CARTESIAN_POINT('',(-1.625,3.95,2.075));
#4080=DIRECTION('',(0.0,-1.0,0.0));
#4081=DIRECTION('',(1.0,0.0,0.0));
#4082=DIRECTION('',(-0.812163107762294,-0.541442071841531,0.217328252258751));
#4083=DIRECTION('',(0.966012064815058,0.0,-0.258496983796228));
#4084=DIRECTION('',(-1.0,0.0,0.0));
#4085=DIRECTION('',(0.0,0.0,-1.0));
#4086=DIRECTION('',(1.0,0.0,0.0));
#4087=DIRECTION('',(0.0,0.0,-1.0));
#4088=DIRECTION('',(-1.0,0.0,0.0));
#4089=DIRECTION('',(0.0,0.0,-1.0));
#4090=DIRECTION('',(1.0,0.0,0.0));
#4091=DIRECTION('',(0.0,0.0,-1.0));
#4092=DIRECTION('',(0.832050294337843,0.55470019622523,0.0));
#4093=DIRECTION('',(1.0,0.0,0.0));
#4094=DIRECTION('',(0.0,0.0,-1.0));
#4095=DIRECTION('',(1.0,0.0,-4.26571346551674E-16));
#4096=DIRECTION('',(1.0,0.0,0.0));
#4097=DIRECTION('',(0.0,-0.707106781186548,0.707106781186547));
#4098=DIRECTION('',(0.0,0.0,-1.0));
#4099=DIRECTION('',(0.0,0.707106781186547,-0.707106781186548));
#4100=DIRECTION('',(0.0,0.0,-1.0));
#4101=DIRECTION('',(1.0,1.10727030381498E-15,-4.26571346551674E-16));
#4102=DIRECTION('',(0.0,0.0,-1.0));
#4103=DIRECTION('',(0.0,0.707106781186547,-0.707106781186548));
#4104=DIRECTION('',(0.0,-0.707106781186547,0.707106781186548));
#4105=DIRECTION('',(1.0,0.0,-4.26571346551674E-16));
#4106=DIRECTION('',(0.832050294337843,-0.55470019622523,0.0));
#4107=DIRECTION('',(0.707106781186548,7.3598084000802E-15,-0.707106781186548));
#4108=DIRECTION('',(0.707106781186548,7.3598084000802E-15,-0.707106781186548));
#4109=DIRECTION('',(0.0,1.0,0.0));
#4110=DIRECTION('',(1.0,0.0,-5.42101086242752E-16));
#4111=DIRECTION('',(1.0,0.0,-5.42101086242752E-16));
#4112=DIRECTION('',(0.0,1.0,0.0));
#4113=DIRECTION('',(0.707106781186548,0.0,-0.707106781186547));
#4114=DIRECTION('',(0.707106781186548,0.0,-0.707106781186547));
#4115=DIRECTION('',(0.0,1.0,0.0));
#4116=DIRECTION('',(0.0,3.61400724161835E-15,-1.0));
#4117=DIRECTION('',(0.0,3.61400724161835E-15,-1.0));
#4118=DIRECTION('',(0.0,1.0,0.0));
#4119=DIRECTION('',(-0.707106781186548,0.0,-0.707106781186548));
#4120=DIRECTION('',(-0.707106781186548,0.0,-0.707106781186548));
#4121=DIRECTION('',(0.0,1.0,0.0));
#4122=DIRECTION('',(0.0,-1.0,0.0));
#4123=DIRECTION('',(-1.0,0.0,5.42101086242752E-17));
#4124=DIRECTION('',(-1.0,0.0,5.42101086242752E-17));
#4125=DIRECTION('',(-1.0,0.0,5.42101086242752E-17));
#4126=DIRECTION('',(0.0,1.0,0.0));
#4127=DIRECTION('',(-1.0,0.0,5.42101086242752E-17));
#4128=DIRECTION('',(1.0,0.0,0.0));
#4129=DIRECTION('',(0.0,3.97540796578018E-15,-1.0));
#4130=DIRECTION('',(-1.0,0.0,0.0));
#4131=CARTESIAN_POINT('',(2.795,4.2,0.250000000000001));
#4132=DIRECTION('',(0.0,1.0,0.0));
#4133=DIRECTION('',(-1.0,0.0,-2.4093381610789E-16));
#4134=CARTESIAN_POINT('',(2.795,4.2,0.250000000000001));
#4135=DIRECTION('',(0.0,-1.0,0.0));
#4136=DIRECTION('',(-1.0,0.0,2.71050543121376E-16));
#4137=DIRECTION('',(0.0,-3.61400724161835E-15,1.0));
#4138=DIRECTION('',(0.0,1.0,0.0));
#4139=DIRECTION('',(0.0,-3.61400724161835E-15,1.0));
#4140=DIRECTION('',(0.0,1.0,0.0));
#4141=DIRECTION('',(0.707106781186548,0.0,0.707106781186548));
#4142=DIRECTION('',(0.707106781186548,0.0,0.707106781186548));
#4143=DIRECTION('',(0.0,1.0,0.0));
#4144=DIRECTION('',(1.0,0.0,0.0));
#4145=DIRECTION('',(1.0,0.0,0.0));
#4146=DIRECTION('',(0.0,1.0,0.0));
#4147=DIRECTION('',(0.707106781186549,-7.35980840008018E-15,0.707106781186546));
#4148=DIRECTION('',(0.707106781186549,-7.35980840008018E-15,0.707106781186546));
#4149=DIRECTION('',(0.0,1.0,0.0));
#4150=DIRECTION('',(-1.0,0.0,6.77626357803439E-17));
#4151=DIRECTION('',(0.0,-1.0,0.0));
#4152=DIRECTION('',(-1.0,0.0,6.77626357803439E-17));
#4153=DIRECTION('',(-1.0,0.0,6.77626357803439E-17));
#4154=DIRECTION('',(0.0,1.0,0.0));
#4155=DIRECTION('',(-1.0,0.0,6.77626357803439E-17));
#4156=DIRECTION('',(-0.707106781186548,0.0,0.707106781186547));
#4157=DIRECTION('',(-0.707106781186548,0.0,0.707106781186547));
#4158=DIRECTION('',(-1.0,0.0,0.0));
#4159=DIRECTION('',(0.0,-3.61400724161835E-15,1.0));
#4160=DIRECTION('',(1.0,0.0,6.57889667770331E-18));
#4161=CARTESIAN_POINT('',(-2.795,4.2,0.250000000000001));
#4162=DIRECTION('',(0.0,-1.0,0.0));
#4163=DIRECTION('',(1.0,0.0,0.0));
#4164=CARTESIAN_POINT('',(-2.795,4.2,0.250000000000001));
#4165=DIRECTION('',(-0.0,1.0,0.0));
#4166=DIRECTION('',(1.0,0.0,1.20466908053945E-16));
#4167=DIRECTION('',(-0.727606875108998,0.485071250072666,0.485071250072666));
#4168=DIRECTION('',(-4.36195540953029E-16,0.707106781186548,0.707106781186547));
#4169=DIRECTION('',(0.0,0.0,-1.0));
#4170=DIRECTION('',(0.0,0.0,-1.0));
#4171=DIRECTION('',(0.0,0.0,-1.0));
#4172=DIRECTION('',(0.0,0.0,-1.0));
#4173=DIRECTION('',(0.0,0.0,-1.0));
#4174=DIRECTION('',(0.0,0.0,-1.0));
#4175=DIRECTION('',(0.0,-0.98058067569092,-0.196116135138183));
#4176=DIRECTION('',(-1.0,0.0,0.0));
#4177=DIRECTION('',(0.0,-0.98058067569092,-0.196116135138183));
#4178=DIRECTION('',(-1.0,0.0,0.0));
#4179=DIRECTION('',(0.0,5.42101086242751E-16,-1.0));
#4180=DIRECTION('',(-1.0,0.0,0.0));
#4181=DIRECTION('',(0.0,5.42101086242751E-16,-1.0));
#4182=DIRECTION('',(0.0,0.97780241407741,-0.209529088730873));
#4183=DIRECTION('',(-1.0,0.0,0.0));
#4184=DIRECTION('',(0.0,0.97780241407741,-0.209529088730873));
#4185=DIRECTION('',(0.0,-1.0,-1.80700362080917E-16));
#4186=DIRECTION('',(0.0,1.0,0.0));
#4187=DIRECTION('',(0.0,-1.0,-1.80700362080917E-16));
#4188=DIRECTION('',(0.0,1.0,0.0));
#4189=DIRECTION('',(0.0,1.0,0.0));
#4190=DIRECTION('',(0.0,1.0,0.0));
#4191=DIRECTION('',(-1.0,0.0,0.0));
#4192=DIRECTION('',(0.0,-1.0,0.0));
#4193=DIRECTION('',(0.0,-1.0,0.0));
#4194=DIRECTION('',(-1.0,0.0,0.0));
#4195=DIRECTION('',(0.0,0.0,-1.0));
#4196=DIRECTION('',(0.0,0.707106781186548,-0.707106781186547));
#4197=DIRECTION('',(0.0,1.0,0.0));
#4198=DIRECTION('',(0.0,0.707106781186548,0.707106781186547));
#4199=DIRECTION('',(0.0,0.0,1.0));
#4200=DIRECTION('',(0.0,-1.0,-1.80700362080917E-16));
#4201=DIRECTION('',(0.0,0.0,1.0));
#4202=DIRECTION('',(0.0,0.0,1.0));
#4203=DIRECTION('',(0.0,-1.0,-1.80700362080917E-16));
#4204=DIRECTION('',(0.0,0.0,1.0));
#4205=DIRECTION('',(0.0,0.707106781186548,0.707106781186547));
#4206=DIRECTION('',(0.0,1.0,0.0));
#4207=DIRECTION('',(0.0,0.707106781186548,-0.707106781186547));
#4208=DIRECTION('',(0.0,0.0,-1.0));
#4209=DIRECTION('',(-1.0,0.0,0.0));
#4210=DIRECTION('',(-1.0,0.0,0.0));
#4211=DIRECTION('',(-1.0,0.0,0.0));
#4212=DIRECTION('',(-1.0,0.0,0.0));
#4213=DIRECTION('',(-1.0,0.0,0.0));
#4214=DIRECTION('',(-1.0,0.0,0.0));
#4215=CARTESIAN_POINT('',(2.795,2.0,0.250000000000001));
#4216=DIRECTION('',(0.0,-1.0,0.0));
#4217=DIRECTION('',(-1.0,0.0,2.71050543121376E-16));
#4218=DIRECTION('',(0.0,1.0,0.0));
#4219=DIRECTION('',(1.0,0.0,0.0));
#4220=DIRECTION('',(0.707106781186548,0.707106781186548,0.0));
#4221=DIRECTION('',(0.0,1.0,0.0));
#4222=DIRECTION('',(-0.707106781186549,0.707106781186546,0.0));
#4223=DIRECTION('',(0.0,0.0,-1.0));
#4224=DIRECTION('',(0.0,1.0,0.0));
#4225=DIRECTION('',(0.0,-3.97540796578018E-15,1.0));
#4226=DIRECTION('',(-0.707106781186548,-0.707106781186548,0.0));
#4227=DIRECTION('',(-1.0,0.0,0.0));
#4228=DIRECTION('',(0.0,1.0,0.0));
#4229=DIRECTION('',(0.707106781186549,-0.707106781186546,0.0));
#4230=CARTESIAN_POINT('',(2.795,2.0,0.250000000000001));
#4231=DIRECTION('',(0.0,1.0,0.0));
#4232=DIRECTION('',(-1.0,0.0,-2.4093381610789E-16));
#4233=DIRECTION('',(0.0,0.0,1.0));
#4234=DIRECTION('',(0.0,1.0,0.0));
#4235=DIRECTION('',(0.0,0.0,1.0));
#4236=DIRECTION('',(0.0,1.0,0.0));
#4237=DIRECTION('',(0.0,3.61400724161835E-15,-1.0));
#4238=DIRECTION('',(0.707106781186548,-0.707106781186548,4.65198245352966E-18));
#4239=DIRECTION('',(1.0,0.0,6.57889667770331E-18));
#4240=DIRECTION('',(0.0,1.0,0.0));
#4241=DIRECTION('',(-0.707106781186549,-0.707106781186547,-4.65198245352967E-18));
#4242=CARTESIAN_POINT('',(-2.795,2.0,0.250000000000001));
#4243=DIRECTION('',(0.0,-1.0,0.0));
#4244=DIRECTION('',(1.0,0.0,0.0));
#4245=CARTESIAN_POINT('',(-2.795,2.0,0.250000000000001));
#4246=DIRECTION('',(-0.0,1.0,0.0));
#4247=DIRECTION('',(1.0,0.0,1.20466908053945E-16));
#4248=DIRECTION('',(0.0,1.0,0.0));
#4249=DIRECTION('',(-1.0,0.0,0.0));
#4250=DIRECTION('',(-0.707106781186548,0.707106781186548,0.0));
#4251=DIRECTION('',(0.707106781186549,0.707106781186547,0.0));
#4252=DIRECTION('',(0.0,0.0,-1.0));
#4253=DIRECTION('',(0.0,-0.98058067569092,-0.196116135138183));
#4254=DIRECTION('',(-1.0,0.0,0.0));
#4255=DIRECTION('',(0.0,-0.98058067569092,-0.196116135138183));
#4256=DIRECTION('',(-1.0,0.0,0.0));
#4257=DIRECTION('',(0.0,5.42101086242751E-16,-1.0));
#4258=DIRECTION('',(-1.0,0.0,0.0));
#4259=DIRECTION('',(0.0,5.42101086242751E-16,-1.0));
#4260=DIRECTION('',(0.0,0.97780241407741,-0.209529088730873));
#4261=DIRECTION('',(-1.0,0.0,0.0));
#4262=DIRECTION('',(0.0,0.97780241407741,-0.209529088730873));
#4263=DIRECTION('',(0.0,-1.0,-1.80700362080917E-16));
#4264=DIRECTION('',(0.0,1.0,0.0));
#4265=DIRECTION('',(0.0,-1.0,-1.80700362080917E-16));
#4266=DIRECTION('',(0.0,1.0,0.0));
#4267=DIRECTION('',(0.0,1.0,0.0));
#4268=DIRECTION('',(0.0,1.0,0.0));
#4269=DIRECTION('',(-1.0,0.0,0.0));
#4270=DIRECTION('',(0.0,-1.0,0.0));
#4271=DIRECTION('',(0.0,-1.0,0.0));
#4272=DIRECTION('',(-1.0,0.0,0.0));
#4273=DIRECTION('',(0.0,0.0,-1.0));
#4274=DIRECTION('',(0.0,0.707106781186548,-0.707106781186547));
#4275=DIRECTION('',(0.0,1.0,0.0));
#4276=DIRECTION('',(0.0,0.707106781186548,0.707106781186547));
#4277=DIRECTION('',(0.0,0.0,1.0));
#4278=DIRECTION('',(0.0,-1.0,-1.80700362080917E-16));
#4279=DIRECTION('',(0.0,0.0,1.0));
#4280=DIRECTION('',(0.0,0.0,1.0));
#4281=DIRECTION('',(0.0,-1.0,-1.80700362080917E-16));
#4282=DIRECTION('',(0.0,0.0,1.0));
#4283=DIRECTION('',(0.0,0.707106781186548,0.707106781186547));
#4284=DIRECTION('',(0.0,1.0,0.0));
#4285=DIRECTION('',(0.0,0.707106781186548,-0.707106781186547));
#4286=DIRECTION('',(0.0,0.0,-1.0));
#4287=DIRECTION('',(-1.0,0.0,0.0));
#4288=DIRECTION('',(-1.0,0.0,0.0));
#4289=DIRECTION('',(-1.0,0.0,0.0));
#4290=DIRECTION('',(-1.0,0.0,0.0));
#4291=DIRECTION('',(-1.0,0.0,0.0));
#4292=DIRECTION('',(-1.0,0.0,0.0));
#4293=PRESENTATION_LAYER_ASSIGNMENT('1','Layer 1',(#25));
ENDSEC;
END-ISO-10303-21;
