ISO-10303-21;
HEADER;
FILE_DESCRIPTION(('FreeCAD Model'),'2;1');
FILE_NAME('Open CASCADE Shape Model','2026-01-17T23:43:42',(
    'kicad StepUp'),('ksu MCAD'),'Open CASCADE STEP processor 7.8',
  'FreeCAD','Unknown');
FILE_SCHEMA(('AUTOMOTIVE_DESIGN { 1 0 10303 214 1 1 1 1 }'));
ENDSEC;
DATA;
#1 = APPLICATION_PROTOCOL_DEFINITION('international standard',
  'automotive_design',2000,#2);
#2 = APPLICATION_CONTEXT(
  'core data for automotive mechanical design processes');
#3 = SHAPE_DEFINITION_REPRESENTATION(#4,#10);
#4 = PRODUCT_DEFINITION_SHAPE('','',#5);
#5 = PRODUCT_DEFINITION('design','',#6,#9);
#6 = PRODUCT_DEFINITION_FORMATION('','',#7);
#7 = PRODUCT('MC-306','MC-306','',(#8));
#8 = PRODUCT_CONTEXT('',#2,'mechanical');
#9 = PRODUCT_DEFINITION_CONTEXT('part definition',#2,'design');
#10 = ADVANCED_BREP_SHAPE_REPRESENTATION('',(#11,#15),#4740);
#11 = AXIS2_PLACEMENT_3D('',#12,#13,#14);
#12 = CARTESIAN_POINT('',(0.,0.,0.));
#13 = DIRECTION('',(0.,0.,1.));
#14 = DIRECTION('',(1.,0.,-0.));
#15 = MANIFOLD_SOLID_BREP('',#16);
#16 = CLOSED_SHELL('',(#17,#59,#101,#143,#185,#229,#261,#303,#343,#383,
    #423,#463,#563,#649,#721,#745,#769,#786,#863,#885,#950,#990,#1055,
    #1118,#1176,#1207,#1377,#1401,#1564,#1750,#1799,#1823,#1847,#1872,
    #1896,#1914,#1963,#1987,#2011,#2036,#2060,#2078,#2127,#2151,#2175,
    #2200,#2224,#2242,#2291,#2315,#2339,#2364,#2388,#2406,#2424,#2434,
    #2483,#2507,#2531,#2556,#2580,#2598,#2616,#2632,#2650,#2668,#2686,
    #2704,#2716,#2734,#2752,#2770,#2788,#2800,#2818,#2836,#2854,#2872,
    #2884,#2902,#2920,#2938,#2956,#2968,#2986,#3004,#3022,#3040,#3052,
    #3064,#3086,#3117,#3202,#3287,#3309,#3326,#3343,#3360,#3377,#3389,
    #3401,#3418,#3430,#3461,#3492,#3577,#3662,#3684,#3701,#3718,#3730,
    #3747,#3764,#3781,#3798,#3810,#3832,#3863,#3948,#4033,#4055,#4072,
    #4089,#4106,#4123,#4135,#4147,#4164,#4176,#4207,#4238,#4323,#4408,
    #4430,#4447,#4464,#4476,#4493,#4510,#4527,#4544,#4556,#4578,#4590,
    #4602,#4624,#4636,#4648,#4665,#4682,#4694,#4711,#4728));
#17 = ADVANCED_FACE('',(#18),#54,.T.);
#18 = FACE_BOUND('',#19,.T.);
#19 = EDGE_LOOP('',(#20,#31,#39,#48));
#20 = ORIENTED_EDGE('',*,*,#21,.F.);
#21 = EDGE_CURVE('',#22,#24,#26,.T.);
#22 = VERTEX_POINT('',#23);
#23 = CARTESIAN_POINT('',(1.85001358182,3.1105,0.80898641818));
#24 = VERTEX_POINT('',#25);
#25 = CARTESIAN_POINT('',(1.849879563765,3.1105,0.801308528905));
#26 = CIRCLE('',#27,0.22);
#27 = AXIS2_PLACEMENT_3D('',#28,#29,#30);
#28 = CARTESIAN_POINT('',(1.63001358182,3.1105,0.80898641818));
#29 = DIRECTION('',(-0.,1.,0.));
#30 = DIRECTION('',(1.,0.,0.));
#31 = ORIENTED_EDGE('',*,*,#32,.T.);
#32 = EDGE_CURVE('',#22,#33,#35,.T.);
#33 = VERTEX_POINT('',#34);
#34 = CARTESIAN_POINT('',(1.85001358182,2.4105,0.80898641818));
#35 = LINE('',#36,#37);
#36 = CARTESIAN_POINT('',(1.85001358182,3.1105,0.80898641818));
#37 = VECTOR('',#38,1.);
#38 = DIRECTION('',(0.,-1.,0.));
#39 = ORIENTED_EDGE('',*,*,#40,.T.);
#40 = EDGE_CURVE('',#33,#41,#43,.T.);
#41 = VERTEX_POINT('',#42);
#42 = CARTESIAN_POINT('',(1.849879563765,2.4105,0.801308528905));
#43 = CIRCLE('',#44,0.22);
#44 = AXIS2_PLACEMENT_3D('',#45,#46,#47);
#45 = CARTESIAN_POINT('',(1.63001358182,2.4105,0.80898641818));
#46 = DIRECTION('',(-0.,1.,0.));
#47 = DIRECTION('',(1.,0.,0.));
#48 = ORIENTED_EDGE('',*,*,#49,.F.);
#49 = EDGE_CURVE('',#24,#41,#50,.T.);
#50 = LINE('',#51,#52);
#51 = CARTESIAN_POINT('',(1.849879563765,3.1105,0.801308528905));
#52 = VECTOR('',#53,1.);
#53 = DIRECTION('',(0.,-1.,0.));
#54 = CYLINDRICAL_SURFACE('',#55,0.22);
#55 = AXIS2_PLACEMENT_3D('',#56,#57,#58);
#56 = CARTESIAN_POINT('',(1.63001358182,3.1105,0.80898641818));
#57 = DIRECTION('',(0.,-1.,0.));
#58 = DIRECTION('',(1.,0.,0.));
#59 = ADVANCED_FACE('',(#60),#96,.F.);
#60 = FACE_BOUND('',#61,.F.);
#61 = EDGE_LOOP('',(#62,#72,#81,#89));
#62 = ORIENTED_EDGE('',*,*,#63,.T.);
#63 = EDGE_CURVE('',#64,#66,#68,.T.);
#64 = VERTEX_POINT('',#65);
#65 = CARTESIAN_POINT('',(1.63001358182,3.1105,0.82898641818));
#66 = VERTEX_POINT('',#67);
#67 = CARTESIAN_POINT('',(1.63001358182,2.4105,0.82898641818));
#68 = LINE('',#69,#70);
#69 = CARTESIAN_POINT('',(1.63001358182,3.1105,0.82898641818));
#70 = VECTOR('',#71,1.);
#71 = DIRECTION('',(0.,-1.,0.));
#72 = ORIENTED_EDGE('',*,*,#73,.T.);
#73 = EDGE_CURVE('',#66,#74,#76,.T.);
#74 = VERTEX_POINT('',#75);
#75 = CARTESIAN_POINT('',(1.65001358182,2.4105,0.80898641818));
#76 = CIRCLE('',#77,2.E-02);
#77 = AXIS2_PLACEMENT_3D('',#78,#79,#80);
#78 = CARTESIAN_POINT('',(1.63001358182,2.4105,0.80898641818));
#79 = DIRECTION('',(0.,1.,-0.));
#80 = DIRECTION('',(-1.,0.,0.));
#81 = ORIENTED_EDGE('',*,*,#82,.F.);
#82 = EDGE_CURVE('',#83,#74,#85,.T.);
#83 = VERTEX_POINT('',#84);
#84 = CARTESIAN_POINT('',(1.65001358182,3.1105,0.80898641818));
#85 = LINE('',#86,#87);
#86 = CARTESIAN_POINT('',(1.65001358182,3.1105,0.80898641818));
#87 = VECTOR('',#88,1.);
#88 = DIRECTION('',(0.,-1.,0.));
#89 = ORIENTED_EDGE('',*,*,#90,.F.);
#90 = EDGE_CURVE('',#64,#83,#91,.T.);
#91 = CIRCLE('',#92,2.E-02);
#92 = AXIS2_PLACEMENT_3D('',#93,#94,#95);
#93 = CARTESIAN_POINT('',(1.63001358182,3.1105,0.80898641818));
#94 = DIRECTION('',(0.,1.,-0.));
#95 = DIRECTION('',(-1.,0.,0.));
#96 = CYLINDRICAL_SURFACE('',#97,2.E-02);
#97 = AXIS2_PLACEMENT_3D('',#98,#99,#100);
#98 = CARTESIAN_POINT('',(1.63001358182,3.1105,0.80898641818));
#99 = DIRECTION('',(0.,-1.,0.));
#100 = DIRECTION('',(1.,0.,0.));
#101 = ADVANCED_FACE('',(#102),#138,.T.);
#102 = FACE_BOUND('',#103,.T.);
#103 = EDGE_LOOP('',(#104,#115,#123,#132));
#104 = ORIENTED_EDGE('',*,*,#105,.F.);
#105 = EDGE_CURVE('',#106,#108,#110,.T.);
#106 = VERTEX_POINT('',#107);
#107 = CARTESIAN_POINT('',(-1.84998641818,-3.0895,0.80898641818));
#108 = VERTEX_POINT('',#109);
#109 = CARTESIAN_POINT('',(-1.849852400124,-3.0895,0.801308528905));
#110 = CIRCLE('',#111,0.22);
#111 = AXIS2_PLACEMENT_3D('',#112,#113,#114);
#112 = CARTESIAN_POINT('',(-1.62998641818,-3.0895,0.80898641818));
#113 = DIRECTION('',(-0.,-1.,-0.));
#114 = DIRECTION('',(-1.,0.,0.));
#115 = ORIENTED_EDGE('',*,*,#116,.T.);
#116 = EDGE_CURVE('',#106,#117,#119,.T.);
#117 = VERTEX_POINT('',#118);
#118 = CARTESIAN_POINT('',(-1.84998641818,-2.3895,0.80898641818));
#119 = LINE('',#120,#121);
#120 = CARTESIAN_POINT('',(-1.84998641818,-3.0895,0.80898641818));
#121 = VECTOR('',#122,1.);
#122 = DIRECTION('',(0.,1.,-0.));
#123 = ORIENTED_EDGE('',*,*,#124,.T.);
#124 = EDGE_CURVE('',#117,#125,#127,.T.);
#125 = VERTEX_POINT('',#126);
#126 = CARTESIAN_POINT('',(-1.849852400124,-2.3895,0.801308528905));
#127 = CIRCLE('',#128,0.22);
#128 = AXIS2_PLACEMENT_3D('',#129,#130,#131);
#129 = CARTESIAN_POINT('',(-1.62998641818,-2.3895,0.80898641818));
#130 = DIRECTION('',(-0.,-1.,-0.));
#131 = DIRECTION('',(-1.,0.,0.));
#132 = ORIENTED_EDGE('',*,*,#133,.F.);
#133 = EDGE_CURVE('',#108,#125,#134,.T.);
#134 = LINE('',#135,#136);
#135 = CARTESIAN_POINT('',(-1.849852400124,-3.0895,0.801308528905));
#136 = VECTOR('',#137,1.);
#137 = DIRECTION('',(0.,1.,-0.));
#138 = CYLINDRICAL_SURFACE('',#139,0.22);
#139 = AXIS2_PLACEMENT_3D('',#140,#141,#142);
#140 = CARTESIAN_POINT('',(-1.62998641818,-3.0895,0.80898641818));
#141 = DIRECTION('',(0.,1.,-0.));
#142 = DIRECTION('',(-1.,0.,0.));
#143 = ADVANCED_FACE('',(#144),#180,.F.);
#144 = FACE_BOUND('',#145,.F.);
#145 = EDGE_LOOP('',(#146,#156,#165,#173));
#146 = ORIENTED_EDGE('',*,*,#147,.T.);
#147 = EDGE_CURVE('',#148,#150,#152,.T.);
#148 = VERTEX_POINT('',#149);
#149 = CARTESIAN_POINT('',(-1.62998641818,-3.0895,0.82898641818));
#150 = VERTEX_POINT('',#151);
#151 = CARTESIAN_POINT('',(-1.62998641818,-2.3895,0.82898641818));
#152 = LINE('',#153,#154);
#153 = CARTESIAN_POINT('',(-1.62998641818,-3.0895,0.82898641818));
#154 = VECTOR('',#155,1.);
#155 = DIRECTION('',(0.,1.,-0.));
#156 = ORIENTED_EDGE('',*,*,#157,.T.);
#157 = EDGE_CURVE('',#150,#158,#160,.T.);
#158 = VERTEX_POINT('',#159);
#159 = CARTESIAN_POINT('',(-1.64998641818,-2.3895,0.80898641818));
#160 = CIRCLE('',#161,2.E-02);
#161 = AXIS2_PLACEMENT_3D('',#162,#163,#164);
#162 = CARTESIAN_POINT('',(-1.62998641818,-2.3895,0.80898641818));
#163 = DIRECTION('',(0.,-1.,0.));
#164 = DIRECTION('',(1.,0.,0.));
#165 = ORIENTED_EDGE('',*,*,#166,.F.);
#166 = EDGE_CURVE('',#167,#158,#169,.T.);
#167 = VERTEX_POINT('',#168);
#168 = CARTESIAN_POINT('',(-1.64998641818,-3.0895,0.80898641818));
#169 = LINE('',#170,#171);
#170 = CARTESIAN_POINT('',(-1.64998641818,-3.0895,0.80898641818));
#171 = VECTOR('',#172,1.);
#172 = DIRECTION('',(0.,1.,-0.));
#173 = ORIENTED_EDGE('',*,*,#174,.F.);
#174 = EDGE_CURVE('',#148,#167,#175,.T.);
#175 = CIRCLE('',#176,2.E-02);
#176 = AXIS2_PLACEMENT_3D('',#177,#178,#179);
#177 = CARTESIAN_POINT('',(-1.62998641818,-3.0895,0.80898641818));
#178 = DIRECTION('',(0.,-1.,0.));
#179 = DIRECTION('',(1.,0.,0.));
#180 = CYLINDRICAL_SURFACE('',#181,2.E-02);
#181 = AXIS2_PLACEMENT_3D('',#182,#183,#184);
#182 = CARTESIAN_POINT('',(-1.62998641818,-3.0895,0.80898641818));
#183 = DIRECTION('',(0.,1.,-0.));
#184 = DIRECTION('',(-1.,0.,0.));
#185 = ADVANCED_FACE('',(#186),#224,.F.);
#186 = FACE_BOUND('',#187,.F.);
#187 = EDGE_LOOP('',(#188,#199,#208,#217));
#188 = ORIENTED_EDGE('',*,*,#189,.T.);
#189 = EDGE_CURVE('',#190,#192,#194,.T.);
#190 = VERTEX_POINT('',#191);
#191 = CARTESIAN_POINT('',(-0.408353300778,-2.7895,2.29898641818));
#192 = VERTEX_POINT('',#193);
#193 = CARTESIAN_POINT('',(-0.507972770587,-2.7895,2.390270843905));
#194 = CIRCLE('',#195,0.1);
#195 = AXIS2_PLACEMENT_3D('',#196,#197,#198);
#196 = CARTESIAN_POINT('',(-0.408353300778,-2.7895,2.39898641818));
#197 = DIRECTION('',(0.,1.,-0.));
#198 = DIRECTION('',(-1.,0.,0.));
#199 = ORIENTED_EDGE('',*,*,#200,.T.);
#200 = EDGE_CURVE('',#192,#201,#203,.T.);
#201 = VERTEX_POINT('',#202);
#202 = CARTESIAN_POINT('',(0.507999934228,-2.7895,2.390270843905));
#203 = CIRCLE('',#204,0.507986352407);
#204 = AXIS2_PLACEMENT_3D('',#205,#206,#207);
#205 = CARTESIAN_POINT('',(1.358182038991E-05,-2.7895,2.390270843905));
#206 = DIRECTION('',(0.,0.,-1.));
#207 = DIRECTION('',(-1.,0.,0.));
#208 = ORIENTED_EDGE('',*,*,#209,.F.);
#209 = EDGE_CURVE('',#210,#201,#212,.T.);
#210 = VERTEX_POINT('',#211);
#211 = CARTESIAN_POINT('',(0.408380464419,-2.7895,2.29898641818));
#212 = CIRCLE('',#213,0.1);
#213 = AXIS2_PLACEMENT_3D('',#214,#215,#216);
#214 = CARTESIAN_POINT('',(0.408380464419,-2.7895,2.39898641818));
#215 = DIRECTION('',(-1.224646799147E-16,-1.,0.));
#216 = DIRECTION('',(1.,-1.224646799147E-16,0.));
#217 = ORIENTED_EDGE('',*,*,#218,.T.);
#218 = EDGE_CURVE('',#210,#190,#219,.T.);
#219 = CIRCLE('',#220,0.408366882598);
#220 = AXIS2_PLACEMENT_3D('',#221,#222,#223);
#221 = CARTESIAN_POINT('',(1.358182038991E-05,-2.7895,2.29898641818));
#222 = DIRECTION('',(0.,0.,1.));
#223 = DIRECTION('',(-1.,0.,0.));
#224 = TOROIDAL_SURFACE('',#225,0.408366882598,0.1);
#225 = AXIS2_PLACEMENT_3D('',#226,#227,#228);
#226 = CARTESIAN_POINT('',(1.358182038991E-05,-2.7895,2.39898641818));
#227 = DIRECTION('',(0.,0.,1.));
#228 = DIRECTION('',(-1.,0.,0.));
#229 = ADVANCED_FACE('',(#230),#256,.F.);
#230 = FACE_BOUND('',#231,.F.);
#231 = EDGE_LOOP('',(#232,#240,#249,#255));
#232 = ORIENTED_EDGE('',*,*,#233,.T.);
#233 = EDGE_CURVE('',#192,#234,#236,.T.);
#234 = VERTEX_POINT('',#235);
#235 = CARTESIAN_POINT('',(-0.515734377614,-2.7895,2.47898641818));
#236 = LINE('',#237,#238);
#237 = CARTESIAN_POINT('',(-0.49998641818,-2.7895,2.29898641818));
#238 = VECTOR('',#239,1.);
#239 = DIRECTION('',(-8.715574274766E-02,0.,0.996194698092));
#240 = ORIENTED_EDGE('',*,*,#241,.T.);
#241 = EDGE_CURVE('',#234,#242,#244,.T.);
#242 = VERTEX_POINT('',#243);
#243 = CARTESIAN_POINT('',(0.515761541255,-2.7895,2.47898641818));
#244 = CIRCLE('',#245,0.515747959435);
#245 = AXIS2_PLACEMENT_3D('',#246,#247,#248);
#246 = CARTESIAN_POINT('',(1.358182038991E-05,-2.7895,2.47898641818));
#247 = DIRECTION('',(0.,0.,-1.));
#248 = DIRECTION('',(-1.,0.,0.));
#249 = ORIENTED_EDGE('',*,*,#250,.F.);
#250 = EDGE_CURVE('',#201,#242,#251,.T.);
#251 = LINE('',#252,#253);
#252 = CARTESIAN_POINT('',(0.50001358182,-2.7895,2.29898641818));
#253 = VECTOR('',#254,1.);
#254 = DIRECTION('',(8.715574274766E-02,-1.067350013832E-17,
    0.996194698092));
#255 = ORIENTED_EDGE('',*,*,#200,.F.);
#256 = CONICAL_SURFACE('',#257,0.5,8.726646259972E-02);
#257 = AXIS2_PLACEMENT_3D('',#258,#259,#260);
#258 = CARTESIAN_POINT('',(1.358182038991E-05,-2.7895,2.29898641818));
#259 = DIRECTION('',(0.,0.,1.));
#260 = DIRECTION('',(-1.,0.,0.));
#261 = ADVANCED_FACE('',(#262),#298,.F.);
#262 = FACE_BOUND('',#263,.F.);
#263 = EDGE_LOOP('',(#264,#274,#283,#291));
#264 = ORIENTED_EDGE('',*,*,#265,.T.);
#265 = EDGE_CURVE('',#266,#268,#270,.T.);
#266 = VERTEX_POINT('',#267);
#267 = CARTESIAN_POINT('',(1.00001358182,1.05E-02,0.19898641818));
#268 = VERTEX_POINT('',#269);
#269 = CARTESIAN_POINT('',(1.00001358182,1.05E-02,9.898641817961E-02));
#270 = LINE('',#271,#272);
#271 = CARTESIAN_POINT('',(1.00001358182,1.05E-02,0.19898641818));
#272 = VECTOR('',#273,1.);
#273 = DIRECTION('',(0.,0.,-1.));
#274 = ORIENTED_EDGE('',*,*,#275,.F.);
#275 = EDGE_CURVE('',#276,#268,#278,.T.);
#276 = VERTEX_POINT('',#277);
#277 = CARTESIAN_POINT('',(-0.99998641818,1.05E-02,9.898641817961E-02));
#278 = CIRCLE('',#279,1.);
#279 = AXIS2_PLACEMENT_3D('',#280,#281,#282);
#280 = CARTESIAN_POINT('',(1.358182038991E-05,1.05E-02,
    9.898641817961E-02));
#281 = DIRECTION('',(0.,0.,-1.));
#282 = DIRECTION('',(1.,0.,0.));
#283 = ORIENTED_EDGE('',*,*,#284,.F.);
#284 = EDGE_CURVE('',#285,#276,#287,.T.);
#285 = VERTEX_POINT('',#286);
#286 = CARTESIAN_POINT('',(-0.99998641818,1.05E-02,0.19898641818));
#287 = LINE('',#288,#289);
#288 = CARTESIAN_POINT('',(-0.99998641818,1.05E-02,0.19898641818));
#289 = VECTOR('',#290,1.);
#290 = DIRECTION('',(0.,0.,-1.));
#291 = ORIENTED_EDGE('',*,*,#292,.T.);
#292 = EDGE_CURVE('',#285,#266,#293,.T.);
#293 = CIRCLE('',#294,1.);
#294 = AXIS2_PLACEMENT_3D('',#295,#296,#297);
#295 = CARTESIAN_POINT('',(1.358182038991E-05,1.05E-02,0.19898641818));
#296 = DIRECTION('',(0.,0.,-1.));
#297 = DIRECTION('',(1.,0.,0.));
#298 = CYLINDRICAL_SURFACE('',#299,1.);
#299 = AXIS2_PLACEMENT_3D('',#300,#301,#302);
#300 = CARTESIAN_POINT('',(1.358182038991E-05,1.05E-02,0.19898641818));
#301 = DIRECTION('',(0.,0.,-1.));
#302 = DIRECTION('',(1.,0.,0.));
#303 = ADVANCED_FACE('',(#304),#338,.F.);
#304 = FACE_BOUND('',#305,.T.);
#305 = EDGE_LOOP('',(#306,#316,#324,#332));
#306 = ORIENTED_EDGE('',*,*,#307,.F.);
#307 = EDGE_CURVE('',#308,#310,#312,.T.);
#308 = VERTEX_POINT('',#309);
#309 = CARTESIAN_POINT('',(-0.62498641818,4.1105,1.02898641818));
#310 = VERTEX_POINT('',#311);
#311 = CARTESIAN_POINT('',(0.62501358182,4.1105,1.02898641818));
#312 = LINE('',#313,#314);
#313 = CARTESIAN_POINT('',(-1.59998641818,4.1105,1.02898641818));
#314 = VECTOR('',#315,1.);
#315 = DIRECTION('',(1.,0.,0.));
#316 = ORIENTED_EDGE('',*,*,#317,.T.);
#317 = EDGE_CURVE('',#308,#318,#320,.T.);
#318 = VERTEX_POINT('',#319);
#319 = CARTESIAN_POINT('',(-0.62498641818,4.1105,1.17898641818));
#320 = LINE('',#321,#322);
#321 = CARTESIAN_POINT('',(-0.62498641818,4.1105,1.02898641818));
#322 = VECTOR('',#323,1.);
#323 = DIRECTION('',(0.,0.,1.));
#324 = ORIENTED_EDGE('',*,*,#325,.T.);
#325 = EDGE_CURVE('',#318,#326,#328,.T.);
#326 = VERTEX_POINT('',#327);
#327 = CARTESIAN_POINT('',(0.62501358182,4.1105,1.17898641818));
#328 = LINE('',#329,#330);
#329 = CARTESIAN_POINT('',(-1.59998641818,4.1105,1.17898641818));
#330 = VECTOR('',#331,1.);
#331 = DIRECTION('',(1.,0.,0.));
#332 = ORIENTED_EDGE('',*,*,#333,.T.);
#333 = EDGE_CURVE('',#326,#310,#334,.T.);
#334 = LINE('',#335,#336);
#335 = CARTESIAN_POINT('',(0.62501358182,4.1105,1.02898641818));
#336 = VECTOR('',#337,1.);
#337 = DIRECTION('',(0.,0.,-1.));
#338 = PLANE('',#339);
#339 = AXIS2_PLACEMENT_3D('',#340,#341,#342);
#340 = CARTESIAN_POINT('',(-1.59998641818,4.1105,1.02898641818));
#341 = DIRECTION('',(0.,-1.,0.));
#342 = DIRECTION('',(1.,0.,0.));
#343 = ADVANCED_FACE('',(#344),#378,.F.);
#344 = FACE_BOUND('',#345,.T.);
#345 = EDGE_LOOP('',(#346,#356,#364,#372));
#346 = ORIENTED_EDGE('',*,*,#347,.F.);
#347 = EDGE_CURVE('',#348,#350,#352,.T.);
#348 = VERTEX_POINT('',#349);
#349 = CARTESIAN_POINT('',(0.87501358182,4.1105,1.02898641818));
#350 = VERTEX_POINT('',#351);
#351 = CARTESIAN_POINT('',(1.60001358182,4.1105,1.02898641818));
#352 = LINE('',#353,#354);
#353 = CARTESIAN_POINT('',(-1.59998641818,4.1105,1.02898641818));
#354 = VECTOR('',#355,1.);
#355 = DIRECTION('',(1.,0.,0.));
#356 = ORIENTED_EDGE('',*,*,#357,.T.);
#357 = EDGE_CURVE('',#348,#358,#360,.T.);
#358 = VERTEX_POINT('',#359);
#359 = CARTESIAN_POINT('',(0.87501358182,4.1105,1.17898641818));
#360 = LINE('',#361,#362);
#361 = CARTESIAN_POINT('',(0.87501358182,4.1105,1.02898641818));
#362 = VECTOR('',#363,1.);
#363 = DIRECTION('',(0.,0.,1.));
#364 = ORIENTED_EDGE('',*,*,#365,.T.);
#365 = EDGE_CURVE('',#358,#366,#368,.T.);
#366 = VERTEX_POINT('',#367);
#367 = CARTESIAN_POINT('',(1.60001358182,4.1105,1.17898641818));
#368 = LINE('',#369,#370);
#369 = CARTESIAN_POINT('',(-1.59998641818,4.1105,1.17898641818));
#370 = VECTOR('',#371,1.);
#371 = DIRECTION('',(1.,0.,0.));
#372 = ORIENTED_EDGE('',*,*,#373,.F.);
#373 = EDGE_CURVE('',#350,#366,#374,.T.);
#374 = LINE('',#375,#376);
#375 = CARTESIAN_POINT('',(1.60001358182,4.1105,1.02898641818));
#376 = VECTOR('',#377,1.);
#377 = DIRECTION('',(0.,0.,1.));
#378 = PLANE('',#379);
#379 = AXIS2_PLACEMENT_3D('',#380,#381,#382);
#380 = CARTESIAN_POINT('',(-1.59998641818,4.1105,1.02898641818));
#381 = DIRECTION('',(0.,-1.,0.));
#382 = DIRECTION('',(1.,0.,0.));
#383 = ADVANCED_FACE('',(#384),#418,.F.);
#384 = FACE_BOUND('',#385,.T.);
#385 = EDGE_LOOP('',(#386,#396,#404,#412));
#386 = ORIENTED_EDGE('',*,*,#387,.T.);
#387 = EDGE_CURVE('',#388,#390,#392,.T.);
#388 = VERTEX_POINT('',#389);
#389 = CARTESIAN_POINT('',(0.90001358182,-4.0895,1.17898641818));
#390 = VERTEX_POINT('',#391);
#391 = CARTESIAN_POINT('',(-0.89998641818,-4.0895,1.17898641818));
#392 = LINE('',#393,#394);
#393 = CARTESIAN_POINT('',(-1.59998641818,-4.0895,1.17898641818));
#394 = VECTOR('',#395,1.);
#395 = DIRECTION('',(-1.,0.,0.));
#396 = ORIENTED_EDGE('',*,*,#397,.F.);
#397 = EDGE_CURVE('',#398,#390,#400,.T.);
#398 = VERTEX_POINT('',#399);
#399 = CARTESIAN_POINT('',(-0.89998641818,-4.0895,1.02898641818));
#400 = LINE('',#401,#402);
#401 = CARTESIAN_POINT('',(-0.89998641818,-4.0895,-1.013581820388E-03));
#402 = VECTOR('',#403,1.);
#403 = DIRECTION('',(0.,0.,1.));
#404 = ORIENTED_EDGE('',*,*,#405,.F.);
#405 = EDGE_CURVE('',#406,#398,#408,.T.);
#406 = VERTEX_POINT('',#407);
#407 = CARTESIAN_POINT('',(0.90001358182,-4.0895,1.02898641818));
#408 = LINE('',#409,#410);
#409 = CARTESIAN_POINT('',(-1.59998641818,-4.0895,1.02898641818));
#410 = VECTOR('',#411,1.);
#411 = DIRECTION('',(-1.,0.,0.));
#412 = ORIENTED_EDGE('',*,*,#413,.T.);
#413 = EDGE_CURVE('',#406,#388,#414,.T.);
#414 = LINE('',#415,#416);
#415 = CARTESIAN_POINT('',(0.90001358182,-4.0895,-1.013581820388E-03));
#416 = VECTOR('',#417,1.);
#417 = DIRECTION('',(0.,0.,1.));
#418 = PLANE('',#419);
#419 = AXIS2_PLACEMENT_3D('',#420,#421,#422);
#420 = CARTESIAN_POINT('',(-1.59998641818,-4.0895,1.02898641818));
#421 = DIRECTION('',(0.,1.,0.));
#422 = DIRECTION('',(-1.,0.,0.));
#423 = ADVANCED_FACE('',(#424),#458,.F.);
#424 = FACE_BOUND('',#425,.T.);
#425 = EDGE_LOOP('',(#426,#436,#444,#452));
#426 = ORIENTED_EDGE('',*,*,#427,.T.);
#427 = EDGE_CURVE('',#428,#430,#432,.T.);
#428 = VERTEX_POINT('',#429);
#429 = CARTESIAN_POINT('',(1.60001358182,-4.0895,1.17898641818));
#430 = VERTEX_POINT('',#431);
#431 = CARTESIAN_POINT('',(1.10001358182,-4.0895,1.17898641818));
#432 = LINE('',#433,#434);
#433 = CARTESIAN_POINT('',(-1.59998641818,-4.0895,1.17898641818));
#434 = VECTOR('',#435,1.);
#435 = DIRECTION('',(-1.,0.,0.));
#436 = ORIENTED_EDGE('',*,*,#437,.F.);
#437 = EDGE_CURVE('',#438,#430,#440,.T.);
#438 = VERTEX_POINT('',#439);
#439 = CARTESIAN_POINT('',(1.10001358182,-4.0895,1.02898641818));
#440 = LINE('',#441,#442);
#441 = CARTESIAN_POINT('',(1.10001358182,-4.0895,-1.013581820388E-03));
#442 = VECTOR('',#443,1.);
#443 = DIRECTION('',(0.,0.,1.));
#444 = ORIENTED_EDGE('',*,*,#445,.F.);
#445 = EDGE_CURVE('',#446,#438,#448,.T.);
#446 = VERTEX_POINT('',#447);
#447 = CARTESIAN_POINT('',(1.60001358182,-4.0895,1.02898641818));
#448 = LINE('',#449,#450);
#449 = CARTESIAN_POINT('',(-1.59998641818,-4.0895,1.02898641818));
#450 = VECTOR('',#451,1.);
#451 = DIRECTION('',(-1.,0.,0.));
#452 = ORIENTED_EDGE('',*,*,#453,.T.);
#453 = EDGE_CURVE('',#446,#428,#454,.T.);
#454 = LINE('',#455,#456);
#455 = CARTESIAN_POINT('',(1.60001358182,-4.0895,1.02898641818));
#456 = VECTOR('',#457,1.);
#457 = DIRECTION('',(0.,0.,1.));
#458 = PLANE('',#459);
#459 = AXIS2_PLACEMENT_3D('',#460,#461,#462);
#460 = CARTESIAN_POINT('',(-1.59998641818,-4.0895,1.02898641818));
#461 = DIRECTION('',(0.,1.,0.));
#462 = DIRECTION('',(-1.,0.,0.));
#463 = ADVANCED_FACE('',(#464,#548),#558,.T.);
#464 = FACE_BOUND('',#465,.T.);
#465 = EDGE_LOOP('',(#466,#476,#485,#493,#502,#510,#518,#526,#534,#542)
  );
#466 = ORIENTED_EDGE('',*,*,#467,.F.);
#467 = EDGE_CURVE('',#468,#470,#472,.T.);
#468 = VERTEX_POINT('',#469);
#469 = CARTESIAN_POINT('',(0.80001358182,3.4105,2.47898641818));
#470 = VERTEX_POINT('',#471);
#471 = CARTESIAN_POINT('',(0.80001358182,3.681274925079,2.47898641818));
#472 = LINE('',#473,#474);
#473 = CARTESIAN_POINT('',(0.80001358182,3.4105,2.47898641818));
#474 = VECTOR('',#475,1.);
#475 = DIRECTION('',(4.336808689942E-16,1.,0.));
#476 = ORIENTED_EDGE('',*,*,#477,.F.);
#477 = EDGE_CURVE('',#478,#468,#480,.T.);
#478 = VERTEX_POINT('',#479);
#479 = CARTESIAN_POINT('',(0.30001358182,2.9105,2.47898641818));
#480 = CIRCLE('',#481,0.5);
#481 = AXIS2_PLACEMENT_3D('',#482,#483,#484);
#482 = CARTESIAN_POINT('',(0.30001358182,3.4105,2.47898641818));
#483 = DIRECTION('',(0.,0.,1.));
#484 = DIRECTION('',(-1.,0.,0.));
#485 = ORIENTED_EDGE('',*,*,#486,.F.);
#486 = EDGE_CURVE('',#487,#478,#489,.T.);
#487 = VERTEX_POINT('',#488);
#488 = CARTESIAN_POINT('',(-0.29998641818,2.9105,2.47898641818));
#489 = LINE('',#490,#491);
#490 = CARTESIAN_POINT('',(0.30001358182,2.9105,2.47898641818));
#491 = VECTOR('',#492,1.);
#492 = DIRECTION('',(1.,0.,-0.));
#493 = ORIENTED_EDGE('',*,*,#494,.F.);
#494 = EDGE_CURVE('',#495,#487,#497,.T.);
#495 = VERTEX_POINT('',#496);
#496 = CARTESIAN_POINT('',(-0.79998641818,3.4105,2.47898641818));
#497 = CIRCLE('',#498,0.5);
#498 = AXIS2_PLACEMENT_3D('',#499,#500,#501);
#499 = CARTESIAN_POINT('',(-0.29998641818,3.4105,2.47898641818));
#500 = DIRECTION('',(0.,0.,1.));
#501 = DIRECTION('',(-1.,0.,0.));
#502 = ORIENTED_EDGE('',*,*,#503,.F.);
#503 = EDGE_CURVE('',#504,#495,#506,.T.);
#504 = VERTEX_POINT('',#505);
#505 = CARTESIAN_POINT('',(-0.79998641818,3.681274925079,2.47898641818)
  );
#506 = LINE('',#507,#508);
#507 = CARTESIAN_POINT('',(-0.79998641818,3.9105,2.47898641818));
#508 = VECTOR('',#509,1.);
#509 = DIRECTION('',(4.336808689942E-16,-1.,0.));
#510 = ORIENTED_EDGE('',*,*,#511,.T.);
#511 = EDGE_CURVE('',#504,#512,#514,.T.);
#512 = VERTEX_POINT('',#513);
#513 = CARTESIAN_POINT('',(-1.370761343259,3.681274925079,2.47898641818)
  );
#514 = LINE('',#515,#516);
#515 = CARTESIAN_POINT('',(-1.59998641818,3.681274925079,2.47898641818)
  );
#516 = VECTOR('',#517,1.);
#517 = DIRECTION('',(-1.,0.,0.));
#518 = ORIENTED_EDGE('',*,*,#519,.T.);
#519 = EDGE_CURVE('',#512,#520,#522,.T.);
#520 = VERTEX_POINT('',#521);
#521 = CARTESIAN_POINT('',(-1.370761343259,-3.660274925079,2.47898641818
    ));
#522 = LINE('',#523,#524);
#523 = CARTESIAN_POINT('',(-1.370761343259,-3.8895,2.47898641818));
#524 = VECTOR('',#525,1.);
#525 = DIRECTION('',(1.11200222819E-16,-1.,0.));
#526 = ORIENTED_EDGE('',*,*,#527,.T.);
#527 = EDGE_CURVE('',#520,#528,#530,.T.);
#528 = VERTEX_POINT('',#529);
#529 = CARTESIAN_POINT('',(1.370788506899,-3.660274925079,2.47898641818)
  );
#530 = LINE('',#531,#532);
#531 = CARTESIAN_POINT('',(-1.59998641818,-3.660274925079,2.47898641818)
  );
#532 = VECTOR('',#533,1.);
#533 = DIRECTION('',(1.,0.,-0.));
#534 = ORIENTED_EDGE('',*,*,#535,.T.);
#535 = EDGE_CURVE('',#528,#536,#538,.T.);
#536 = VERTEX_POINT('',#537);
#537 = CARTESIAN_POINT('',(1.370788506899,3.681274925079,2.47898641818)
  );
#538 = LINE('',#539,#540);
#539 = CARTESIAN_POINT('',(1.370788506899,-3.8895,2.47898641818));
#540 = VECTOR('',#541,1.);
#541 = DIRECTION('',(-1.668003342285E-16,1.,0.));
#542 = ORIENTED_EDGE('',*,*,#543,.T.);
#543 = EDGE_CURVE('',#536,#470,#544,.T.);
#544 = LINE('',#545,#546);
#545 = CARTESIAN_POINT('',(-1.59998641818,3.681274925079,2.47898641818)
  );
#546 = VECTOR('',#547,1.);
#547 = DIRECTION('',(-1.,0.,0.));
#548 = FACE_BOUND('',#549,.T.);
#549 = EDGE_LOOP('',(#550,#551));
#550 = ORIENTED_EDGE('',*,*,#241,.T.);
#551 = ORIENTED_EDGE('',*,*,#552,.T.);
#552 = EDGE_CURVE('',#242,#234,#553,.T.);
#553 = CIRCLE('',#554,0.515747959435);
#554 = AXIS2_PLACEMENT_3D('',#555,#556,#557);
#555 = CARTESIAN_POINT('',(1.358182038991E-05,-2.7895,2.47898641818));
#556 = DIRECTION('',(0.,0.,-1.));
#557 = DIRECTION('',(-1.,0.,0.));
#558 = PLANE('',#559);
#559 = AXIS2_PLACEMENT_3D('',#560,#561,#562);
#560 = CARTESIAN_POINT('',(1.60001358182,3.9105,2.47898641818));
#561 = DIRECTION('',(0.,0.,1.));
#562 = DIRECTION('',(-1.,0.,0.));
#563 = ADVANCED_FACE('',(#564),#644,.T.);
#564 = FACE_BOUND('',#565,.T.);
#565 = EDGE_LOOP('',(#566,#574,#575,#583,#591,#597,#598,#606,#614,#622,
    #630,#638));
#566 = ORIENTED_EDGE('',*,*,#567,.F.);
#567 = EDGE_CURVE('',#308,#568,#570,.T.);
#568 = VERTEX_POINT('',#569);
#569 = CARTESIAN_POINT('',(-0.62498641818,4.0105,1.02898641818));
#570 = LINE('',#571,#572);
#571 = CARTESIAN_POINT('',(-0.62498641818,4.1105,1.02898641818));
#572 = VECTOR('',#573,1.);
#573 = DIRECTION('',(-2.27682456222E-14,-1.,0.));
#574 = ORIENTED_EDGE('',*,*,#307,.T.);
#575 = ORIENTED_EDGE('',*,*,#576,.F.);
#576 = EDGE_CURVE('',#577,#310,#579,.T.);
#577 = VERTEX_POINT('',#578);
#578 = CARTESIAN_POINT('',(0.62501358182,4.0105,1.02898641818));
#579 = LINE('',#580,#581);
#580 = CARTESIAN_POINT('',(0.62501358182,4.1105,1.02898641818));
#581 = VECTOR('',#582,1.);
#582 = DIRECTION('',(-2.385244779468E-14,1.,0.));
#583 = ORIENTED_EDGE('',*,*,#584,.F.);
#584 = EDGE_CURVE('',#585,#577,#587,.T.);
#585 = VERTEX_POINT('',#586);
#586 = CARTESIAN_POINT('',(0.87501358182,4.0105,1.02898641818));
#587 = LINE('',#588,#589);
#588 = CARTESIAN_POINT('',(1.60001358182,4.0105,1.02898641818));
#589 = VECTOR('',#590,1.);
#590 = DIRECTION('',(-1.,0.,0.));
#591 = ORIENTED_EDGE('',*,*,#592,.F.);
#592 = EDGE_CURVE('',#348,#585,#593,.T.);
#593 = LINE('',#594,#595);
#594 = CARTESIAN_POINT('',(0.87501358182,4.1105,1.02898641818));
#595 = VECTOR('',#596,1.);
#596 = DIRECTION('',(8.673617379884E-15,-1.,0.));
#597 = ORIENTED_EDGE('',*,*,#347,.T.);
#598 = ORIENTED_EDGE('',*,*,#599,.T.);
#599 = EDGE_CURVE('',#350,#600,#602,.T.);
#600 = VERTEX_POINT('',#601);
#601 = CARTESIAN_POINT('',(1.60001358182,3.9105,1.02898641818));
#602 = LINE('',#603,#604);
#603 = CARTESIAN_POINT('',(1.60001358182,4.1105,1.02898641818));
#604 = VECTOR('',#605,1.);
#605 = DIRECTION('',(0.,-1.,0.));
#606 = ORIENTED_EDGE('',*,*,#607,.F.);
#607 = EDGE_CURVE('',#608,#600,#610,.T.);
#608 = VERTEX_POINT('',#609);
#609 = CARTESIAN_POINT('',(-1.59998641818,3.9105,1.02898641818));
#610 = LINE('',#611,#612);
#611 = CARTESIAN_POINT('',(-1.59998641818,3.9105,1.02898641818));
#612 = VECTOR('',#613,1.);
#613 = DIRECTION('',(1.,-1.355252715607E-16,0.));
#614 = ORIENTED_EDGE('',*,*,#615,.T.);
#615 = EDGE_CURVE('',#608,#616,#618,.T.);
#616 = VERTEX_POINT('',#617);
#617 = CARTESIAN_POINT('',(-1.59998641818,4.1105,1.02898641818));
#618 = LINE('',#619,#620);
#619 = CARTESIAN_POINT('',(-1.59998641818,4.1105,1.02898641818));
#620 = VECTOR('',#621,1.);
#621 = DIRECTION('',(0.,1.,-0.));
#622 = ORIENTED_EDGE('',*,*,#623,.T.);
#623 = EDGE_CURVE('',#616,#624,#626,.T.);
#624 = VERTEX_POINT('',#625);
#625 = CARTESIAN_POINT('',(-0.87498641818,4.1105,1.02898641818));
#626 = LINE('',#627,#628);
#627 = CARTESIAN_POINT('',(-1.59998641818,4.1105,1.02898641818));
#628 = VECTOR('',#629,1.);
#629 = DIRECTION('',(1.,0.,0.));
#630 = ORIENTED_EDGE('',*,*,#631,.F.);
#631 = EDGE_CURVE('',#632,#624,#634,.T.);
#632 = VERTEX_POINT('',#633);
#633 = CARTESIAN_POINT('',(-0.87498641818,4.0105,1.02898641818));
#634 = LINE('',#635,#636);
#635 = CARTESIAN_POINT('',(-0.87498641818,4.1105,1.02898641818));
#636 = VECTOR('',#637,1.);
#637 = DIRECTION('',(0.,1.,0.));
#638 = ORIENTED_EDGE('',*,*,#639,.F.);
#639 = EDGE_CURVE('',#568,#632,#640,.T.);
#640 = LINE('',#641,#642);
#641 = CARTESIAN_POINT('',(1.60001358182,4.0105,1.02898641818));
#642 = VECTOR('',#643,1.);
#643 = DIRECTION('',(-1.,0.,0.));
#644 = PLANE('',#645);
#645 = AXIS2_PLACEMENT_3D('',#646,#647,#648);
#646 = CARTESIAN_POINT('',(1.60001358182,4.1105,1.02898641818));
#647 = DIRECTION('',(0.,0.,-1.));
#648 = DIRECTION('',(1.,-0.,0.));
#649 = ADVANCED_FACE('',(#650),#716,.T.);
#650 = FACE_BOUND('',#651,.T.);
#651 = EDGE_LOOP('',(#652,#662,#671,#677,#678,#686,#694,#700,#701,#709)
  );
#652 = ORIENTED_EDGE('',*,*,#653,.F.);
#653 = EDGE_CURVE('',#654,#656,#658,.T.);
#654 = VERTEX_POINT('',#655);
#655 = CARTESIAN_POINT('',(0.650148774913,3.769438415433,1.97898641818)
  );
#656 = VERTEX_POINT('',#657);
#657 = CARTESIAN_POINT('',(-0.650121611273,3.769438415433,1.97898641818)
  );
#658 = LINE('',#659,#660);
#659 = CARTESIAN_POINT('',(-1.59998641818,3.769438415433,1.97898641818)
  );
#660 = VECTOR('',#661,1.);
#661 = DIRECTION('',(-1.,0.,0.));
#662 = ORIENTED_EDGE('',*,*,#663,.T.);
#663 = EDGE_CURVE('',#654,#664,#666,.T.);
#664 = VERTEX_POINT('',#665);
#665 = CARTESIAN_POINT('',(0.749403390077,3.753954602699,2.066799483839)
  );
#666 = ( BOUNDED_CURVE() B_SPLINE_CURVE(3,(#667,#668,#669,#670),
.UNSPECIFIED.,.F.,.F.) B_SPLINE_CURVE_WITH_KNOTS((4,4),(0.,
1.448623279155),.PIECEWISE_BEZIER_KNOTS.) CURVE() 
GEOMETRIC_REPRESENTATION_ITEM() RATIONAL_B_SPLINE_CURVE((1.,
0.832637147193,0.832637147193,1.)) REPRESENTATION_ITEM('') );
#667 = CARTESIAN_POINT('',(0.650148774913,3.769438415433,1.97898641818)
  );
#668 = CARTESIAN_POINT('',(0.70320270126,3.769438415433,1.97898641818));
#669 = CARTESIAN_POINT('',(0.742937742908,3.763239711798,2.014141013414)
  );
#670 = CARTESIAN_POINT('',(0.749403390077,3.753954602699,2.066799483839)
  );
#671 = ORIENTED_EDGE('',*,*,#672,.T.);
#672 = EDGE_CURVE('',#664,#470,#673,.T.);
#673 = LINE('',#674,#675);
#674 = CARTESIAN_POINT('',(0.608108109114,3.95686423643,0.916041767036)
  );
#675 = VECTOR('',#676,1.);
#676 = DIRECTION('',(0.120044758076,-0.1723924375,0.977686096634));
#677 = ORIENTED_EDGE('',*,*,#543,.F.);
#678 = ORIENTED_EDGE('',*,*,#679,.T.);
#679 = EDGE_CURVE('',#536,#680,#682,.T.);
#680 = VERTEX_POINT('',#681);
#681 = CARTESIAN_POINT('',(1.60001358182,3.9105,1.17898641818));
#682 = LINE('',#683,#684);
#683 = CARTESIAN_POINT('',(1.506346192463,3.816832610642,1.710200580534)
  );
#684 = VECTOR('',#685,1.);
#685 = DIRECTION('',(0.171087869746,0.171087869746,-0.970287525248));
#686 = ORIENTED_EDGE('',*,*,#687,.T.);
#687 = EDGE_CURVE('',#680,#688,#690,.T.);
#688 = VERTEX_POINT('',#689);
#689 = CARTESIAN_POINT('',(-1.59998641818,3.9105,1.17898641818));
#690 = LINE('',#691,#692);
#691 = CARTESIAN_POINT('',(-1.59998641818,3.9105,1.17898641818));
#692 = VECTOR('',#693,1.);
#693 = DIRECTION('',(-1.,0.,0.));
#694 = ORIENTED_EDGE('',*,*,#695,.F.);
#695 = EDGE_CURVE('',#512,#688,#696,.T.);
#696 = LINE('',#697,#698);
#697 = CARTESIAN_POINT('',(-1.371672156621,3.682185738441,2.473820938919
    ));
#698 = VECTOR('',#699,1.);
#699 = DIRECTION('',(-0.171087869746,0.171087869746,-0.970287525248));
#700 = ORIENTED_EDGE('',*,*,#511,.F.);
#701 = ORIENTED_EDGE('',*,*,#702,.T.);
#702 = EDGE_CURVE('',#504,#703,#705,.T.);
#703 = VERTEX_POINT('',#704);
#704 = CARTESIAN_POINT('',(-0.749376226437,3.753954602699,2.066799483839
    ));
#705 = LINE('',#706,#707);
#706 = CARTESIAN_POINT('',(-0.654195326086,3.890640849377,1.291613258059
    ));
#707 = VECTOR('',#708,1.);
#708 = DIRECTION('',(0.120044758076,0.1723924375,-0.977686096634));
#709 = ORIENTED_EDGE('',*,*,#710,.T.);
#710 = EDGE_CURVE('',#703,#656,#711,.T.);
#711 = ( BOUNDED_CURVE() B_SPLINE_CURVE(3,(#712,#713,#714,#715),
.UNSPECIFIED.,.F.,.F.) B_SPLINE_CURVE_WITH_KNOTS((4,4),(1.692969374435,
3.14159265359),.PIECEWISE_BEZIER_KNOTS.) CURVE() 
GEOMETRIC_REPRESENTATION_ITEM() RATIONAL_B_SPLINE_CURVE((1.,
0.832637147193,0.832637147193,1.)) REPRESENTATION_ITEM('') );
#712 = CARTESIAN_POINT('',(-0.749376226437,3.753954602699,2.066799483839
    ));
#713 = CARTESIAN_POINT('',(-0.742910579268,3.763239711798,2.014141013414
    ));
#714 = CARTESIAN_POINT('',(-0.70317553762,3.769438415433,1.97898641818)
  );
#715 = CARTESIAN_POINT('',(-0.650121611273,3.769438415433,1.97898641818)
  );
#716 = PLANE('',#717);
#717 = AXIS2_PLACEMENT_3D('',#718,#719,#720);
#718 = CARTESIAN_POINT('',(-1.59998641818,3.9105,1.17898641818));
#719 = DIRECTION('',(0.,0.984807753012,0.173648177667));
#720 = DIRECTION('',(-0.,0.173648177667,-0.984807753012));
#721 = ADVANCED_FACE('',(#722),#740,.T.);
#722 = FACE_BOUND('',#723,.T.);
#723 = EDGE_LOOP('',(#724,#732,#738,#739));
#724 = ORIENTED_EDGE('',*,*,#725,.T.);
#725 = EDGE_CURVE('',#688,#726,#728,.T.);
#726 = VERTEX_POINT('',#727);
#727 = CARTESIAN_POINT('',(-1.59998641818,-3.8895,1.17898641818));
#728 = LINE('',#729,#730);
#729 = CARTESIAN_POINT('',(-1.59998641818,-3.8895,1.17898641818));
#730 = VECTOR('',#731,1.);
#731 = DIRECTION('',(1.11200222819E-16,-1.,0.));
#732 = ORIENTED_EDGE('',*,*,#733,.F.);
#733 = EDGE_CURVE('',#520,#726,#734,.T.);
#734 = LINE('',#735,#736);
#735 = CARTESIAN_POINT('',(-1.59998641818,-3.8895,1.17898641818));
#736 = VECTOR('',#737,1.);
#737 = DIRECTION('',(-0.171087869746,-0.171087869746,-0.970287525248));
#738 = ORIENTED_EDGE('',*,*,#519,.F.);
#739 = ORIENTED_EDGE('',*,*,#695,.T.);
#740 = PLANE('',#741);
#741 = AXIS2_PLACEMENT_3D('',#742,#743,#744);
#742 = CARTESIAN_POINT('',(-1.59998641818,-3.8895,1.17898641818));
#743 = DIRECTION('',(-0.984807753012,-1.095108415689E-16,0.173648177667)
  );
#744 = DIRECTION('',(-0.173648177667,0.,-0.984807753012));
#745 = ADVANCED_FACE('',(#746),#764,.T.);
#746 = FACE_BOUND('',#747,.T.);
#747 = EDGE_LOOP('',(#748,#756,#762,#763));
#748 = ORIENTED_EDGE('',*,*,#749,.T.);
#749 = EDGE_CURVE('',#726,#750,#752,.T.);
#750 = VERTEX_POINT('',#751);
#751 = CARTESIAN_POINT('',(1.60001358182,-3.8895,1.17898641818));
#752 = LINE('',#753,#754);
#753 = CARTESIAN_POINT('',(-1.59998641818,-3.8895,1.17898641818));
#754 = VECTOR('',#755,1.);
#755 = DIRECTION('',(1.,0.,0.));
#756 = ORIENTED_EDGE('',*,*,#757,.F.);
#757 = EDGE_CURVE('',#528,#750,#758,.T.);
#758 = LINE('',#759,#760);
#759 = CARTESIAN_POINT('',(1.60001358182,-3.8895,1.17898641818));
#760 = VECTOR('',#761,1.);
#761 = DIRECTION('',(0.171087869746,-0.171087869746,-0.970287525248));
#762 = ORIENTED_EDGE('',*,*,#527,.F.);
#763 = ORIENTED_EDGE('',*,*,#733,.T.);
#764 = PLANE('',#765);
#765 = AXIS2_PLACEMENT_3D('',#766,#767,#768);
#766 = CARTESIAN_POINT('',(-1.59998641818,-3.8895,1.17898641818));
#767 = DIRECTION('',(0.,-0.984807753012,0.173648177667));
#768 = DIRECTION('',(0.,0.173648177667,0.984807753012));
#769 = ADVANCED_FACE('',(#770),#781,.T.);
#770 = FACE_BOUND('',#771,.T.);
#771 = EDGE_LOOP('',(#772,#778,#779,#780));
#772 = ORIENTED_EDGE('',*,*,#773,.T.);
#773 = EDGE_CURVE('',#750,#680,#774,.T.);
#774 = LINE('',#775,#776);
#775 = CARTESIAN_POINT('',(1.60001358182,-3.8895,1.17898641818));
#776 = VECTOR('',#777,1.);
#777 = DIRECTION('',(-1.668003342285E-16,1.,0.));
#778 = ORIENTED_EDGE('',*,*,#679,.F.);
#779 = ORIENTED_EDGE('',*,*,#535,.F.);
#780 = ORIENTED_EDGE('',*,*,#757,.T.);
#781 = PLANE('',#782);
#782 = AXIS2_PLACEMENT_3D('',#783,#784,#785);
#783 = CARTESIAN_POINT('',(1.60001358182,-3.8895,1.17898641818));
#784 = DIRECTION('',(0.984807753012,1.642662623533E-16,0.173648177667));
#785 = DIRECTION('',(-0.173648177667,0.,0.984807753012));
#786 = ADVANCED_FACE('',(#787),#858,.F.);
#787 = FACE_BOUND('',#788,.T.);
#788 = EDGE_LOOP('',(#789,#790,#798,#806,#814,#822,#828,#829,#835,#836,
    #844,#852));
#789 = ORIENTED_EDGE('',*,*,#325,.F.);
#790 = ORIENTED_EDGE('',*,*,#791,.F.);
#791 = EDGE_CURVE('',#792,#318,#794,.T.);
#792 = VERTEX_POINT('',#793);
#793 = CARTESIAN_POINT('',(-0.62498641818,4.0105,1.17898641818));
#794 = LINE('',#795,#796);
#795 = CARTESIAN_POINT('',(-0.62498641818,4.1105,1.17898641818));
#796 = VECTOR('',#797,1.);
#797 = DIRECTION('',(2.27682456222E-14,1.,-0.));
#798 = ORIENTED_EDGE('',*,*,#799,.F.);
#799 = EDGE_CURVE('',#800,#792,#802,.T.);
#800 = VERTEX_POINT('',#801);
#801 = CARTESIAN_POINT('',(-0.87498641818,4.0105,1.17898641818));
#802 = LINE('',#803,#804);
#803 = CARTESIAN_POINT('',(-0.62498641818,4.0105,1.17898641818));
#804 = VECTOR('',#805,1.);
#805 = DIRECTION('',(1.,0.,-0.));
#806 = ORIENTED_EDGE('',*,*,#807,.F.);
#807 = EDGE_CURVE('',#808,#800,#810,.T.);
#808 = VERTEX_POINT('',#809);
#809 = CARTESIAN_POINT('',(-0.87498641818,4.1105,1.17898641818));
#810 = LINE('',#811,#812);
#811 = CARTESIAN_POINT('',(-0.87498641818,4.1105,1.17898641818));
#812 = VECTOR('',#813,1.);
#813 = DIRECTION('',(0.,-1.,0.));
#814 = ORIENTED_EDGE('',*,*,#815,.F.);
#815 = EDGE_CURVE('',#816,#808,#818,.T.);
#816 = VERTEX_POINT('',#817);
#817 = CARTESIAN_POINT('',(-1.59998641818,4.1105,1.17898641818));
#818 = LINE('',#819,#820);
#819 = CARTESIAN_POINT('',(-1.59998641818,4.1105,1.17898641818));
#820 = VECTOR('',#821,1.);
#821 = DIRECTION('',(1.,0.,0.));
#822 = ORIENTED_EDGE('',*,*,#823,.F.);
#823 = EDGE_CURVE('',#688,#816,#824,.T.);
#824 = LINE('',#825,#826);
#825 = CARTESIAN_POINT('',(-1.59998641818,4.1105,1.17898641818));
#826 = VECTOR('',#827,1.);
#827 = DIRECTION('',(0.,1.,-0.));
#828 = ORIENTED_EDGE('',*,*,#687,.F.);
#829 = ORIENTED_EDGE('',*,*,#830,.F.);
#830 = EDGE_CURVE('',#366,#680,#831,.T.);
#831 = LINE('',#832,#833);
#832 = CARTESIAN_POINT('',(1.60001358182,4.1105,1.17898641818));
#833 = VECTOR('',#834,1.);
#834 = DIRECTION('',(0.,-1.,0.));
#835 = ORIENTED_EDGE('',*,*,#365,.F.);
#836 = ORIENTED_EDGE('',*,*,#837,.F.);
#837 = EDGE_CURVE('',#838,#358,#840,.T.);
#838 = VERTEX_POINT('',#839);
#839 = CARTESIAN_POINT('',(0.87501358182,4.0105,1.17898641818));
#840 = LINE('',#841,#842);
#841 = CARTESIAN_POINT('',(0.87501358182,4.1105,1.17898641818));
#842 = VECTOR('',#843,1.);
#843 = DIRECTION('',(-8.673617379884E-15,1.,0.));
#844 = ORIENTED_EDGE('',*,*,#845,.F.);
#845 = EDGE_CURVE('',#846,#838,#848,.T.);
#846 = VERTEX_POINT('',#847);
#847 = CARTESIAN_POINT('',(0.62501358182,4.0105,1.17898641818));
#848 = LINE('',#849,#850);
#849 = CARTESIAN_POINT('',(0.87501358182,4.0105,1.17898641818));
#850 = VECTOR('',#851,1.);
#851 = DIRECTION('',(1.,0.,-0.));
#852 = ORIENTED_EDGE('',*,*,#853,.F.);
#853 = EDGE_CURVE('',#326,#846,#854,.T.);
#854 = LINE('',#855,#856);
#855 = CARTESIAN_POINT('',(0.62501358182,4.1105,1.17898641818));
#856 = VECTOR('',#857,1.);
#857 = DIRECTION('',(2.385244779468E-14,-1.,0.));
#858 = PLANE('',#859);
#859 = AXIS2_PLACEMENT_3D('',#860,#861,#862);
#860 = CARTESIAN_POINT('',(1.60001358182,4.1105,1.17898641818));
#861 = DIRECTION('',(0.,0.,-1.));
#862 = DIRECTION('',(1.,-0.,0.));
#863 = ADVANCED_FACE('',(#864),#880,.F.);
#864 = FACE_BOUND('',#865,.T.);
#865 = EDGE_LOOP('',(#866,#867,#873,#874));
#866 = ORIENTED_EDGE('',*,*,#815,.T.);
#867 = ORIENTED_EDGE('',*,*,#868,.T.);
#868 = EDGE_CURVE('',#808,#624,#869,.T.);
#869 = LINE('',#870,#871);
#870 = CARTESIAN_POINT('',(-0.87498641818,4.1105,1.02898641818));
#871 = VECTOR('',#872,1.);
#872 = DIRECTION('',(0.,0.,-1.));
#873 = ORIENTED_EDGE('',*,*,#623,.F.);
#874 = ORIENTED_EDGE('',*,*,#875,.T.);
#875 = EDGE_CURVE('',#616,#816,#876,.T.);
#876 = LINE('',#877,#878);
#877 = CARTESIAN_POINT('',(-1.59998641818,4.1105,1.02898641818));
#878 = VECTOR('',#879,1.);
#879 = DIRECTION('',(0.,0.,1.));
#880 = PLANE('',#881);
#881 = AXIS2_PLACEMENT_3D('',#882,#883,#884);
#882 = CARTESIAN_POINT('',(-1.59998641818,4.1105,1.02898641818));
#883 = DIRECTION('',(0.,-1.,0.));
#884 = DIRECTION('',(1.,0.,0.));
#885 = ADVANCED_FACE('',(#886),#945,.F.);
#886 = FACE_BOUND('',#887,.T.);
#887 = EDGE_LOOP('',(#888,#889,#890,#896,#897,#905,#913,#921,#929,#937,
    #943,#944));
#888 = ORIENTED_EDGE('',*,*,#830,.T.);
#889 = ORIENTED_EDGE('',*,*,#773,.F.);
#890 = ORIENTED_EDGE('',*,*,#891,.T.);
#891 = EDGE_CURVE('',#750,#428,#892,.T.);
#892 = LINE('',#893,#894);
#893 = CARTESIAN_POINT('',(1.60001358182,4.1105,1.17898641818));
#894 = VECTOR('',#895,1.);
#895 = DIRECTION('',(0.,-1.,0.));
#896 = ORIENTED_EDGE('',*,*,#453,.F.);
#897 = ORIENTED_EDGE('',*,*,#898,.F.);
#898 = EDGE_CURVE('',#899,#446,#901,.T.);
#899 = VERTEX_POINT('',#900);
#900 = CARTESIAN_POINT('',(1.60001358182,-3.8895,1.02898641818));
#901 = LINE('',#902,#903);
#902 = CARTESIAN_POINT('',(1.60001358182,4.1105,1.02898641818));
#903 = VECTOR('',#904,1.);
#904 = DIRECTION('',(0.,-1.,0.));
#905 = ORIENTED_EDGE('',*,*,#906,.F.);
#906 = EDGE_CURVE('',#907,#899,#909,.T.);
#907 = VERTEX_POINT('',#908);
#908 = CARTESIAN_POINT('',(1.60001358182,-3.0895,1.02898641818));
#909 = LINE('',#910,#911);
#910 = CARTESIAN_POINT('',(1.60001358182,3.9105,1.02898641818));
#911 = VECTOR('',#912,1.);
#912 = DIRECTION('',(0.,-1.,0.));
#913 = ORIENTED_EDGE('',*,*,#914,.F.);
#914 = EDGE_CURVE('',#915,#907,#917,.T.);
#915 = VERTEX_POINT('',#916);
#916 = CARTESIAN_POINT('',(1.60001358182,-2.3895,1.02898641818));
#917 = LINE('',#918,#919);
#918 = CARTESIAN_POINT('',(1.60001358182,3.9105,1.02898641818));
#919 = VECTOR('',#920,1.);
#920 = DIRECTION('',(0.,-1.,0.));
#921 = ORIENTED_EDGE('',*,*,#922,.F.);
#922 = EDGE_CURVE('',#923,#915,#925,.T.);
#923 = VERTEX_POINT('',#924);
#924 = CARTESIAN_POINT('',(1.60001358182,2.4105,1.02898641818));
#925 = LINE('',#926,#927);
#926 = CARTESIAN_POINT('',(1.60001358182,3.9105,1.02898641818));
#927 = VECTOR('',#928,1.);
#928 = DIRECTION('',(0.,-1.,0.));
#929 = ORIENTED_EDGE('',*,*,#930,.F.);
#930 = EDGE_CURVE('',#931,#923,#933,.T.);
#931 = VERTEX_POINT('',#932);
#932 = CARTESIAN_POINT('',(1.60001358182,3.1105,1.02898641818));
#933 = LINE('',#934,#935);
#934 = CARTESIAN_POINT('',(1.60001358182,3.9105,1.02898641818));
#935 = VECTOR('',#936,1.);
#936 = DIRECTION('',(0.,-1.,0.));
#937 = ORIENTED_EDGE('',*,*,#938,.F.);
#938 = EDGE_CURVE('',#600,#931,#939,.T.);
#939 = LINE('',#940,#941);
#940 = CARTESIAN_POINT('',(1.60001358182,3.9105,1.02898641818));
#941 = VECTOR('',#942,1.);
#942 = DIRECTION('',(0.,-1.,0.));
#943 = ORIENTED_EDGE('',*,*,#599,.F.);
#944 = ORIENTED_EDGE('',*,*,#373,.T.);
#945 = PLANE('',#946);
#946 = AXIS2_PLACEMENT_3D('',#947,#948,#949);
#947 = CARTESIAN_POINT('',(1.60001358182,4.1105,1.02898641818));
#948 = DIRECTION('',(-1.,0.,0.));
#949 = DIRECTION('',(0.,-1.,0.));
#950 = ADVANCED_FACE('',(#951),#985,.F.);
#951 = FACE_BOUND('',#952,.T.);
#952 = EDGE_LOOP('',(#953,#963,#971,#979));
#953 = ORIENTED_EDGE('',*,*,#954,.F.);
#954 = EDGE_CURVE('',#955,#957,#959,.T.);
#955 = VERTEX_POINT('',#956);
#956 = CARTESIAN_POINT('',(-1.09998641818,-4.0895,1.02898641818));
#957 = VERTEX_POINT('',#958);
#958 = CARTESIAN_POINT('',(-1.59998641818,-4.0895,1.02898641818));
#959 = LINE('',#960,#961);
#960 = CARTESIAN_POINT('',(-1.59998641818,-4.0895,1.02898641818));
#961 = VECTOR('',#962,1.);
#962 = DIRECTION('',(-1.,0.,0.));
#963 = ORIENTED_EDGE('',*,*,#964,.T.);
#964 = EDGE_CURVE('',#955,#965,#967,.T.);
#965 = VERTEX_POINT('',#966);
#966 = CARTESIAN_POINT('',(-1.09998641818,-4.0895,1.17898641818));
#967 = LINE('',#968,#969);
#968 = CARTESIAN_POINT('',(-1.09998641818,-4.0895,-1.013581820388E-03));
#969 = VECTOR('',#970,1.);
#970 = DIRECTION('',(0.,0.,1.));
#971 = ORIENTED_EDGE('',*,*,#972,.T.);
#972 = EDGE_CURVE('',#965,#973,#975,.T.);
#973 = VERTEX_POINT('',#974);
#974 = CARTESIAN_POINT('',(-1.59998641818,-4.0895,1.17898641818));
#975 = LINE('',#976,#977);
#976 = CARTESIAN_POINT('',(-1.59998641818,-4.0895,1.17898641818));
#977 = VECTOR('',#978,1.);
#978 = DIRECTION('',(-1.,0.,0.));
#979 = ORIENTED_EDGE('',*,*,#980,.F.);
#980 = EDGE_CURVE('',#957,#973,#981,.T.);
#981 = LINE('',#982,#983);
#982 = CARTESIAN_POINT('',(-1.59998641818,-4.0895,1.02898641818));
#983 = VECTOR('',#984,1.);
#984 = DIRECTION('',(0.,0.,1.));
#985 = PLANE('',#986);
#986 = AXIS2_PLACEMENT_3D('',#987,#988,#989);
#987 = CARTESIAN_POINT('',(-1.59998641818,-4.0895,1.02898641818));
#988 = DIRECTION('',(0.,1.,0.));
#989 = DIRECTION('',(-1.,0.,0.));
#990 = ADVANCED_FACE('',(#991),#1050,.F.);
#991 = FACE_BOUND('',#992,.T.);
#992 = EDGE_LOOP('',(#993,#999,#1000,#1001,#1002,#1003,#1011,#1019,#1027
    ,#1035,#1043,#1049));
#993 = ORIENTED_EDGE('',*,*,#994,.T.);
#994 = EDGE_CURVE('',#973,#726,#995,.T.);
#995 = LINE('',#996,#997);
#996 = CARTESIAN_POINT('',(-1.59998641818,4.1105,1.17898641818));
#997 = VECTOR('',#998,1.);
#998 = DIRECTION('',(0.,1.,-0.));
#999 = ORIENTED_EDGE('',*,*,#725,.F.);
#1000 = ORIENTED_EDGE('',*,*,#823,.T.);
#1001 = ORIENTED_EDGE('',*,*,#875,.F.);
#1002 = ORIENTED_EDGE('',*,*,#615,.F.);
#1003 = ORIENTED_EDGE('',*,*,#1004,.F.);
#1004 = EDGE_CURVE('',#1005,#608,#1007,.T.);
#1005 = VERTEX_POINT('',#1006);
#1006 = CARTESIAN_POINT('',(-1.59998641818,3.1105,1.02898641818));
#1007 = LINE('',#1008,#1009);
#1008 = CARTESIAN_POINT('',(-1.59998641818,3.9105,1.02898641818));
#1009 = VECTOR('',#1010,1.);
#1010 = DIRECTION('',(0.,1.,-0.));
#1011 = ORIENTED_EDGE('',*,*,#1012,.F.);
#1012 = EDGE_CURVE('',#1013,#1005,#1015,.T.);
#1013 = VERTEX_POINT('',#1014);
#1014 = CARTESIAN_POINT('',(-1.59998641818,2.4105,1.02898641818));
#1015 = LINE('',#1016,#1017);
#1016 = CARTESIAN_POINT('',(-1.59998641818,3.9105,1.02898641818));
#1017 = VECTOR('',#1018,1.);
#1018 = DIRECTION('',(0.,1.,-0.));
#1019 = ORIENTED_EDGE('',*,*,#1020,.F.);
#1020 = EDGE_CURVE('',#1021,#1013,#1023,.T.);
#1021 = VERTEX_POINT('',#1022);
#1022 = CARTESIAN_POINT('',(-1.59998641818,-2.3895,1.02898641818));
#1023 = LINE('',#1024,#1025);
#1024 = CARTESIAN_POINT('',(-1.59998641818,3.9105,1.02898641818));
#1025 = VECTOR('',#1026,1.);
#1026 = DIRECTION('',(0.,1.,-0.));
#1027 = ORIENTED_EDGE('',*,*,#1028,.F.);
#1028 = EDGE_CURVE('',#1029,#1021,#1031,.T.);
#1029 = VERTEX_POINT('',#1030);
#1030 = CARTESIAN_POINT('',(-1.59998641818,-3.0895,1.02898641818));
#1031 = LINE('',#1032,#1033);
#1032 = CARTESIAN_POINT('',(-1.59998641818,3.9105,1.02898641818));
#1033 = VECTOR('',#1034,1.);
#1034 = DIRECTION('',(0.,1.,-0.));
#1035 = ORIENTED_EDGE('',*,*,#1036,.F.);
#1036 = EDGE_CURVE('',#1037,#1029,#1039,.T.);
#1037 = VERTEX_POINT('',#1038);
#1038 = CARTESIAN_POINT('',(-1.59998641818,-3.8895,1.02898641818));
#1039 = LINE('',#1040,#1041);
#1040 = CARTESIAN_POINT('',(-1.59998641818,3.9105,1.02898641818));
#1041 = VECTOR('',#1042,1.);
#1042 = DIRECTION('',(0.,1.,-0.));
#1043 = ORIENTED_EDGE('',*,*,#1044,.F.);
#1044 = EDGE_CURVE('',#957,#1037,#1045,.T.);
#1045 = LINE('',#1046,#1047);
#1046 = CARTESIAN_POINT('',(-1.59998641818,4.1105,1.02898641818));
#1047 = VECTOR('',#1048,1.);
#1048 = DIRECTION('',(0.,1.,-0.));
#1049 = ORIENTED_EDGE('',*,*,#980,.T.);
#1050 = PLANE('',#1051);
#1051 = AXIS2_PLACEMENT_3D('',#1052,#1053,#1054);
#1052 = CARTESIAN_POINT('',(-1.59998641818,4.1105,1.02898641818));
#1053 = DIRECTION('',(1.,0.,0.));
#1054 = DIRECTION('',(0.,1.,0.));
#1055 = ADVANCED_FACE('',(#1056),#1113,.T.);
#1056 = FACE_BOUND('',#1057,.T.);
#1057 = EDGE_LOOP('',(#1058,#1066,#1074,#1080,#1081,#1082,#1088,#1089,
    #1090,#1098,#1106,#1112));
#1058 = ORIENTED_EDGE('',*,*,#1059,.F.);
#1059 = EDGE_CURVE('',#1060,#398,#1062,.T.);
#1060 = VERTEX_POINT('',#1061);
#1061 = CARTESIAN_POINT('',(-0.89998641818,-3.9895,1.02898641818));
#1062 = LINE('',#1063,#1064);
#1063 = CARTESIAN_POINT('',(-0.89998641818,4.1105,1.02898641818));
#1064 = VECTOR('',#1065,1.);
#1065 = DIRECTION('',(0.,-1.,0.));
#1066 = ORIENTED_EDGE('',*,*,#1067,.F.);
#1067 = EDGE_CURVE('',#1068,#1060,#1070,.T.);
#1068 = VERTEX_POINT('',#1069);
#1069 = CARTESIAN_POINT('',(-1.09998641818,-3.9895,1.02898641818));
#1070 = LINE('',#1071,#1072);
#1071 = CARTESIAN_POINT('',(1.60001358182,-3.9895,1.02898641818));
#1072 = VECTOR('',#1073,1.);
#1073 = DIRECTION('',(1.,0.,0.));
#1074 = ORIENTED_EDGE('',*,*,#1075,.F.);
#1075 = EDGE_CURVE('',#955,#1068,#1076,.T.);
#1076 = LINE('',#1077,#1078);
#1077 = CARTESIAN_POINT('',(-1.09998641818,4.1105,1.02898641818));
#1078 = VECTOR('',#1079,1.);
#1079 = DIRECTION('',(0.,1.,0.));
#1080 = ORIENTED_EDGE('',*,*,#954,.T.);
#1081 = ORIENTED_EDGE('',*,*,#1044,.T.);
#1082 = ORIENTED_EDGE('',*,*,#1083,.F.);
#1083 = EDGE_CURVE('',#899,#1037,#1084,.T.);
#1084 = LINE('',#1085,#1086);
#1085 = CARTESIAN_POINT('',(-1.59998641818,-3.8895,1.02898641818));
#1086 = VECTOR('',#1087,1.);
#1087 = DIRECTION('',(-1.,0.,0.));
#1088 = ORIENTED_EDGE('',*,*,#898,.T.);
#1089 = ORIENTED_EDGE('',*,*,#445,.T.);
#1090 = ORIENTED_EDGE('',*,*,#1091,.F.);
#1091 = EDGE_CURVE('',#1092,#438,#1094,.T.);
#1092 = VERTEX_POINT('',#1093);
#1093 = CARTESIAN_POINT('',(1.10001358182,-3.9895,1.02898641818));
#1094 = LINE('',#1095,#1096);
#1095 = CARTESIAN_POINT('',(1.10001358182,4.1105,1.02898641818));
#1096 = VECTOR('',#1097,1.);
#1097 = DIRECTION('',(0.,-1.,0.));
#1098 = ORIENTED_EDGE('',*,*,#1099,.F.);
#1099 = EDGE_CURVE('',#1100,#1092,#1102,.T.);
#1100 = VERTEX_POINT('',#1101);
#1101 = CARTESIAN_POINT('',(0.90001358182,-3.9895,1.02898641818));
#1102 = LINE('',#1103,#1104);
#1103 = CARTESIAN_POINT('',(1.60001358182,-3.9895,1.02898641818));
#1104 = VECTOR('',#1105,1.);
#1105 = DIRECTION('',(1.,0.,0.));
#1106 = ORIENTED_EDGE('',*,*,#1107,.F.);
#1107 = EDGE_CURVE('',#406,#1100,#1108,.T.);
#1108 = LINE('',#1109,#1110);
#1109 = CARTESIAN_POINT('',(0.90001358182,4.1105,1.02898641818));
#1110 = VECTOR('',#1111,1.);
#1111 = DIRECTION('',(0.,1.,0.));
#1112 = ORIENTED_EDGE('',*,*,#405,.T.);
#1113 = PLANE('',#1114);
#1114 = AXIS2_PLACEMENT_3D('',#1115,#1116,#1117);
#1115 = CARTESIAN_POINT('',(1.60001358182,4.1105,1.02898641818));
#1116 = DIRECTION('',(0.,0.,-1.));
#1117 = DIRECTION('',(1.,-0.,0.));
#1118 = ADVANCED_FACE('',(#1119),#1171,.F.);
#1119 = FACE_BOUND('',#1120,.T.);
#1120 = EDGE_LOOP('',(#1121,#1131,#1137,#1138,#1146,#1154,#1160,#1161,
    #1162,#1163,#1164,#1165));
#1121 = ORIENTED_EDGE('',*,*,#1122,.F.);
#1122 = EDGE_CURVE('',#1123,#1125,#1127,.T.);
#1123 = VERTEX_POINT('',#1124);
#1124 = CARTESIAN_POINT('',(-0.89998641818,-3.9895,1.17898641818));
#1125 = VERTEX_POINT('',#1126);
#1126 = CARTESIAN_POINT('',(-1.09998641818,-3.9895,1.17898641818));
#1127 = LINE('',#1128,#1129);
#1128 = CARTESIAN_POINT('',(-0.89998641818,-3.9895,1.17898641818));
#1129 = VECTOR('',#1130,1.);
#1130 = DIRECTION('',(-1.,0.,0.));
#1131 = ORIENTED_EDGE('',*,*,#1132,.F.);
#1132 = EDGE_CURVE('',#390,#1123,#1133,.T.);
#1133 = LINE('',#1134,#1135);
#1134 = CARTESIAN_POINT('',(-0.89998641818,-3.9895,1.17898641818));
#1135 = VECTOR('',#1136,1.);
#1136 = DIRECTION('',(0.,1.,-0.));
#1137 = ORIENTED_EDGE('',*,*,#387,.F.);
#1138 = ORIENTED_EDGE('',*,*,#1139,.F.);
#1139 = EDGE_CURVE('',#1140,#388,#1142,.T.);
#1140 = VERTEX_POINT('',#1141);
#1141 = CARTESIAN_POINT('',(0.90001358182,-3.9895,1.17898641818));
#1142 = LINE('',#1143,#1144);
#1143 = CARTESIAN_POINT('',(0.90001358182,-3.9895,1.17898641818));
#1144 = VECTOR('',#1145,1.);
#1145 = DIRECTION('',(0.,-1.,0.));
#1146 = ORIENTED_EDGE('',*,*,#1147,.F.);
#1147 = EDGE_CURVE('',#1148,#1140,#1150,.T.);
#1148 = VERTEX_POINT('',#1149);
#1149 = CARTESIAN_POINT('',(1.10001358182,-3.9895,1.17898641818));
#1150 = LINE('',#1151,#1152);
#1151 = CARTESIAN_POINT('',(1.10001358182,-3.9895,1.17898641818));
#1152 = VECTOR('',#1153,1.);
#1153 = DIRECTION('',(-1.,0.,0.));
#1154 = ORIENTED_EDGE('',*,*,#1155,.F.);
#1155 = EDGE_CURVE('',#430,#1148,#1156,.T.);
#1156 = LINE('',#1157,#1158);
#1157 = CARTESIAN_POINT('',(1.10001358182,-3.9895,1.17898641818));
#1158 = VECTOR('',#1159,1.);
#1159 = DIRECTION('',(0.,1.,-0.));
#1160 = ORIENTED_EDGE('',*,*,#427,.F.);
#1161 = ORIENTED_EDGE('',*,*,#891,.F.);
#1162 = ORIENTED_EDGE('',*,*,#749,.F.);
#1163 = ORIENTED_EDGE('',*,*,#994,.F.);
#1164 = ORIENTED_EDGE('',*,*,#972,.F.);
#1165 = ORIENTED_EDGE('',*,*,#1166,.F.);
#1166 = EDGE_CURVE('',#1125,#965,#1167,.T.);
#1167 = LINE('',#1168,#1169);
#1168 = CARTESIAN_POINT('',(-1.09998641818,-3.9895,1.17898641818));
#1169 = VECTOR('',#1170,1.);
#1170 = DIRECTION('',(0.,-1.,0.));
#1171 = PLANE('',#1172);
#1172 = AXIS2_PLACEMENT_3D('',#1173,#1174,#1175);
#1173 = CARTESIAN_POINT('',(1.60001358182,4.1105,1.17898641818));
#1174 = DIRECTION('',(0.,0.,-1.));
#1175 = DIRECTION('',(1.,-0.,0.));
#1176 = ADVANCED_FACE('',(#1177),#1202,.T.);
#1177 = FACE_BOUND('',#1178,.T.);
#1178 = EDGE_LOOP('',(#1179,#1180,#1188,#1196));
#1179 = ORIENTED_EDGE('',*,*,#607,.T.);
#1180 = ORIENTED_EDGE('',*,*,#1181,.F.);
#1181 = EDGE_CURVE('',#1182,#600,#1184,.T.);
#1182 = VERTEX_POINT('',#1183);
#1183 = CARTESIAN_POINT('',(1.518649124741,3.829135542921,
    9.898641817961E-02));
#1184 = LINE('',#1185,#1186);
#1185 = CARTESIAN_POINT('',(1.60001358182,3.9105,1.02898641818));
#1186 = VECTOR('',#1187,1.);
#1187 = DIRECTION('',(8.682659386425E-02,8.682659386425E-02,
    0.992432509139));
#1188 = ORIENTED_EDGE('',*,*,#1189,.F.);
#1189 = EDGE_CURVE('',#1190,#1182,#1192,.T.);
#1190 = VERTEX_POINT('',#1191);
#1191 = CARTESIAN_POINT('',(-1.518621961101,3.829135542921,
    9.898641817961E-02));
#1192 = LINE('',#1193,#1194);
#1193 = CARTESIAN_POINT('',(-1.59998641818,3.829135542921,
    9.898641817961E-02));
#1194 = VECTOR('',#1195,1.);
#1195 = DIRECTION('',(1.,-1.355252715607E-16,0.));
#1196 = ORIENTED_EDGE('',*,*,#1197,.T.);
#1197 = EDGE_CURVE('',#1190,#608,#1198,.T.);
#1198 = LINE('',#1199,#1200);
#1199 = CARTESIAN_POINT('',(-1.59998641818,3.9105,1.02898641818));
#1200 = VECTOR('',#1201,1.);
#1201 = DIRECTION('',(-8.682659386425E-02,8.682659386425E-02,
    0.992432509139));
#1202 = PLANE('',#1203);
#1203 = AXIS2_PLACEMENT_3D('',#1204,#1205,#1206);
#1204 = CARTESIAN_POINT('',(-1.59998641818,3.9105,1.02898641818));
#1205 = DIRECTION('',(1.350095569862E-16,0.996194698092,
    -8.715574274766E-02));
#1206 = DIRECTION('',(-3.08148791102E-33,-8.715574274766E-02,
    -0.996194698092));
#1207 = ADVANCED_FACE('',(#1208),#1372,.T.);
#1208 = FACE_BOUND('',#1209,.T.);
#1209 = EDGE_LOOP('',(#1210,#1211,#1219,#1227,#1233,#1234,#1242,#1250,
    #1256,#1257,#1265,#1273,#1281,#1290,#1298,#1307,#1315,#1323,#1331,
    #1340,#1348,#1357,#1365,#1371));
#1210 = ORIENTED_EDGE('',*,*,#938,.T.);
#1211 = ORIENTED_EDGE('',*,*,#1212,.T.);
#1212 = EDGE_CURVE('',#931,#1213,#1215,.T.);
#1213 = VERTEX_POINT('',#1214);
#1214 = CARTESIAN_POINT('',(1.582515849115,3.1105,0.82898641818));
#1215 = LINE('',#1216,#1217);
#1216 = CARTESIAN_POINT('',(1.60001358182,3.1105,1.02898641818));
#1217 = VECTOR('',#1218,1.);
#1218 = DIRECTION('',(-8.715574274766E-02,0.,-0.996194698092));
#1219 = ORIENTED_EDGE('',*,*,#1220,.T.);
#1220 = EDGE_CURVE('',#1213,#1221,#1223,.T.);
#1221 = VERTEX_POINT('',#1222);
#1222 = CARTESIAN_POINT('',(1.582515849115,2.4105,0.82898641818));
#1223 = LINE('',#1224,#1225);
#1224 = CARTESIAN_POINT('',(1.582515849115,3.9105,0.82898641818));
#1225 = VECTOR('',#1226,1.);
#1226 = DIRECTION('',(0.,-1.,0.));
#1227 = ORIENTED_EDGE('',*,*,#1228,.F.);
#1228 = EDGE_CURVE('',#923,#1221,#1229,.T.);
#1229 = LINE('',#1230,#1231);
#1230 = CARTESIAN_POINT('',(1.60001358182,2.4105,1.02898641818));
#1231 = VECTOR('',#1232,1.);
#1232 = DIRECTION('',(-8.715574274766E-02,0.,-0.996194698092));
#1233 = ORIENTED_EDGE('',*,*,#922,.T.);
#1234 = ORIENTED_EDGE('',*,*,#1235,.F.);
#1235 = EDGE_CURVE('',#1236,#915,#1238,.T.);
#1236 = VERTEX_POINT('',#1237);
#1237 = CARTESIAN_POINT('',(1.582515849115,-2.3895,0.82898641818));
#1238 = LINE('',#1239,#1240);
#1239 = CARTESIAN_POINT('',(1.60001358182,-2.3895,1.02898641818));
#1240 = VECTOR('',#1241,1.);
#1241 = DIRECTION('',(8.715574274766E-02,0.,0.996194698092));
#1242 = ORIENTED_EDGE('',*,*,#1243,.F.);
#1243 = EDGE_CURVE('',#1244,#1236,#1246,.T.);
#1244 = VERTEX_POINT('',#1245);
#1245 = CARTESIAN_POINT('',(1.582515849115,-3.0895,0.82898641818));
#1246 = LINE('',#1247,#1248);
#1247 = CARTESIAN_POINT('',(1.582515849115,3.9105,0.82898641818));
#1248 = VECTOR('',#1249,1.);
#1249 = DIRECTION('',(0.,1.,-0.));
#1250 = ORIENTED_EDGE('',*,*,#1251,.T.);
#1251 = EDGE_CURVE('',#1244,#907,#1252,.T.);
#1252 = LINE('',#1253,#1254);
#1253 = CARTESIAN_POINT('',(1.60001358182,-3.0895,1.02898641818));
#1254 = VECTOR('',#1255,1.);
#1255 = DIRECTION('',(8.715574274766E-02,0.,0.996194698092));
#1256 = ORIENTED_EDGE('',*,*,#906,.T.);
#1257 = ORIENTED_EDGE('',*,*,#1258,.F.);
#1258 = EDGE_CURVE('',#1259,#899,#1261,.T.);
#1259 = VERTEX_POINT('',#1260);
#1260 = CARTESIAN_POINT('',(1.518649124741,-3.808135542921,
    9.898641817961E-02));
#1261 = LINE('',#1262,#1263);
#1262 = CARTESIAN_POINT('',(1.575889238134,-3.865375656313,
    0.753243908072));
#1263 = VECTOR('',#1264,1.);
#1264 = DIRECTION('',(8.682659386425E-02,-8.682659386425E-02,
    0.992432509139));
#1265 = ORIENTED_EDGE('',*,*,#1266,.F.);
#1266 = EDGE_CURVE('',#1267,#1259,#1269,.T.);
#1267 = VERTEX_POINT('',#1268);
#1268 = CARTESIAN_POINT('',(1.518649124741,-3.1895,9.898641817961E-02));
#1269 = LINE('',#1270,#1271);
#1270 = CARTESIAN_POINT('',(1.518649124741,3.9105,9.898641817961E-02));
#1271 = VECTOR('',#1272,1.);
#1272 = DIRECTION('',(0.,-1.,0.));
#1273 = ORIENTED_EDGE('',*,*,#1274,.T.);
#1274 = EDGE_CURVE('',#1267,#1275,#1277,.T.);
#1275 = VERTEX_POINT('',#1276);
#1276 = CARTESIAN_POINT('',(1.528160505039,-3.179988619702,
    0.207701992454));
#1277 = LINE('',#1278,#1279);
#1278 = CARTESIAN_POINT('',(1.652926074336,-3.055223050406,
    1.633778975097));
#1279 = VECTOR('',#1280,1.);
#1280 = DIRECTION('',(8.682659386425E-02,8.682659386425E-02,
    0.992432509139));
#1281 = ORIENTED_EDGE('',*,*,#1282,.T.);
#1282 = EDGE_CURVE('',#1275,#1283,#1285,.T.);
#1283 = VERTEX_POINT('',#1284);
#1284 = CARTESIAN_POINT('',(1.536146857446,-3.080369149893,0.29898641818
    ));
#1285 = ( BOUNDED_CURVE() B_SPLINE_CURVE(3,(#1286,#1287,#1288,#1289),
.UNSPECIFIED.,.F.,.F.) B_SPLINE_CURVE_WITH_KNOTS((4,4),(4.799655442984,
6.28318530718),.PIECEWISE_BEZIER_KNOTS.) CURVE() 
GEOMETRIC_REPRESENTATION_ITEM() RATIONAL_B_SPLINE_CURVE((1.,
0.824851557873,0.824851557873,1.)) REPRESENTATION_ITEM('') );
#1286 = CARTESIAN_POINT('',(1.528160505039,-3.179988619702,
    0.207701992454));
#1287 = CARTESIAN_POINT('',(1.532919467689,-3.175229657052,
    0.262097184453));
#1288 = CARTESIAN_POINT('',(1.536146857446,-3.134972122688,0.29898641818
    ));
#1289 = CARTESIAN_POINT('',(1.536146857446,-3.080369149893,0.29898641818
    ));
#1290 = ORIENTED_EDGE('',*,*,#1291,.T.);
#1291 = EDGE_CURVE('',#1283,#1292,#1294,.T.);
#1292 = VERTEX_POINT('',#1293);
#1293 = CARTESIAN_POINT('',(1.536146857446,-2.398630850107,0.29898641818
    ));
#1294 = LINE('',#1295,#1296);
#1295 = CARTESIAN_POINT('',(1.536146857446,3.9105,0.29898641818));
#1296 = VECTOR('',#1297,1.);
#1297 = DIRECTION('',(0.,1.,-0.));
#1298 = ORIENTED_EDGE('',*,*,#1299,.T.);
#1299 = EDGE_CURVE('',#1292,#1300,#1302,.T.);
#1300 = VERTEX_POINT('',#1301);
#1301 = CARTESIAN_POINT('',(1.528160505039,-2.299011380298,
    0.207701992454));
#1302 = ( BOUNDED_CURVE() B_SPLINE_CURVE(3,(#1303,#1304,#1305,#1306),
.UNSPECIFIED.,.F.,.F.) B_SPLINE_CURVE_WITH_KNOTS((4,4),(3.14159265359,
4.625122517785),.PIECEWISE_BEZIER_KNOTS.) CURVE() 
GEOMETRIC_REPRESENTATION_ITEM() RATIONAL_B_SPLINE_CURVE((1.,
0.824851557873,0.824851557873,1.)) REPRESENTATION_ITEM('') );
#1303 = CARTESIAN_POINT('',(1.536146857446,-2.398630850107,0.29898641818
    ));
#1304 = CARTESIAN_POINT('',(1.536146857446,-2.344027877312,0.29898641818
    ));
#1305 = CARTESIAN_POINT('',(1.532919467689,-2.303770342948,
    0.262097184453));
#1306 = CARTESIAN_POINT('',(1.528160505039,-2.299011380298,
    0.207701992454));
#1307 = ORIENTED_EDGE('',*,*,#1308,.T.);
#1308 = EDGE_CURVE('',#1300,#1309,#1311,.T.);
#1309 = VERTEX_POINT('',#1310);
#1310 = CARTESIAN_POINT('',(1.518649124741,-2.2895,9.898641817961E-02));
#1311 = LINE('',#1312,#1313);
#1312 = CARTESIAN_POINT('',(1.552659270888,-2.323510146147,
    0.487724167462));
#1313 = VECTOR('',#1314,1.);
#1314 = DIRECTION('',(-8.682659386425E-02,8.682659386425E-02,
    -0.992432509139));
#1315 = ORIENTED_EDGE('',*,*,#1316,.F.);
#1316 = EDGE_CURVE('',#1317,#1309,#1319,.T.);
#1317 = VERTEX_POINT('',#1318);
#1318 = CARTESIAN_POINT('',(1.518649124741,2.3105,9.898641817961E-02));
#1319 = LINE('',#1320,#1321);
#1320 = CARTESIAN_POINT('',(1.518649124741,3.9105,9.898641817961E-02));
#1321 = VECTOR('',#1322,1.);
#1322 = DIRECTION('',(0.,-1.,0.));
#1323 = ORIENTED_EDGE('',*,*,#1324,.T.);
#1324 = EDGE_CURVE('',#1317,#1325,#1327,.T.);
#1325 = VERTEX_POINT('',#1326);
#1326 = CARTESIAN_POINT('',(1.528160505039,2.320011380298,0.207701992454
    ));
#1327 = LINE('',#1328,#1329);
#1328 = CARTESIAN_POINT('',(1.611462358624,2.403313233883,1.15984653585)
  );
#1329 = VECTOR('',#1330,1.);
#1330 = DIRECTION('',(8.682659386425E-02,8.682659386425E-02,
    0.992432509139));
#1331 = ORIENTED_EDGE('',*,*,#1332,.T.);
#1332 = EDGE_CURVE('',#1325,#1333,#1335,.T.);
#1333 = VERTEX_POINT('',#1334);
#1334 = CARTESIAN_POINT('',(1.536146857446,2.419630850107,0.29898641818)
  );
#1335 = ( BOUNDED_CURVE() B_SPLINE_CURVE(3,(#1336,#1337,#1338,#1339),
.UNSPECIFIED.,.F.,.F.) B_SPLINE_CURVE_WITH_KNOTS((4,4),(4.799655442984,
6.28318530718),.PIECEWISE_BEZIER_KNOTS.) CURVE() 
GEOMETRIC_REPRESENTATION_ITEM() RATIONAL_B_SPLINE_CURVE((1.,
0.824851557873,0.824851557873,1.)) REPRESENTATION_ITEM('') );
#1336 = CARTESIAN_POINT('',(1.528160505039,2.320011380298,0.207701992454
    ));
#1337 = CARTESIAN_POINT('',(1.532919467689,2.324770342948,0.262097184453
    ));
#1338 = CARTESIAN_POINT('',(1.536146857446,2.365027877312,0.29898641818)
  );
#1339 = CARTESIAN_POINT('',(1.536146857446,2.419630850107,0.29898641818)
  );
#1340 = ORIENTED_EDGE('',*,*,#1341,.T.);
#1341 = EDGE_CURVE('',#1333,#1342,#1344,.T.);
#1342 = VERTEX_POINT('',#1343);
#1343 = CARTESIAN_POINT('',(1.536146857446,3.101369149893,0.29898641818)
  );
#1344 = LINE('',#1345,#1346);
#1345 = CARTESIAN_POINT('',(1.536146857446,3.9105,0.29898641818));
#1346 = VECTOR('',#1347,1.);
#1347 = DIRECTION('',(0.,1.,-0.));
#1348 = ORIENTED_EDGE('',*,*,#1349,.T.);
#1349 = EDGE_CURVE('',#1342,#1350,#1352,.T.);
#1350 = VERTEX_POINT('',#1351);
#1351 = CARTESIAN_POINT('',(1.528160505039,3.200988619702,0.207701992454
    ));
#1352 = ( BOUNDED_CURVE() B_SPLINE_CURVE(3,(#1353,#1354,#1355,#1356),
.UNSPECIFIED.,.F.,.F.) B_SPLINE_CURVE_WITH_KNOTS((4,4),(3.14159265359,
4.625122517785),.PIECEWISE_BEZIER_KNOTS.) CURVE() 
GEOMETRIC_REPRESENTATION_ITEM() RATIONAL_B_SPLINE_CURVE((1.,
0.824851557873,0.824851557873,1.)) REPRESENTATION_ITEM('') );
#1353 = CARTESIAN_POINT('',(1.536146857446,3.101369149893,0.29898641818)
  );
#1354 = CARTESIAN_POINT('',(1.536146857446,3.155972122688,0.29898641818)
  );
#1355 = CARTESIAN_POINT('',(1.532919467689,3.196229657052,0.262097184453
    ));
#1356 = CARTESIAN_POINT('',(1.528160505039,3.200988619702,0.207701992454
    ));
#1357 = ORIENTED_EDGE('',*,*,#1358,.T.);
#1358 = EDGE_CURVE('',#1350,#1359,#1361,.T.);
#1359 = VERTEX_POINT('',#1360);
#1360 = CARTESIAN_POINT('',(1.518649124741,3.2105,9.898641817961E-02));
#1361 = LINE('',#1362,#1363);
#1362 = CARTESIAN_POINT('',(1.594122986599,3.135026138142,0.96165660671)
  );
#1363 = VECTOR('',#1364,1.);
#1364 = DIRECTION('',(-8.682659386425E-02,8.682659386425E-02,
    -0.992432509139));
#1365 = ORIENTED_EDGE('',*,*,#1366,.F.);
#1366 = EDGE_CURVE('',#1182,#1359,#1367,.T.);
#1367 = LINE('',#1368,#1369);
#1368 = CARTESIAN_POINT('',(1.518649124741,3.9105,9.898641817961E-02));
#1369 = VECTOR('',#1370,1.);
#1370 = DIRECTION('',(0.,-1.,0.));
#1371 = ORIENTED_EDGE('',*,*,#1181,.T.);
#1372 = PLANE('',#1373);
#1373 = AXIS2_PLACEMENT_3D('',#1374,#1375,#1376);
#1374 = CARTESIAN_POINT('',(1.60001358182,3.9105,1.02898641818));
#1375 = DIRECTION('',(0.996194698092,-0.,-8.715574274766E-02));
#1376 = DIRECTION('',(8.715574274766E-02,0.,0.996194698092));
#1377 = ADVANCED_FACE('',(#1378),#1396,.T.);
#1378 = FACE_BOUND('',#1379,.T.);
#1379 = EDGE_LOOP('',(#1380,#1381,#1389,#1395));
#1380 = ORIENTED_EDGE('',*,*,#1083,.T.);
#1381 = ORIENTED_EDGE('',*,*,#1382,.F.);
#1382 = EDGE_CURVE('',#1383,#1037,#1385,.T.);
#1383 = VERTEX_POINT('',#1384);
#1384 = CARTESIAN_POINT('',(-1.518621961101,-3.808135542921,
    9.898641817961E-02));
#1385 = LINE('',#1386,#1387);
#1386 = CARTESIAN_POINT('',(-1.541183330443,-3.830696912264,
    0.356864049792));
#1387 = VECTOR('',#1388,1.);
#1388 = DIRECTION('',(-8.682659386425E-02,-8.682659386425E-02,
    0.992432509139));
#1389 = ORIENTED_EDGE('',*,*,#1390,.F.);
#1390 = EDGE_CURVE('',#1259,#1383,#1391,.T.);
#1391 = LINE('',#1392,#1393);
#1392 = CARTESIAN_POINT('',(-1.59998641818,-3.808135542921,
    9.898641817961E-02));
#1393 = VECTOR('',#1394,1.);
#1394 = DIRECTION('',(-1.,0.,0.));
#1395 = ORIENTED_EDGE('',*,*,#1258,.T.);
#1396 = PLANE('',#1397);
#1397 = AXIS2_PLACEMENT_3D('',#1398,#1399,#1400);
#1398 = CARTESIAN_POINT('',(-1.59998641818,-3.8895,1.02898641818));
#1399 = DIRECTION('',(0.,-0.996194698092,-8.715574274766E-02));
#1400 = DIRECTION('',(0.,-8.715574274766E-02,0.996194698092));
#1401 = ADVANCED_FACE('',(#1402),#1559,.T.);
#1402 = FACE_BOUND('',#1403,.T.);
#1403 = EDGE_LOOP('',(#1404,#1414,#1420,#1421,#1422,#1430,#1438,#1447,
    #1455,#1464,#1472,#1480,#1488,#1497,#1505,#1514,#1522,#1528,#1529,
    #1530,#1538,#1546,#1552,#1553));
#1404 = ORIENTED_EDGE('',*,*,#1405,.F.);
#1405 = EDGE_CURVE('',#1406,#1408,#1410,.T.);
#1406 = VERTEX_POINT('',#1407);
#1407 = CARTESIAN_POINT('',(-1.582488685474,3.1105,0.82898641818));
#1408 = VERTEX_POINT('',#1409);
#1409 = CARTESIAN_POINT('',(-1.582488685474,2.4105,0.82898641818));
#1410 = LINE('',#1411,#1412);
#1411 = CARTESIAN_POINT('',(-1.582488685474,3.9105,0.82898641818));
#1412 = VECTOR('',#1413,1.);
#1413 = DIRECTION('',(0.,-1.,0.));
#1414 = ORIENTED_EDGE('',*,*,#1415,.T.);
#1415 = EDGE_CURVE('',#1406,#1005,#1416,.T.);
#1416 = LINE('',#1417,#1418);
#1417 = CARTESIAN_POINT('',(-1.59998641818,3.1105,1.02898641818));
#1418 = VECTOR('',#1419,1.);
#1419 = DIRECTION('',(-8.715574274766E-02,0.,0.996194698092));
#1420 = ORIENTED_EDGE('',*,*,#1004,.T.);
#1421 = ORIENTED_EDGE('',*,*,#1197,.F.);
#1422 = ORIENTED_EDGE('',*,*,#1423,.F.);
#1423 = EDGE_CURVE('',#1424,#1190,#1426,.T.);
#1424 = VERTEX_POINT('',#1425);
#1425 = CARTESIAN_POINT('',(-1.518621961101,3.2105,9.898641817961E-02));
#1426 = LINE('',#1427,#1428);
#1427 = CARTESIAN_POINT('',(-1.518621961101,3.9105,9.898641817961E-02));
#1428 = VECTOR('',#1429,1.);
#1429 = DIRECTION('',(0.,1.,-0.));
#1430 = ORIENTED_EDGE('',*,*,#1431,.T.);
#1431 = EDGE_CURVE('',#1424,#1432,#1434,.T.);
#1432 = VERTEX_POINT('',#1433);
#1433 = CARTESIAN_POINT('',(-1.528133341398,3.200988619702,
    0.207701992454));
#1434 = LINE('',#1435,#1436);
#1435 = CARTESIAN_POINT('',(-1.594095822959,3.135026138142,0.96165660671
    ));
#1436 = VECTOR('',#1437,1.);
#1437 = DIRECTION('',(-8.682659386425E-02,-8.682659386425E-02,
    0.992432509139));
#1438 = ORIENTED_EDGE('',*,*,#1439,.T.);
#1439 = EDGE_CURVE('',#1432,#1440,#1442,.T.);
#1440 = VERTEX_POINT('',#1441);
#1441 = CARTESIAN_POINT('',(-1.536119693806,3.101369149893,0.29898641818
    ));
#1442 = ( BOUNDED_CURVE() B_SPLINE_CURVE(3,(#1443,#1444,#1445,#1446),
.UNSPECIFIED.,.F.,.F.) B_SPLINE_CURVE_WITH_KNOTS((4,4),(4.799655442984,
6.28318530718),.PIECEWISE_BEZIER_KNOTS.) CURVE() 
GEOMETRIC_REPRESENTATION_ITEM() RATIONAL_B_SPLINE_CURVE((1.,
0.824851557873,0.824851557873,1.)) REPRESENTATION_ITEM('') );
#1443 = CARTESIAN_POINT('',(-1.528133341398,3.200988619702,
    0.207701992454));
#1444 = CARTESIAN_POINT('',(-1.532892304048,3.196229657052,
    0.262097184453));
#1445 = CARTESIAN_POINT('',(-1.536119693806,3.155972122688,0.29898641818
    ));
#1446 = CARTESIAN_POINT('',(-1.536119693806,3.101369149893,0.29898641818
    ));
#1447 = ORIENTED_EDGE('',*,*,#1448,.T.);
#1448 = EDGE_CURVE('',#1440,#1449,#1451,.T.);
#1449 = VERTEX_POINT('',#1450);
#1450 = CARTESIAN_POINT('',(-1.536119693806,2.419630850107,0.29898641818
    ));
#1451 = LINE('',#1452,#1453);
#1452 = CARTESIAN_POINT('',(-1.536119693806,3.9105,0.29898641818));
#1453 = VECTOR('',#1454,1.);
#1454 = DIRECTION('',(0.,-1.,0.));
#1455 = ORIENTED_EDGE('',*,*,#1456,.T.);
#1456 = EDGE_CURVE('',#1449,#1457,#1459,.T.);
#1457 = VERTEX_POINT('',#1458);
#1458 = CARTESIAN_POINT('',(-1.528133341398,2.320011380298,
    0.207701992454));
#1459 = ( BOUNDED_CURVE() B_SPLINE_CURVE(3,(#1460,#1461,#1462,#1463),
.UNSPECIFIED.,.F.,.F.) B_SPLINE_CURVE_WITH_KNOTS((4,4),(3.14159265359,
4.625122517785),.PIECEWISE_BEZIER_KNOTS.) CURVE() 
GEOMETRIC_REPRESENTATION_ITEM() RATIONAL_B_SPLINE_CURVE((1.,
0.824851557873,0.824851557873,1.)) REPRESENTATION_ITEM('') );
#1460 = CARTESIAN_POINT('',(-1.536119693806,2.419630850107,0.29898641818
    ));
#1461 = CARTESIAN_POINT('',(-1.536119693806,2.365027877312,0.29898641818
    ));
#1462 = CARTESIAN_POINT('',(-1.532892304048,2.324770342948,
    0.262097184453));
#1463 = CARTESIAN_POINT('',(-1.528133341398,2.320011380298,
    0.207701992454));
#1464 = ORIENTED_EDGE('',*,*,#1465,.T.);
#1465 = EDGE_CURVE('',#1457,#1466,#1468,.T.);
#1466 = VERTEX_POINT('',#1467);
#1467 = CARTESIAN_POINT('',(-1.518621961101,2.3105,9.898641817961E-02));
#1468 = LINE('',#1469,#1470);
#1469 = CARTESIAN_POINT('',(-1.611435194983,2.403313233883,1.15984653585
    ));
#1470 = VECTOR('',#1471,1.);
#1471 = DIRECTION('',(8.682659386425E-02,-8.682659386425E-02,
    -0.992432509139));
#1472 = ORIENTED_EDGE('',*,*,#1473,.F.);
#1473 = EDGE_CURVE('',#1474,#1466,#1476,.T.);
#1474 = VERTEX_POINT('',#1475);
#1475 = CARTESIAN_POINT('',(-1.518621961101,-2.2895,9.898641817961E-02)
  );
#1476 = LINE('',#1477,#1478);
#1477 = CARTESIAN_POINT('',(-1.518621961101,3.9105,9.898641817961E-02));
#1478 = VECTOR('',#1479,1.);
#1479 = DIRECTION('',(0.,1.,-0.));
#1480 = ORIENTED_EDGE('',*,*,#1481,.T.);
#1481 = EDGE_CURVE('',#1474,#1482,#1484,.T.);
#1482 = VERTEX_POINT('',#1483);
#1483 = CARTESIAN_POINT('',(-1.528133341398,-2.299011380298,
    0.207701992454));
#1484 = LINE('',#1485,#1486);
#1485 = CARTESIAN_POINT('',(-1.552632107247,-2.323510146147,
    0.487724167462));
#1486 = VECTOR('',#1487,1.);
#1487 = DIRECTION('',(-8.682659386425E-02,-8.682659386425E-02,
    0.992432509139));
#1488 = ORIENTED_EDGE('',*,*,#1489,.T.);
#1489 = EDGE_CURVE('',#1482,#1490,#1492,.T.);
#1490 = VERTEX_POINT('',#1491);
#1491 = CARTESIAN_POINT('',(-1.536119693806,-2.398630850107,
    0.29898641818));
#1492 = ( BOUNDED_CURVE() B_SPLINE_CURVE(3,(#1493,#1494,#1495,#1496),
.UNSPECIFIED.,.F.,.F.) B_SPLINE_CURVE_WITH_KNOTS((4,4),(1.658062789395,
3.14159265359),.PIECEWISE_BEZIER_KNOTS.) CURVE() 
GEOMETRIC_REPRESENTATION_ITEM() RATIONAL_B_SPLINE_CURVE((1.,
0.824851557873,0.824851557873,1.)) REPRESENTATION_ITEM('') );
#1493 = CARTESIAN_POINT('',(-1.528133341398,-2.299011380298,
    0.207701992454));
#1494 = CARTESIAN_POINT('',(-1.532892304048,-2.303770342948,
    0.262097184453));
#1495 = CARTESIAN_POINT('',(-1.536119693806,-2.344027877312,
    0.29898641818));
#1496 = CARTESIAN_POINT('',(-1.536119693806,-2.398630850107,
    0.29898641818));
#1497 = ORIENTED_EDGE('',*,*,#1498,.F.);
#1498 = EDGE_CURVE('',#1499,#1490,#1501,.T.);
#1499 = VERTEX_POINT('',#1500);
#1500 = CARTESIAN_POINT('',(-1.536119693806,-3.080369149893,
    0.29898641818));
#1501 = LINE('',#1502,#1503);
#1502 = CARTESIAN_POINT('',(-1.536119693806,3.9105,0.29898641818));
#1503 = VECTOR('',#1504,1.);
#1504 = DIRECTION('',(0.,1.,-0.));
#1505 = ORIENTED_EDGE('',*,*,#1506,.T.);
#1506 = EDGE_CURVE('',#1499,#1507,#1509,.T.);
#1507 = VERTEX_POINT('',#1508);
#1508 = CARTESIAN_POINT('',(-1.528133341398,-3.179988619702,
    0.207701992454));
#1509 = ( BOUNDED_CURVE() B_SPLINE_CURVE(3,(#1510,#1511,#1512,#1513),
.UNSPECIFIED.,.F.,.F.) B_SPLINE_CURVE_WITH_KNOTS((4,4),(0.,
1.483529864195),.PIECEWISE_BEZIER_KNOTS.) CURVE() 
GEOMETRIC_REPRESENTATION_ITEM() RATIONAL_B_SPLINE_CURVE((1.,
0.824851557873,0.824851557873,1.)) REPRESENTATION_ITEM('') );
#1510 = CARTESIAN_POINT('',(-1.536119693806,-3.080369149893,
    0.29898641818));
#1511 = CARTESIAN_POINT('',(-1.536119693806,-3.134972122688,
    0.29898641818));
#1512 = CARTESIAN_POINT('',(-1.532892304048,-3.175229657052,
    0.262097184453));
#1513 = CARTESIAN_POINT('',(-1.528133341398,-3.179988619702,
    0.207701992454));
#1514 = ORIENTED_EDGE('',*,*,#1515,.T.);
#1515 = EDGE_CURVE('',#1507,#1516,#1518,.T.);
#1516 = VERTEX_POINT('',#1517);
#1517 = CARTESIAN_POINT('',(-1.518621961101,-3.1895,9.898641817961E-02)
  );
#1518 = LINE('',#1519,#1520);
#1519 = CARTESIAN_POINT('',(-1.652898910695,-3.055223050406,
    1.633778975097));
#1520 = VECTOR('',#1521,1.);
#1521 = DIRECTION('',(8.682659386425E-02,-8.682659386425E-02,
    -0.992432509139));
#1522 = ORIENTED_EDGE('',*,*,#1523,.F.);
#1523 = EDGE_CURVE('',#1383,#1516,#1524,.T.);
#1524 = LINE('',#1525,#1526);
#1525 = CARTESIAN_POINT('',(-1.518621961101,3.9105,9.898641817961E-02));
#1526 = VECTOR('',#1527,1.);
#1527 = DIRECTION('',(0.,1.,-0.));
#1528 = ORIENTED_EDGE('',*,*,#1382,.T.);
#1529 = ORIENTED_EDGE('',*,*,#1036,.T.);
#1530 = ORIENTED_EDGE('',*,*,#1531,.T.);
#1531 = EDGE_CURVE('',#1029,#1532,#1534,.T.);
#1532 = VERTEX_POINT('',#1533);
#1533 = CARTESIAN_POINT('',(-1.582488685474,-3.0895,0.82898641818));
#1534 = LINE('',#1535,#1536);
#1535 = CARTESIAN_POINT('',(-1.59998641818,-3.0895,1.02898641818));
#1536 = VECTOR('',#1537,1.);
#1537 = DIRECTION('',(8.715574274766E-02,-0.,-0.996194698092));
#1538 = ORIENTED_EDGE('',*,*,#1539,.T.);
#1539 = EDGE_CURVE('',#1532,#1540,#1542,.T.);
#1540 = VERTEX_POINT('',#1541);
#1541 = CARTESIAN_POINT('',(-1.582488685474,-2.3895,0.82898641818));
#1542 = LINE('',#1543,#1544);
#1543 = CARTESIAN_POINT('',(-1.582488685474,3.9105,0.82898641818));
#1544 = VECTOR('',#1545,1.);
#1545 = DIRECTION('',(0.,1.,-0.));
#1546 = ORIENTED_EDGE('',*,*,#1547,.F.);
#1547 = EDGE_CURVE('',#1021,#1540,#1548,.T.);
#1548 = LINE('',#1549,#1550);
#1549 = CARTESIAN_POINT('',(-1.59998641818,-2.3895,1.02898641818));
#1550 = VECTOR('',#1551,1.);
#1551 = DIRECTION('',(8.715574274766E-02,-0.,-0.996194698092));
#1552 = ORIENTED_EDGE('',*,*,#1020,.T.);
#1553 = ORIENTED_EDGE('',*,*,#1554,.F.);
#1554 = EDGE_CURVE('',#1408,#1013,#1555,.T.);
#1555 = LINE('',#1556,#1557);
#1556 = CARTESIAN_POINT('',(-1.59998641818,2.4105,1.02898641818));
#1557 = VECTOR('',#1558,1.);
#1558 = DIRECTION('',(-8.715574274766E-02,0.,0.996194698092));
#1559 = PLANE('',#1560);
#1560 = AXIS2_PLACEMENT_3D('',#1561,#1562,#1563);
#1561 = CARTESIAN_POINT('',(-1.59998641818,3.9105,1.02898641818));
#1562 = DIRECTION('',(-0.996194698092,0.,-8.715574274766E-02));
#1563 = DIRECTION('',(8.715574274766E-02,-0.,-0.996194698092));
#1564 = ADVANCED_FACE('',(#1565,#1575),#1745,.T.);
#1565 = FACE_BOUND('',#1566,.T.);
#1566 = EDGE_LOOP('',(#1567,#1574));
#1567 = ORIENTED_EDGE('',*,*,#1568,.F.);
#1568 = EDGE_CURVE('',#268,#276,#1569,.T.);
#1569 = CIRCLE('',#1570,1.);
#1570 = AXIS2_PLACEMENT_3D('',#1571,#1572,#1573);
#1571 = CARTESIAN_POINT('',(1.358182038991E-05,1.05E-02,
    9.898641817961E-02));
#1572 = DIRECTION('',(0.,0.,-1.));
#1573 = DIRECTION('',(1.,0.,0.));
#1574 = ORIENTED_EDGE('',*,*,#275,.F.);
#1575 = FACE_BOUND('',#1576,.T.);
#1576 = EDGE_LOOP('',(#1577,#1585,#1594,#1602,#1611,#1617,#1618,#1619,
    #1620,#1628,#1637,#1645,#1654,#1660,#1661,#1669,#1678,#1686,#1695,
    #1701,#1702,#1703,#1704,#1712,#1721,#1729,#1738,#1744));
#1577 = ORIENTED_EDGE('',*,*,#1578,.F.);
#1578 = EDGE_CURVE('',#1579,#1309,#1581,.T.);
#1579 = VERTEX_POINT('',#1580);
#1580 = CARTESIAN_POINT('',(1.05001358182,-2.2895,9.898641817961E-02));
#1581 = LINE('',#1582,#1583);
#1582 = CARTESIAN_POINT('',(1.60001358182,-2.2895,9.898641817961E-02));
#1583 = VECTOR('',#1584,1.);
#1584 = DIRECTION('',(1.,-7.885106708985E-16,0.));
#1585 = ORIENTED_EDGE('',*,*,#1586,.F.);
#1586 = EDGE_CURVE('',#1587,#1579,#1589,.T.);
#1587 = VERTEX_POINT('',#1588);
#1588 = CARTESIAN_POINT('',(0.80001358182,-2.5395,9.898641817961E-02));
#1589 = CIRCLE('',#1590,0.25);
#1590 = AXIS2_PLACEMENT_3D('',#1591,#1592,#1593);
#1591 = CARTESIAN_POINT('',(1.05001358182,-2.5395,9.898641817961E-02));
#1592 = DIRECTION('',(0.,0.,-1.));
#1593 = DIRECTION('',(-1.,0.,0.));
#1594 = ORIENTED_EDGE('',*,*,#1595,.F.);
#1595 = EDGE_CURVE('',#1596,#1587,#1598,.T.);
#1596 = VERTEX_POINT('',#1597);
#1597 = CARTESIAN_POINT('',(0.80001358182,-2.9395,9.898641817961E-02));
#1598 = LINE('',#1599,#1600);
#1599 = CARTESIAN_POINT('',(0.80001358182,-2.5395,9.898641817961E-02));
#1600 = VECTOR('',#1601,1.);
#1601 = DIRECTION('',(0.,1.,-0.));
#1602 = ORIENTED_EDGE('',*,*,#1603,.F.);
#1603 = EDGE_CURVE('',#1604,#1596,#1606,.T.);
#1604 = VERTEX_POINT('',#1605);
#1605 = CARTESIAN_POINT('',(1.05001358182,-3.1895,9.898641817961E-02));
#1606 = CIRCLE('',#1607,0.25);
#1607 = AXIS2_PLACEMENT_3D('',#1608,#1609,#1610);
#1608 = CARTESIAN_POINT('',(1.05001358182,-2.9395,9.898641817961E-02));
#1609 = DIRECTION('',(0.,0.,-1.));
#1610 = DIRECTION('',(1.,0.,0.));
#1611 = ORIENTED_EDGE('',*,*,#1612,.F.);
#1612 = EDGE_CURVE('',#1267,#1604,#1613,.T.);
#1613 = LINE('',#1614,#1615);
#1614 = CARTESIAN_POINT('',(1.60001358182,-3.1895,9.898641817961E-02));
#1615 = VECTOR('',#1616,1.);
#1616 = DIRECTION('',(-1.,-7.885106708985E-16,0.));
#1617 = ORIENTED_EDGE('',*,*,#1266,.T.);
#1618 = ORIENTED_EDGE('',*,*,#1390,.T.);
#1619 = ORIENTED_EDGE('',*,*,#1523,.T.);
#1620 = ORIENTED_EDGE('',*,*,#1621,.F.);
#1621 = EDGE_CURVE('',#1622,#1516,#1624,.T.);
#1622 = VERTEX_POINT('',#1623);
#1623 = CARTESIAN_POINT('',(-1.04998641818,-3.1895,9.898641817961E-02));
#1624 = LINE('',#1625,#1626);
#1625 = CARTESIAN_POINT('',(-1.59998641818,-3.1895,9.898641817961E-02));
#1626 = VECTOR('',#1627,1.);
#1627 = DIRECTION('',(-1.,0.,0.));
#1628 = ORIENTED_EDGE('',*,*,#1629,.F.);
#1629 = EDGE_CURVE('',#1630,#1622,#1632,.T.);
#1630 = VERTEX_POINT('',#1631);
#1631 = CARTESIAN_POINT('',(-0.79998641818,-2.9395,9.898641817961E-02));
#1632 = CIRCLE('',#1633,0.25);
#1633 = AXIS2_PLACEMENT_3D('',#1634,#1635,#1636);
#1634 = CARTESIAN_POINT('',(-1.04998641818,-2.9395,9.898641817961E-02));
#1635 = DIRECTION('',(0.,0.,-1.));
#1636 = DIRECTION('',(1.,0.,0.));
#1637 = ORIENTED_EDGE('',*,*,#1638,.F.);
#1638 = EDGE_CURVE('',#1639,#1630,#1641,.T.);
#1639 = VERTEX_POINT('',#1640);
#1640 = CARTESIAN_POINT('',(-0.79998641818,-2.5395,9.898641817961E-02));
#1641 = LINE('',#1642,#1643);
#1642 = CARTESIAN_POINT('',(-0.79998641818,-2.5395,9.898641817961E-02));
#1643 = VECTOR('',#1644,1.);
#1644 = DIRECTION('',(0.,-1.,0.));
#1645 = ORIENTED_EDGE('',*,*,#1646,.F.);
#1646 = EDGE_CURVE('',#1647,#1639,#1649,.T.);
#1647 = VERTEX_POINT('',#1648);
#1648 = CARTESIAN_POINT('',(-1.04998641818,-2.2895,9.898641817961E-02));
#1649 = CIRCLE('',#1650,0.25);
#1650 = AXIS2_PLACEMENT_3D('',#1651,#1652,#1653);
#1651 = CARTESIAN_POINT('',(-1.04998641818,-2.5395,9.898641817961E-02));
#1652 = DIRECTION('',(0.,0.,-1.));
#1653 = DIRECTION('',(1.,0.,0.));
#1654 = ORIENTED_EDGE('',*,*,#1655,.F.);
#1655 = EDGE_CURVE('',#1474,#1647,#1656,.T.);
#1656 = LINE('',#1657,#1658);
#1657 = CARTESIAN_POINT('',(1.60001358182,-2.2895,9.898641817961E-02));
#1658 = VECTOR('',#1659,1.);
#1659 = DIRECTION('',(1.,0.,0.));
#1660 = ORIENTED_EDGE('',*,*,#1473,.T.);
#1661 = ORIENTED_EDGE('',*,*,#1662,.F.);
#1662 = EDGE_CURVE('',#1663,#1466,#1665,.T.);
#1663 = VERTEX_POINT('',#1664);
#1664 = CARTESIAN_POINT('',(-1.04998641818,2.3105,9.898641817961E-02));
#1665 = LINE('',#1666,#1667);
#1666 = CARTESIAN_POINT('',(-1.59998641818,2.3105,9.898641817961E-02));
#1667 = VECTOR('',#1668,1.);
#1668 = DIRECTION('',(-1.,7.885106708985E-16,0.));
#1669 = ORIENTED_EDGE('',*,*,#1670,.F.);
#1670 = EDGE_CURVE('',#1671,#1663,#1673,.T.);
#1671 = VERTEX_POINT('',#1672);
#1672 = CARTESIAN_POINT('',(-0.79998641818,2.5605,9.898641817961E-02));
#1673 = CIRCLE('',#1674,0.25);
#1674 = AXIS2_PLACEMENT_3D('',#1675,#1676,#1677);
#1675 = CARTESIAN_POINT('',(-1.04998641818,2.5605,9.898641817961E-02));
#1676 = DIRECTION('',(0.,0.,-1.));
#1677 = DIRECTION('',(1.,0.,0.));
#1678 = ORIENTED_EDGE('',*,*,#1679,.F.);
#1679 = EDGE_CURVE('',#1680,#1671,#1682,.T.);
#1680 = VERTEX_POINT('',#1681);
#1681 = CARTESIAN_POINT('',(-0.79998641818,2.9605,9.898641817961E-02));
#1682 = LINE('',#1683,#1684);
#1683 = CARTESIAN_POINT('',(-0.79998641818,2.9605,9.898641817961E-02));
#1684 = VECTOR('',#1685,1.);
#1685 = DIRECTION('',(0.,-1.,0.));
#1686 = ORIENTED_EDGE('',*,*,#1687,.F.);
#1687 = EDGE_CURVE('',#1688,#1680,#1690,.T.);
#1688 = VERTEX_POINT('',#1689);
#1689 = CARTESIAN_POINT('',(-1.04998641818,3.2105,9.898641817961E-02));
#1690 = CIRCLE('',#1691,0.25);
#1691 = AXIS2_PLACEMENT_3D('',#1692,#1693,#1694);
#1692 = CARTESIAN_POINT('',(-1.04998641818,2.9605,9.898641817961E-02));
#1693 = DIRECTION('',(0.,0.,-1.));
#1694 = DIRECTION('',(-1.,0.,0.));
#1695 = ORIENTED_EDGE('',*,*,#1696,.F.);
#1696 = EDGE_CURVE('',#1424,#1688,#1697,.T.);
#1697 = LINE('',#1698,#1699);
#1698 = CARTESIAN_POINT('',(1.60001358182,3.2105,9.898641817961E-02));
#1699 = VECTOR('',#1700,1.);
#1700 = DIRECTION('',(1.,0.,0.));
#1701 = ORIENTED_EDGE('',*,*,#1423,.T.);
#1702 = ORIENTED_EDGE('',*,*,#1189,.T.);
#1703 = ORIENTED_EDGE('',*,*,#1366,.T.);
#1704 = ORIENTED_EDGE('',*,*,#1705,.F.);
#1705 = EDGE_CURVE('',#1706,#1359,#1708,.T.);
#1706 = VERTEX_POINT('',#1707);
#1707 = CARTESIAN_POINT('',(1.05001358182,3.2105,9.898641817961E-02));
#1708 = LINE('',#1709,#1710);
#1709 = CARTESIAN_POINT('',(1.60001358182,3.2105,9.898641817961E-02));
#1710 = VECTOR('',#1711,1.);
#1711 = DIRECTION('',(1.,0.,-0.));
#1712 = ORIENTED_EDGE('',*,*,#1713,.F.);
#1713 = EDGE_CURVE('',#1714,#1706,#1716,.T.);
#1714 = VERTEX_POINT('',#1715);
#1715 = CARTESIAN_POINT('',(0.80001358182,2.9605,9.898641817961E-02));
#1716 = CIRCLE('',#1717,0.25);
#1717 = AXIS2_PLACEMENT_3D('',#1718,#1719,#1720);
#1718 = CARTESIAN_POINT('',(1.05001358182,2.9605,9.898641817961E-02));
#1719 = DIRECTION('',(0.,0.,-1.));
#1720 = DIRECTION('',(-1.,0.,0.));
#1721 = ORIENTED_EDGE('',*,*,#1722,.F.);
#1722 = EDGE_CURVE('',#1723,#1714,#1725,.T.);
#1723 = VERTEX_POINT('',#1724);
#1724 = CARTESIAN_POINT('',(0.80001358182,2.5605,9.898641817961E-02));
#1725 = LINE('',#1726,#1727);
#1726 = CARTESIAN_POINT('',(0.80001358182,2.9605,9.898641817961E-02));
#1727 = VECTOR('',#1728,1.);
#1728 = DIRECTION('',(-2.710505431214E-16,1.,0.));
#1729 = ORIENTED_EDGE('',*,*,#1730,.F.);
#1730 = EDGE_CURVE('',#1731,#1723,#1733,.T.);
#1731 = VERTEX_POINT('',#1732);
#1732 = CARTESIAN_POINT('',(1.05001358182,2.3105,9.898641817961E-02));
#1733 = CIRCLE('',#1734,0.25);
#1734 = AXIS2_PLACEMENT_3D('',#1735,#1736,#1737);
#1735 = CARTESIAN_POINT('',(1.05001358182,2.5605,9.898641817961E-02));
#1736 = DIRECTION('',(0.,0.,-1.));
#1737 = DIRECTION('',(1.,0.,0.));
#1738 = ORIENTED_EDGE('',*,*,#1739,.F.);
#1739 = EDGE_CURVE('',#1317,#1731,#1740,.T.);
#1740 = LINE('',#1741,#1742);
#1741 = CARTESIAN_POINT('',(1.60001358182,2.3105,9.898641817961E-02));
#1742 = VECTOR('',#1743,1.);
#1743 = DIRECTION('',(-1.,0.,0.));
#1744 = ORIENTED_EDGE('',*,*,#1316,.T.);
#1745 = PLANE('',#1746);
#1746 = AXIS2_PLACEMENT_3D('',#1747,#1748,#1749);
#1747 = CARTESIAN_POINT('',(1.60001358182,3.9105,9.898641817961E-02));
#1748 = DIRECTION('',(0.,0.,-1.));
#1749 = DIRECTION('',(1.,-0.,0.));
#1750 = ADVANCED_FACE('',(#1751),#1794,.F.);
#1751 = FACE_BOUND('',#1752,.T.);
#1752 = EDGE_LOOP('',(#1753,#1764,#1770,#1771,#1779,#1788));
#1753 = ORIENTED_EDGE('',*,*,#1754,.T.);
#1754 = EDGE_CURVE('',#1755,#1757,#1759,.T.);
#1755 = VERTEX_POINT('',#1756);
#1756 = CARTESIAN_POINT('',(-0.909117268287,2.5605,0.29898641818));
#1757 = VERTEX_POINT('',#1758);
#1758 = CARTESIAN_POINT('',(-1.04998641818,2.419630850107,0.29898641818)
  );
#1759 = CIRCLE('',#1760,0.140869149893);
#1760 = AXIS2_PLACEMENT_3D('',#1761,#1762,#1763);
#1761 = CARTESIAN_POINT('',(-1.04998641818,2.5605,0.29898641818));
#1762 = DIRECTION('',(0.,0.,-1.));
#1763 = DIRECTION('',(-1.,0.,0.));
#1764 = ORIENTED_EDGE('',*,*,#1765,.T.);
#1765 = EDGE_CURVE('',#1757,#1449,#1766,.T.);
#1766 = LINE('',#1767,#1768);
#1767 = CARTESIAN_POINT('',(-1.536119693806,2.419630850107,0.29898641818
    ));
#1768 = VECTOR('',#1769,1.);
#1769 = DIRECTION('',(-1.,7.885106708985E-16,0.));
#1770 = ORIENTED_EDGE('',*,*,#1448,.F.);
#1771 = ORIENTED_EDGE('',*,*,#1772,.T.);
#1772 = EDGE_CURVE('',#1440,#1773,#1775,.T.);
#1773 = VERTEX_POINT('',#1774);
#1774 = CARTESIAN_POINT('',(-1.04998641818,3.101369149893,0.29898641818)
  );
#1775 = LINE('',#1776,#1777);
#1776 = CARTESIAN_POINT('',(-1.04998641818,3.101369149893,0.29898641818)
  );
#1777 = VECTOR('',#1778,1.);
#1778 = DIRECTION('',(1.,-0.,0.));
#1779 = ORIENTED_EDGE('',*,*,#1780,.T.);
#1780 = EDGE_CURVE('',#1773,#1781,#1783,.T.);
#1781 = VERTEX_POINT('',#1782);
#1782 = CARTESIAN_POINT('',(-0.909117268287,2.9605,0.29898641818));
#1783 = CIRCLE('',#1784,0.140869149893);
#1784 = AXIS2_PLACEMENT_3D('',#1785,#1786,#1787);
#1785 = CARTESIAN_POINT('',(-1.04998641818,2.9605,0.29898641818));
#1786 = DIRECTION('',(0.,0.,-1.));
#1787 = DIRECTION('',(-1.,0.,0.));
#1788 = ORIENTED_EDGE('',*,*,#1789,.T.);
#1789 = EDGE_CURVE('',#1781,#1755,#1790,.T.);
#1790 = LINE('',#1791,#1792);
#1791 = CARTESIAN_POINT('',(-0.909117268287,2.5605,0.29898641818));
#1792 = VECTOR('',#1793,1.);
#1793 = DIRECTION('',(0.,-1.,0.));
#1794 = PLANE('',#1795);
#1795 = AXIS2_PLACEMENT_3D('',#1796,#1797,#1798);
#1796 = CARTESIAN_POINT('',(-1.04998641818,2.9605,0.29898641818));
#1797 = DIRECTION('',(0.,0.,1.));
#1798 = DIRECTION('',(-1.,0.,0.));
#1799 = ADVANCED_FACE('',(#1800),#1818,.F.);
#1800 = FACE_BOUND('',#1801,.T.);
#1801 = EDGE_LOOP('',(#1802,#1810,#1816,#1817));
#1802 = ORIENTED_EDGE('',*,*,#1803,.F.);
#1803 = EDGE_CURVE('',#1804,#1688,#1806,.T.);
#1804 = VERTEX_POINT('',#1805);
#1805 = CARTESIAN_POINT('',(-1.04998641818,3.200988619702,0.207701992454
    ));
#1806 = LINE('',#1807,#1808);
#1807 = CARTESIAN_POINT('',(-1.04998641818,3.2105,9.898641817961E-02));
#1808 = VECTOR('',#1809,1.);
#1809 = DIRECTION('',(0.,8.715574274766E-02,-0.996194698092));
#1810 = ORIENTED_EDGE('',*,*,#1811,.T.);
#1811 = EDGE_CURVE('',#1804,#1432,#1812,.T.);
#1812 = LINE('',#1813,#1814);
#1813 = CARTESIAN_POINT('',(-1.536119693806,3.200988619702,
    0.207701992454));
#1814 = VECTOR('',#1815,1.);
#1815 = DIRECTION('',(-1.,0.,0.));
#1816 = ORIENTED_EDGE('',*,*,#1431,.F.);
#1817 = ORIENTED_EDGE('',*,*,#1696,.T.);
#1818 = PLANE('',#1819);
#1819 = AXIS2_PLACEMENT_3D('',#1820,#1821,#1822);
#1820 = CARTESIAN_POINT('',(-1.59998641818,3.2105,9.898641817961E-02));
#1821 = DIRECTION('',(0.,0.996194698092,8.715574274766E-02));
#1822 = DIRECTION('',(-0.,8.715574274766E-02,-0.996194698092));
#1823 = ADVANCED_FACE('',(#1824),#1842,.F.);
#1824 = FACE_BOUND('',#1825,.T.);
#1825 = EDGE_LOOP('',(#1826,#1827,#1835,#1841));
#1826 = ORIENTED_EDGE('',*,*,#1465,.F.);
#1827 = ORIENTED_EDGE('',*,*,#1828,.T.);
#1828 = EDGE_CURVE('',#1457,#1829,#1831,.T.);
#1829 = VERTEX_POINT('',#1830);
#1830 = CARTESIAN_POINT('',(-1.04998641818,2.320011380298,0.207701992454
    ));
#1831 = LINE('',#1832,#1833);
#1832 = CARTESIAN_POINT('',(-1.04998641818,2.320011380298,0.207701992454
    ));
#1833 = VECTOR('',#1834,1.);
#1834 = DIRECTION('',(1.,-7.885106708985E-16,-8.594219764891E-33));
#1835 = ORIENTED_EDGE('',*,*,#1836,.T.);
#1836 = EDGE_CURVE('',#1829,#1663,#1837,.T.);
#1837 = LINE('',#1838,#1839);
#1838 = CARTESIAN_POINT('',(-1.04998641818,2.3105,9.898641817961E-02));
#1839 = VECTOR('',#1840,1.);
#1840 = DIRECTION('',(0.,-8.715574274766E-02,-0.996194698092));
#1841 = ORIENTED_EDGE('',*,*,#1662,.T.);
#1842 = PLANE('',#1843);
#1843 = AXIS2_PLACEMENT_3D('',#1844,#1845,#1846);
#1844 = CARTESIAN_POINT('',(-1.59998641818,2.3105,9.898641817961E-02));
#1845 = DIRECTION('',(-7.855101497379E-16,-0.996194698092,
    8.715574274766E-02));
#1846 = DIRECTION('',(2.465190328816E-32,8.715574274766E-02,
    0.996194698092));
#1847 = ADVANCED_FACE('',(#1848),#1867,.F.);
#1848 = FACE_BOUND('',#1849,.F.);
#1849 = EDGE_LOOP('',(#1850,#1851,#1859,#1866));
#1850 = ORIENTED_EDGE('',*,*,#1670,.F.);
#1851 = ORIENTED_EDGE('',*,*,#1852,.F.);
#1852 = EDGE_CURVE('',#1853,#1671,#1855,.T.);
#1853 = VERTEX_POINT('',#1854);
#1854 = CARTESIAN_POINT('',(-0.809497798477,2.5605,0.207701992454));
#1855 = LINE('',#1856,#1857);
#1856 = CARTESIAN_POINT('',(-0.79998641818,2.5605,9.898641817961E-02));
#1857 = VECTOR('',#1858,1.);
#1858 = DIRECTION('',(8.715574274766E-02,0.,-0.996194698092));
#1859 = ORIENTED_EDGE('',*,*,#1860,.F.);
#1860 = EDGE_CURVE('',#1829,#1853,#1861,.T.);
#1861 = CIRCLE('',#1862,0.240488619702);
#1862 = AXIS2_PLACEMENT_3D('',#1863,#1864,#1865);
#1863 = CARTESIAN_POINT('',(-1.04998641818,2.5605,0.207701992454));
#1864 = DIRECTION('',(0.,0.,1.));
#1865 = DIRECTION('',(1.,0.,0.));
#1866 = ORIENTED_EDGE('',*,*,#1836,.T.);
#1867 = CONICAL_SURFACE('',#1868,0.25,8.726646259972E-02);
#1868 = AXIS2_PLACEMENT_3D('',#1869,#1870,#1871);
#1869 = CARTESIAN_POINT('',(-1.04998641818,2.5605,9.898641817961E-02));
#1870 = DIRECTION('',(0.,0.,-1.));
#1871 = DIRECTION('',(1.,0.,0.));
#1872 = ADVANCED_FACE('',(#1873),#1891,.F.);
#1873 = FACE_BOUND('',#1874,.T.);
#1874 = EDGE_LOOP('',(#1875,#1876,#1884,#1890));
#1875 = ORIENTED_EDGE('',*,*,#1852,.F.);
#1876 = ORIENTED_EDGE('',*,*,#1877,.T.);
#1877 = EDGE_CURVE('',#1853,#1878,#1880,.T.);
#1878 = VERTEX_POINT('',#1879);
#1879 = CARTESIAN_POINT('',(-0.809497798477,2.9605,0.207701992454));
#1880 = LINE('',#1881,#1882);
#1881 = CARTESIAN_POINT('',(-0.809497798477,2.9605,0.207701992454));
#1882 = VECTOR('',#1883,1.);
#1883 = DIRECTION('',(0.,1.,-0.));
#1884 = ORIENTED_EDGE('',*,*,#1885,.T.);
#1885 = EDGE_CURVE('',#1878,#1680,#1886,.T.);
#1886 = LINE('',#1887,#1888);
#1887 = CARTESIAN_POINT('',(-0.79998641818,2.9605,9.898641817961E-02));
#1888 = VECTOR('',#1889,1.);
#1889 = DIRECTION('',(8.715574274766E-02,0.,-0.996194698092));
#1890 = ORIENTED_EDGE('',*,*,#1679,.T.);
#1891 = PLANE('',#1892);
#1892 = AXIS2_PLACEMENT_3D('',#1893,#1894,#1895);
#1893 = CARTESIAN_POINT('',(-0.79998641818,2.9605,9.898641817961E-02));
#1894 = DIRECTION('',(0.996194698092,0.,8.715574274766E-02));
#1895 = DIRECTION('',(-8.715574274766E-02,0.,0.996194698092));
#1896 = ADVANCED_FACE('',(#1897),#1909,.F.);
#1897 = FACE_BOUND('',#1898,.F.);
#1898 = EDGE_LOOP('',(#1899,#1900,#1901,#1908));
#1899 = ORIENTED_EDGE('',*,*,#1687,.F.);
#1900 = ORIENTED_EDGE('',*,*,#1803,.F.);
#1901 = ORIENTED_EDGE('',*,*,#1902,.F.);
#1902 = EDGE_CURVE('',#1878,#1804,#1903,.T.);
#1903 = CIRCLE('',#1904,0.240488619702);
#1904 = AXIS2_PLACEMENT_3D('',#1905,#1906,#1907);
#1905 = CARTESIAN_POINT('',(-1.04998641818,2.9605,0.207701992454));
#1906 = DIRECTION('',(0.,0.,1.));
#1907 = DIRECTION('',(1.,0.,0.));
#1908 = ORIENTED_EDGE('',*,*,#1885,.T.);
#1909 = CONICAL_SURFACE('',#1910,0.25,8.726646259972E-02);
#1910 = AXIS2_PLACEMENT_3D('',#1911,#1912,#1913);
#1911 = CARTESIAN_POINT('',(-1.04998641818,2.9605,9.898641817961E-02));
#1912 = DIRECTION('',(0.,0.,-1.));
#1913 = DIRECTION('',(-1.,0.,0.));
#1914 = ADVANCED_FACE('',(#1915),#1958,.T.);
#1915 = FACE_BOUND('',#1916,.T.);
#1916 = EDGE_LOOP('',(#1917,#1928,#1934,#1935,#1943,#1952));
#1917 = ORIENTED_EDGE('',*,*,#1918,.T.);
#1918 = EDGE_CURVE('',#1919,#1921,#1923,.T.);
#1919 = VERTEX_POINT('',#1920);
#1920 = CARTESIAN_POINT('',(-0.909117268287,-2.9395,0.29898641818));
#1921 = VERTEX_POINT('',#1922);
#1922 = CARTESIAN_POINT('',(-1.04998641818,-3.080369149893,0.29898641818
    ));
#1923 = CIRCLE('',#1924,0.140869149893);
#1924 = AXIS2_PLACEMENT_3D('',#1925,#1926,#1927);
#1925 = CARTESIAN_POINT('',(-1.04998641818,-2.9395,0.29898641818));
#1926 = DIRECTION('',(0.,0.,-1.));
#1927 = DIRECTION('',(1.,0.,0.));
#1928 = ORIENTED_EDGE('',*,*,#1929,.T.);
#1929 = EDGE_CURVE('',#1921,#1499,#1930,.T.);
#1930 = LINE('',#1931,#1932);
#1931 = CARTESIAN_POINT('',(-1.04998641818,-3.080369149893,0.29898641818
    ));
#1932 = VECTOR('',#1933,1.);
#1933 = DIRECTION('',(-1.,0.,0.));
#1934 = ORIENTED_EDGE('',*,*,#1498,.T.);
#1935 = ORIENTED_EDGE('',*,*,#1936,.T.);
#1936 = EDGE_CURVE('',#1490,#1937,#1939,.T.);
#1937 = VERTEX_POINT('',#1938);
#1938 = CARTESIAN_POINT('',(-1.04998641818,-2.398630850107,0.29898641818
    ));
#1939 = LINE('',#1940,#1941);
#1940 = CARTESIAN_POINT('',(-1.04998641818,-2.398630850107,0.29898641818
    ));
#1941 = VECTOR('',#1942,1.);
#1942 = DIRECTION('',(1.,0.,0.));
#1943 = ORIENTED_EDGE('',*,*,#1944,.T.);
#1944 = EDGE_CURVE('',#1937,#1945,#1947,.T.);
#1945 = VERTEX_POINT('',#1946);
#1946 = CARTESIAN_POINT('',(-0.909117268287,-2.5395,0.29898641818));
#1947 = CIRCLE('',#1948,0.140869149893);
#1948 = AXIS2_PLACEMENT_3D('',#1949,#1950,#1951);
#1949 = CARTESIAN_POINT('',(-1.04998641818,-2.5395,0.29898641818));
#1950 = DIRECTION('',(0.,0.,-1.));
#1951 = DIRECTION('',(1.,0.,0.));
#1952 = ORIENTED_EDGE('',*,*,#1953,.T.);
#1953 = EDGE_CURVE('',#1945,#1919,#1954,.T.);
#1954 = LINE('',#1955,#1956);
#1955 = CARTESIAN_POINT('',(-0.909117268287,-2.5395,0.29898641818));
#1956 = VECTOR('',#1957,1.);
#1957 = DIRECTION('',(0.,-1.,0.));
#1958 = PLANE('',#1959);
#1959 = AXIS2_PLACEMENT_3D('',#1960,#1961,#1962);
#1960 = CARTESIAN_POINT('',(-1.04998641818,-2.5395,0.29898641818));
#1961 = DIRECTION('',(0.,0.,-1.));
#1962 = DIRECTION('',(1.,-0.,0.));
#1963 = ADVANCED_FACE('',(#1964),#1982,.F.);
#1964 = FACE_BOUND('',#1965,.T.);
#1965 = EDGE_LOOP('',(#1966,#1974,#1980,#1981));
#1966 = ORIENTED_EDGE('',*,*,#1967,.F.);
#1967 = EDGE_CURVE('',#1968,#1647,#1970,.T.);
#1968 = VERTEX_POINT('',#1969);
#1969 = CARTESIAN_POINT('',(-1.04998641818,-2.299011380298,
    0.207701992454));
#1970 = LINE('',#1971,#1972);
#1971 = CARTESIAN_POINT('',(-1.04998641818,-2.2895,9.898641817961E-02));
#1972 = VECTOR('',#1973,1.);
#1973 = DIRECTION('',(0.,8.715574274766E-02,-0.996194698092));
#1974 = ORIENTED_EDGE('',*,*,#1975,.T.);
#1975 = EDGE_CURVE('',#1968,#1482,#1976,.T.);
#1976 = LINE('',#1977,#1978);
#1977 = CARTESIAN_POINT('',(-1.59998641818,-2.299011380298,
    0.207701992454));
#1978 = VECTOR('',#1979,1.);
#1979 = DIRECTION('',(-1.,0.,0.));
#1980 = ORIENTED_EDGE('',*,*,#1481,.F.);
#1981 = ORIENTED_EDGE('',*,*,#1655,.T.);
#1982 = PLANE('',#1983);
#1983 = AXIS2_PLACEMENT_3D('',#1984,#1985,#1986);
#1984 = CARTESIAN_POINT('',(-1.59998641818,-2.2895,9.898641817961E-02));
#1985 = DIRECTION('',(0.,0.996194698092,8.715574274766E-02));
#1986 = DIRECTION('',(-0.,8.715574274766E-02,-0.996194698092));
#1987 = ADVANCED_FACE('',(#1988),#2006,.F.);
#1988 = FACE_BOUND('',#1989,.T.);
#1989 = EDGE_LOOP('',(#1990,#1991,#1999,#2005));
#1990 = ORIENTED_EDGE('',*,*,#1515,.F.);
#1991 = ORIENTED_EDGE('',*,*,#1992,.T.);
#1992 = EDGE_CURVE('',#1507,#1993,#1995,.T.);
#1993 = VERTEX_POINT('',#1994);
#1994 = CARTESIAN_POINT('',(-1.04998641818,-3.179988619702,
    0.207701992454));
#1995 = LINE('',#1996,#1997);
#1996 = CARTESIAN_POINT('',(-1.59998641818,-3.179988619702,
    0.207701992454));
#1997 = VECTOR('',#1998,1.);
#1998 = DIRECTION('',(1.,0.,-0.));
#1999 = ORIENTED_EDGE('',*,*,#2000,.T.);
#2000 = EDGE_CURVE('',#1993,#1622,#2001,.T.);
#2001 = LINE('',#2002,#2003);
#2002 = CARTESIAN_POINT('',(-1.04998641818,-3.1895,9.898641817961E-02));
#2003 = VECTOR('',#2004,1.);
#2004 = DIRECTION('',(0.,-8.715574274766E-02,-0.996194698092));
#2005 = ORIENTED_EDGE('',*,*,#1621,.T.);
#2006 = PLANE('',#2007);
#2007 = AXIS2_PLACEMENT_3D('',#2008,#2009,#2010);
#2008 = CARTESIAN_POINT('',(-1.59998641818,-3.1895,9.898641817961E-02));
#2009 = DIRECTION('',(0.,-0.996194698092,8.715574274766E-02));
#2010 = DIRECTION('',(0.,8.715574274766E-02,0.996194698092));
#2011 = ADVANCED_FACE('',(#2012),#2031,.F.);
#2012 = FACE_BOUND('',#2013,.F.);
#2013 = EDGE_LOOP('',(#2014,#2015,#2023,#2030));
#2014 = ORIENTED_EDGE('',*,*,#1629,.F.);
#2015 = ORIENTED_EDGE('',*,*,#2016,.F.);
#2016 = EDGE_CURVE('',#2017,#1630,#2019,.T.);
#2017 = VERTEX_POINT('',#2018);
#2018 = CARTESIAN_POINT('',(-0.809497798477,-2.9395,0.207701992454));
#2019 = LINE('',#2020,#2021);
#2020 = CARTESIAN_POINT('',(-0.79998641818,-2.9395,9.898641817961E-02));
#2021 = VECTOR('',#2022,1.);
#2022 = DIRECTION('',(8.715574274766E-02,0.,-0.996194698092));
#2023 = ORIENTED_EDGE('',*,*,#2024,.F.);
#2024 = EDGE_CURVE('',#1993,#2017,#2025,.T.);
#2025 = CIRCLE('',#2026,0.240488619702);
#2026 = AXIS2_PLACEMENT_3D('',#2027,#2028,#2029);
#2027 = CARTESIAN_POINT('',(-1.04998641818,-2.9395,0.207701992454));
#2028 = DIRECTION('',(0.,0.,1.));
#2029 = DIRECTION('',(-1.,0.,0.));
#2030 = ORIENTED_EDGE('',*,*,#2000,.T.);
#2031 = CONICAL_SURFACE('',#2032,0.25,8.726646259972E-02);
#2032 = AXIS2_PLACEMENT_3D('',#2033,#2034,#2035);
#2033 = CARTESIAN_POINT('',(-1.04998641818,-2.9395,9.898641817961E-02));
#2034 = DIRECTION('',(0.,0.,-1.));
#2035 = DIRECTION('',(1.,0.,0.));
#2036 = ADVANCED_FACE('',(#2037),#2055,.F.);
#2037 = FACE_BOUND('',#2038,.T.);
#2038 = EDGE_LOOP('',(#2039,#2040,#2048,#2054));
#2039 = ORIENTED_EDGE('',*,*,#2016,.F.);
#2040 = ORIENTED_EDGE('',*,*,#2041,.T.);
#2041 = EDGE_CURVE('',#2017,#2042,#2044,.T.);
#2042 = VERTEX_POINT('',#2043);
#2043 = CARTESIAN_POINT('',(-0.809497798477,-2.5395,0.207701992454));
#2044 = LINE('',#2045,#2046);
#2045 = CARTESIAN_POINT('',(-0.809497798477,-2.5395,0.207701992454));
#2046 = VECTOR('',#2047,1.);
#2047 = DIRECTION('',(0.,1.,-0.));
#2048 = ORIENTED_EDGE('',*,*,#2049,.T.);
#2049 = EDGE_CURVE('',#2042,#1639,#2050,.T.);
#2050 = LINE('',#2051,#2052);
#2051 = CARTESIAN_POINT('',(-0.79998641818,-2.5395,9.898641817961E-02));
#2052 = VECTOR('',#2053,1.);
#2053 = DIRECTION('',(8.715574274766E-02,0.,-0.996194698092));
#2054 = ORIENTED_EDGE('',*,*,#1638,.T.);
#2055 = PLANE('',#2056);
#2056 = AXIS2_PLACEMENT_3D('',#2057,#2058,#2059);
#2057 = CARTESIAN_POINT('',(-0.79998641818,-2.5395,9.898641817961E-02));
#2058 = DIRECTION('',(0.996194698092,0.,8.715574274766E-02));
#2059 = DIRECTION('',(-8.715574274766E-02,0.,0.996194698092));
#2060 = ADVANCED_FACE('',(#2061),#2073,.F.);
#2061 = FACE_BOUND('',#2062,.F.);
#2062 = EDGE_LOOP('',(#2063,#2064,#2065,#2072));
#2063 = ORIENTED_EDGE('',*,*,#1646,.F.);
#2064 = ORIENTED_EDGE('',*,*,#1967,.F.);
#2065 = ORIENTED_EDGE('',*,*,#2066,.F.);
#2066 = EDGE_CURVE('',#2042,#1968,#2067,.T.);
#2067 = CIRCLE('',#2068,0.240488619702);
#2068 = AXIS2_PLACEMENT_3D('',#2069,#2070,#2071);
#2069 = CARTESIAN_POINT('',(-1.04998641818,-2.5395,0.207701992454));
#2070 = DIRECTION('',(0.,0.,1.));
#2071 = DIRECTION('',(-1.,0.,0.));
#2072 = ORIENTED_EDGE('',*,*,#2049,.T.);
#2073 = CONICAL_SURFACE('',#2074,0.25,8.726646259972E-02);
#2074 = AXIS2_PLACEMENT_3D('',#2075,#2076,#2077);
#2075 = CARTESIAN_POINT('',(-1.04998641818,-2.5395,9.898641817961E-02));
#2076 = DIRECTION('',(0.,0.,-1.));
#2077 = DIRECTION('',(1.,0.,0.));
#2078 = ADVANCED_FACE('',(#2079),#2122,.F.);
#2079 = FACE_BOUND('',#2080,.T.);
#2080 = EDGE_LOOP('',(#2081,#2082,#2090,#2099,#2107,#2116));
#2081 = ORIENTED_EDGE('',*,*,#1341,.F.);
#2082 = ORIENTED_EDGE('',*,*,#2083,.T.);
#2083 = EDGE_CURVE('',#1333,#2084,#2086,.T.);
#2084 = VERTEX_POINT('',#2085);
#2085 = CARTESIAN_POINT('',(1.05001358182,2.419630850107,0.29898641818)
  );
#2086 = LINE('',#2087,#2088);
#2087 = CARTESIAN_POINT('',(1.05001358182,2.419630850107,0.29898641818)
  );
#2088 = VECTOR('',#2089,1.);
#2089 = DIRECTION('',(-1.,0.,0.));
#2090 = ORIENTED_EDGE('',*,*,#2091,.T.);
#2091 = EDGE_CURVE('',#2084,#2092,#2094,.T.);
#2092 = VERTEX_POINT('',#2093);
#2093 = CARTESIAN_POINT('',(0.909144431927,2.5605,0.29898641818));
#2094 = CIRCLE('',#2095,0.140869149893);
#2095 = AXIS2_PLACEMENT_3D('',#2096,#2097,#2098);
#2096 = CARTESIAN_POINT('',(1.05001358182,2.5605,0.29898641818));
#2097 = DIRECTION('',(0.,0.,-1.));
#2098 = DIRECTION('',(-1.,0.,0.));
#2099 = ORIENTED_EDGE('',*,*,#2100,.T.);
#2100 = EDGE_CURVE('',#2092,#2101,#2103,.T.);
#2101 = VERTEX_POINT('',#2102);
#2102 = CARTESIAN_POINT('',(0.909144431927,2.9605,0.29898641818));
#2103 = LINE('',#2104,#2105);
#2104 = CARTESIAN_POINT('',(0.909144431927,2.9605,0.29898641818));
#2105 = VECTOR('',#2106,1.);
#2106 = DIRECTION('',(-2.710505431214E-16,1.,0.));
#2107 = ORIENTED_EDGE('',*,*,#2108,.T.);
#2108 = EDGE_CURVE('',#2101,#2109,#2111,.T.);
#2109 = VERTEX_POINT('',#2110);
#2110 = CARTESIAN_POINT('',(1.05001358182,3.101369149893,0.29898641818)
  );
#2111 = CIRCLE('',#2112,0.140869149893);
#2112 = AXIS2_PLACEMENT_3D('',#2113,#2114,#2115);
#2113 = CARTESIAN_POINT('',(1.05001358182,2.9605,0.29898641818));
#2114 = DIRECTION('',(0.,0.,-1.));
#2115 = DIRECTION('',(-1.,0.,0.));
#2116 = ORIENTED_EDGE('',*,*,#2117,.T.);
#2117 = EDGE_CURVE('',#2109,#1342,#2118,.T.);
#2118 = LINE('',#2119,#2120);
#2119 = CARTESIAN_POINT('',(1.536146857446,3.101369149893,0.29898641818)
  );
#2120 = VECTOR('',#2121,1.);
#2121 = DIRECTION('',(1.,-0.,0.));
#2122 = PLANE('',#2123);
#2123 = AXIS2_PLACEMENT_3D('',#2124,#2125,#2126);
#2124 = CARTESIAN_POINT('',(1.05001358182,2.9605,0.29898641818));
#2125 = DIRECTION('',(0.,0.,1.));
#2126 = DIRECTION('',(-1.,0.,0.));
#2127 = ADVANCED_FACE('',(#2128),#2146,.F.);
#2128 = FACE_BOUND('',#2129,.T.);
#2129 = EDGE_LOOP('',(#2130,#2131,#2139,#2145));
#2130 = ORIENTED_EDGE('',*,*,#1358,.F.);
#2131 = ORIENTED_EDGE('',*,*,#2132,.T.);
#2132 = EDGE_CURVE('',#1350,#2133,#2135,.T.);
#2133 = VERTEX_POINT('',#2134);
#2134 = CARTESIAN_POINT('',(1.05001358182,3.200988619702,0.207701992454)
  );
#2135 = LINE('',#2136,#2137);
#2136 = CARTESIAN_POINT('',(1.05001358182,3.200988619702,0.207701992454)
  );
#2137 = VECTOR('',#2138,1.);
#2138 = DIRECTION('',(-1.,0.,0.));
#2139 = ORIENTED_EDGE('',*,*,#2140,.T.);
#2140 = EDGE_CURVE('',#2133,#1706,#2141,.T.);
#2141 = LINE('',#2142,#2143);
#2142 = CARTESIAN_POINT('',(1.05001358182,3.2105,9.898641817961E-02));
#2143 = VECTOR('',#2144,1.);
#2144 = DIRECTION('',(0.,8.715574274766E-02,-0.996194698092));
#2145 = ORIENTED_EDGE('',*,*,#1705,.T.);
#2146 = PLANE('',#2147);
#2147 = AXIS2_PLACEMENT_3D('',#2148,#2149,#2150);
#2148 = CARTESIAN_POINT('',(1.60001358182,3.2105,9.898641817961E-02));
#2149 = DIRECTION('',(0.,0.996194698092,8.715574274766E-02));
#2150 = DIRECTION('',(-0.,8.715574274766E-02,-0.996194698092));
#2151 = ADVANCED_FACE('',(#2152),#2170,.F.);
#2152 = FACE_BOUND('',#2153,.T.);
#2153 = EDGE_LOOP('',(#2154,#2162,#2168,#2169));
#2154 = ORIENTED_EDGE('',*,*,#2155,.F.);
#2155 = EDGE_CURVE('',#2156,#1731,#2158,.T.);
#2156 = VERTEX_POINT('',#2157);
#2157 = CARTESIAN_POINT('',(1.05001358182,2.320011380298,0.207701992454)
  );
#2158 = LINE('',#2159,#2160);
#2159 = CARTESIAN_POINT('',(1.05001358182,2.3105,9.898641817961E-02));
#2160 = VECTOR('',#2161,1.);
#2161 = DIRECTION('',(0.,-8.715574274766E-02,-0.996194698092));
#2162 = ORIENTED_EDGE('',*,*,#2163,.T.);
#2163 = EDGE_CURVE('',#2156,#1325,#2164,.T.);
#2164 = LINE('',#2165,#2166);
#2165 = CARTESIAN_POINT('',(1.536146857446,2.320011380298,0.207701992454
    ));
#2166 = VECTOR('',#2167,1.);
#2167 = DIRECTION('',(1.,-0.,0.));
#2168 = ORIENTED_EDGE('',*,*,#1324,.F.);
#2169 = ORIENTED_EDGE('',*,*,#1739,.T.);
#2170 = PLANE('',#2171);
#2171 = AXIS2_PLACEMENT_3D('',#2172,#2173,#2174);
#2172 = CARTESIAN_POINT('',(1.60001358182,2.3105,9.898641817961E-02));
#2173 = DIRECTION('',(0.,-0.996194698092,8.715574274766E-02));
#2174 = DIRECTION('',(0.,8.715574274766E-02,0.996194698092));
#2175 = ADVANCED_FACE('',(#2176),#2195,.F.);
#2176 = FACE_BOUND('',#2177,.F.);
#2177 = EDGE_LOOP('',(#2178,#2179,#2187,#2194));
#2178 = ORIENTED_EDGE('',*,*,#1713,.F.);
#2179 = ORIENTED_EDGE('',*,*,#2180,.F.);
#2180 = EDGE_CURVE('',#2181,#1714,#2183,.T.);
#2181 = VERTEX_POINT('',#2182);
#2182 = CARTESIAN_POINT('',(0.809524962118,2.9605,0.207701992454));
#2183 = LINE('',#2184,#2185);
#2184 = CARTESIAN_POINT('',(0.80001358182,2.9605,9.898641817961E-02));
#2185 = VECTOR('',#2186,1.);
#2186 = DIRECTION('',(-8.715574274766E-02,-2.36236114079E-17,
    -0.996194698092));
#2187 = ORIENTED_EDGE('',*,*,#2188,.F.);
#2188 = EDGE_CURVE('',#2133,#2181,#2189,.T.);
#2189 = CIRCLE('',#2190,0.240488619702);
#2190 = AXIS2_PLACEMENT_3D('',#2191,#2192,#2193);
#2191 = CARTESIAN_POINT('',(1.05001358182,2.9605,0.207701992454));
#2192 = DIRECTION('',(0.,0.,1.));
#2193 = DIRECTION('',(1.,0.,0.));
#2194 = ORIENTED_EDGE('',*,*,#2140,.T.);
#2195 = CONICAL_SURFACE('',#2196,0.25,8.726646259972E-02);
#2196 = AXIS2_PLACEMENT_3D('',#2197,#2198,#2199);
#2197 = CARTESIAN_POINT('',(1.05001358182,2.9605,9.898641817961E-02));
#2198 = DIRECTION('',(0.,0.,-1.));
#2199 = DIRECTION('',(-1.,0.,0.));
#2200 = ADVANCED_FACE('',(#2201),#2219,.F.);
#2201 = FACE_BOUND('',#2202,.T.);
#2202 = EDGE_LOOP('',(#2203,#2204,#2212,#2218));
#2203 = ORIENTED_EDGE('',*,*,#2180,.F.);
#2204 = ORIENTED_EDGE('',*,*,#2205,.T.);
#2205 = EDGE_CURVE('',#2181,#2206,#2208,.T.);
#2206 = VERTEX_POINT('',#2207);
#2207 = CARTESIAN_POINT('',(0.809524962118,2.5605,0.207701992454));
#2208 = LINE('',#2209,#2210);
#2209 = CARTESIAN_POINT('',(0.809524962118,2.5605,0.207701992454));
#2210 = VECTOR('',#2211,1.);
#2211 = DIRECTION('',(2.710505431214E-16,-1.,3.08148791102E-33));
#2212 = ORIENTED_EDGE('',*,*,#2213,.T.);
#2213 = EDGE_CURVE('',#2206,#1723,#2214,.T.);
#2214 = LINE('',#2215,#2216);
#2215 = CARTESIAN_POINT('',(0.80001358182,2.5605,9.898641817961E-02));
#2216 = VECTOR('',#2217,1.);
#2217 = DIRECTION('',(-8.715574274766E-02,0.,-0.996194698092));
#2218 = ORIENTED_EDGE('',*,*,#1722,.T.);
#2219 = PLANE('',#2220);
#2220 = AXIS2_PLACEMENT_3D('',#2221,#2222,#2223);
#2221 = CARTESIAN_POINT('',(0.80001358182,2.9605,9.898641817961E-02));
#2222 = DIRECTION('',(-0.996194698092,-2.700191139724E-16,
    8.715574274766E-02));
#2223 = DIRECTION('',(-8.715574274766E-02,0.,-0.996194698092));
#2224 = ADVANCED_FACE('',(#2225),#2237,.F.);
#2225 = FACE_BOUND('',#2226,.F.);
#2226 = EDGE_LOOP('',(#2227,#2228,#2229,#2236));
#2227 = ORIENTED_EDGE('',*,*,#1730,.F.);
#2228 = ORIENTED_EDGE('',*,*,#2155,.F.);
#2229 = ORIENTED_EDGE('',*,*,#2230,.F.);
#2230 = EDGE_CURVE('',#2206,#2156,#2231,.T.);
#2231 = CIRCLE('',#2232,0.240488619702);
#2232 = AXIS2_PLACEMENT_3D('',#2233,#2234,#2235);
#2233 = CARTESIAN_POINT('',(1.05001358182,2.5605,0.207701992454));
#2234 = DIRECTION('',(0.,0.,1.));
#2235 = DIRECTION('',(1.,0.,0.));
#2236 = ORIENTED_EDGE('',*,*,#2213,.T.);
#2237 = CONICAL_SURFACE('',#2238,0.25,8.726646259972E-02);
#2238 = AXIS2_PLACEMENT_3D('',#2239,#2240,#2241);
#2239 = CARTESIAN_POINT('',(1.05001358182,2.5605,9.898641817961E-02));
#2240 = DIRECTION('',(0.,0.,-1.));
#2241 = DIRECTION('',(1.,0.,0.));
#2242 = ADVANCED_FACE('',(#2243),#2286,.F.);
#2243 = FACE_BOUND('',#2244,.T.);
#2244 = EDGE_LOOP('',(#2245,#2246,#2254,#2263,#2271,#2280));
#2245 = ORIENTED_EDGE('',*,*,#1291,.F.);
#2246 = ORIENTED_EDGE('',*,*,#2247,.T.);
#2247 = EDGE_CURVE('',#1283,#2248,#2250,.T.);
#2248 = VERTEX_POINT('',#2249);
#2249 = CARTESIAN_POINT('',(1.05001358182,-3.080369149893,0.29898641818)
  );
#2250 = LINE('',#2251,#2252);
#2251 = CARTESIAN_POINT('',(1.05001358182,-3.080369149893,0.29898641818)
  );
#2252 = VECTOR('',#2253,1.);
#2253 = DIRECTION('',(-1.,-7.885106708985E-16,0.));
#2254 = ORIENTED_EDGE('',*,*,#2255,.T.);
#2255 = EDGE_CURVE('',#2248,#2256,#2258,.T.);
#2256 = VERTEX_POINT('',#2257);
#2257 = CARTESIAN_POINT('',(0.909144431927,-2.9395,0.29898641818));
#2258 = CIRCLE('',#2259,0.140869149893);
#2259 = AXIS2_PLACEMENT_3D('',#2260,#2261,#2262);
#2260 = CARTESIAN_POINT('',(1.05001358182,-2.9395,0.29898641818));
#2261 = DIRECTION('',(0.,0.,-1.));
#2262 = DIRECTION('',(-1.,0.,0.));
#2263 = ORIENTED_EDGE('',*,*,#2264,.T.);
#2264 = EDGE_CURVE('',#2256,#2265,#2267,.T.);
#2265 = VERTEX_POINT('',#2266);
#2266 = CARTESIAN_POINT('',(0.909144431927,-2.5395,0.29898641818));
#2267 = LINE('',#2268,#2269);
#2268 = CARTESIAN_POINT('',(0.909144431927,-2.5395,0.29898641818));
#2269 = VECTOR('',#2270,1.);
#2270 = DIRECTION('',(-0.,1.,0.));
#2271 = ORIENTED_EDGE('',*,*,#2272,.T.);
#2272 = EDGE_CURVE('',#2265,#2273,#2275,.T.);
#2273 = VERTEX_POINT('',#2274);
#2274 = CARTESIAN_POINT('',(1.05001358182,-2.398630850107,0.29898641818)
  );
#2275 = CIRCLE('',#2276,0.140869149893);
#2276 = AXIS2_PLACEMENT_3D('',#2277,#2278,#2279);
#2277 = CARTESIAN_POINT('',(1.05001358182,-2.5395,0.29898641818));
#2278 = DIRECTION('',(0.,0.,-1.));
#2279 = DIRECTION('',(-1.,0.,0.));
#2280 = ORIENTED_EDGE('',*,*,#2281,.T.);
#2281 = EDGE_CURVE('',#2273,#1292,#2282,.T.);
#2282 = LINE('',#2283,#2284);
#2283 = CARTESIAN_POINT('',(1.536146857446,-2.398630850107,0.29898641818
    ));
#2284 = VECTOR('',#2285,1.);
#2285 = DIRECTION('',(1.,-7.885106708985E-16,0.));
#2286 = PLANE('',#2287);
#2287 = AXIS2_PLACEMENT_3D('',#2288,#2289,#2290);
#2288 = CARTESIAN_POINT('',(1.05001358182,-2.5395,0.29898641818));
#2289 = DIRECTION('',(0.,0.,1.));
#2290 = DIRECTION('',(-1.,0.,0.));
#2291 = ADVANCED_FACE('',(#2292),#2310,.F.);
#2292 = FACE_BOUND('',#2293,.T.);
#2293 = EDGE_LOOP('',(#2294,#2295,#2303,#2309));
#2294 = ORIENTED_EDGE('',*,*,#1308,.F.);
#2295 = ORIENTED_EDGE('',*,*,#2296,.T.);
#2296 = EDGE_CURVE('',#1300,#2297,#2299,.T.);
#2297 = VERTEX_POINT('',#2298);
#2298 = CARTESIAN_POINT('',(1.05001358182,-2.299011380298,0.207701992454
    ));
#2299 = LINE('',#2300,#2301);
#2300 = CARTESIAN_POINT('',(1.05001358182,-2.299011380298,0.207701992454
    ));
#2301 = VECTOR('',#2302,1.);
#2302 = DIRECTION('',(-1.,7.885106708985E-16,-8.641123732203E-33));
#2303 = ORIENTED_EDGE('',*,*,#2304,.T.);
#2304 = EDGE_CURVE('',#2297,#1579,#2305,.T.);
#2305 = LINE('',#2306,#2307);
#2306 = CARTESIAN_POINT('',(1.05001358182,-2.2895,9.898641817961E-02));
#2307 = VECTOR('',#2308,1.);
#2308 = DIRECTION('',(0.,8.715574274766E-02,-0.996194698092));
#2309 = ORIENTED_EDGE('',*,*,#1578,.T.);
#2310 = PLANE('',#2311);
#2311 = AXIS2_PLACEMENT_3D('',#2312,#2313,#2314);
#2312 = CARTESIAN_POINT('',(1.60001358182,-2.2895,9.898641817961E-02));
#2313 = DIRECTION('',(7.855101497379E-16,0.996194698092,
    8.715574274766E-02));
#2314 = DIRECTION('',(2.465190328816E-32,8.715574274766E-02,
    -0.996194698092));
#2315 = ADVANCED_FACE('',(#2316),#2334,.F.);
#2316 = FACE_BOUND('',#2317,.T.);
#2317 = EDGE_LOOP('',(#2318,#2326,#2332,#2333));
#2318 = ORIENTED_EDGE('',*,*,#2319,.F.);
#2319 = EDGE_CURVE('',#2320,#1604,#2322,.T.);
#2320 = VERTEX_POINT('',#2321);
#2321 = CARTESIAN_POINT('',(1.05001358182,-3.179988619702,0.207701992454
    ));
#2322 = LINE('',#2323,#2324);
#2323 = CARTESIAN_POINT('',(1.05001358182,-3.1895,9.898641817961E-02));
#2324 = VECTOR('',#2325,1.);
#2325 = DIRECTION('',(6.872323318662E-17,-8.715574274766E-02,
    -0.996194698092));
#2326 = ORIENTED_EDGE('',*,*,#2327,.T.);
#2327 = EDGE_CURVE('',#2320,#1275,#2328,.T.);
#2328 = LINE('',#2329,#2330);
#2329 = CARTESIAN_POINT('',(1.536146857446,-3.179988619702,
    0.207701992454));
#2330 = VECTOR('',#2331,1.);
#2331 = DIRECTION('',(1.,7.885106708985E-16,8.641123732203E-33));
#2332 = ORIENTED_EDGE('',*,*,#1274,.F.);
#2333 = ORIENTED_EDGE('',*,*,#1612,.T.);
#2334 = PLANE('',#2335);
#2335 = AXIS2_PLACEMENT_3D('',#2336,#2337,#2338);
#2336 = CARTESIAN_POINT('',(1.60001358182,-3.1895,9.898641817961E-02));
#2337 = DIRECTION('',(7.855101497379E-16,-0.996194698092,
    8.715574274766E-02));
#2338 = DIRECTION('',(-2.465190328816E-32,8.715574274766E-02,
    0.996194698092));
#2339 = ADVANCED_FACE('',(#2340),#2359,.F.);
#2340 = FACE_BOUND('',#2341,.F.);
#2341 = EDGE_LOOP('',(#2342,#2343,#2351,#2358));
#2342 = ORIENTED_EDGE('',*,*,#1586,.F.);
#2343 = ORIENTED_EDGE('',*,*,#2344,.F.);
#2344 = EDGE_CURVE('',#2345,#1587,#2347,.T.);
#2345 = VERTEX_POINT('',#2346);
#2346 = CARTESIAN_POINT('',(0.809524962118,-2.5395,0.207701992454));
#2347 = LINE('',#2348,#2349);
#2348 = CARTESIAN_POINT('',(0.80001358182,-2.5395,9.898641817961E-02));
#2349 = VECTOR('',#2350,1.);
#2350 = DIRECTION('',(-8.715574274766E-02,0.,-0.996194698092));
#2351 = ORIENTED_EDGE('',*,*,#2352,.F.);
#2352 = EDGE_CURVE('',#2297,#2345,#2353,.T.);
#2353 = CIRCLE('',#2354,0.240488619702);
#2354 = AXIS2_PLACEMENT_3D('',#2355,#2356,#2357);
#2355 = CARTESIAN_POINT('',(1.05001358182,-2.5395,0.207701992454));
#2356 = DIRECTION('',(0.,0.,1.));
#2357 = DIRECTION('',(1.,0.,0.));
#2358 = ORIENTED_EDGE('',*,*,#2304,.T.);
#2359 = CONICAL_SURFACE('',#2360,0.25,8.726646259972E-02);
#2360 = AXIS2_PLACEMENT_3D('',#2361,#2362,#2363);
#2361 = CARTESIAN_POINT('',(1.05001358182,-2.5395,9.898641817961E-02));
#2362 = DIRECTION('',(0.,0.,-1.));
#2363 = DIRECTION('',(-1.,0.,0.));
#2364 = ADVANCED_FACE('',(#2365),#2383,.F.);
#2365 = FACE_BOUND('',#2366,.T.);
#2366 = EDGE_LOOP('',(#2367,#2368,#2376,#2382));
#2367 = ORIENTED_EDGE('',*,*,#2344,.F.);
#2368 = ORIENTED_EDGE('',*,*,#2369,.T.);
#2369 = EDGE_CURVE('',#2345,#2370,#2372,.T.);
#2370 = VERTEX_POINT('',#2371);
#2371 = CARTESIAN_POINT('',(0.809524962118,-2.9395,0.207701992454));
#2372 = LINE('',#2373,#2374);
#2373 = CARTESIAN_POINT('',(0.809524962118,-2.9395,0.207701992454));
#2374 = VECTOR('',#2375,1.);
#2375 = DIRECTION('',(0.,-1.,0.));
#2376 = ORIENTED_EDGE('',*,*,#2377,.T.);
#2377 = EDGE_CURVE('',#2370,#1596,#2378,.T.);
#2378 = LINE('',#2379,#2380);
#2379 = CARTESIAN_POINT('',(0.80001358182,-2.9395,9.898641817961E-02));
#2380 = VECTOR('',#2381,1.);
#2381 = DIRECTION('',(-8.715574274766E-02,0.,-0.996194698092));
#2382 = ORIENTED_EDGE('',*,*,#1595,.T.);
#2383 = PLANE('',#2384);
#2384 = AXIS2_PLACEMENT_3D('',#2385,#2386,#2387);
#2385 = CARTESIAN_POINT('',(0.80001358182,-2.5395,9.898641817961E-02));
#2386 = DIRECTION('',(-0.996194698092,0.,8.715574274766E-02));
#2387 = DIRECTION('',(-8.715574274766E-02,0.,-0.996194698092));
#2388 = ADVANCED_FACE('',(#2389),#2401,.F.);
#2389 = FACE_BOUND('',#2390,.F.);
#2390 = EDGE_LOOP('',(#2391,#2392,#2393,#2400));
#2391 = ORIENTED_EDGE('',*,*,#1603,.F.);
#2392 = ORIENTED_EDGE('',*,*,#2319,.F.);
#2393 = ORIENTED_EDGE('',*,*,#2394,.F.);
#2394 = EDGE_CURVE('',#2370,#2320,#2395,.T.);
#2395 = CIRCLE('',#2396,0.240488619702);
#2396 = AXIS2_PLACEMENT_3D('',#2397,#2398,#2399);
#2397 = CARTESIAN_POINT('',(1.05001358182,-2.9395,0.207701992454));
#2398 = DIRECTION('',(0.,0.,1.));
#2399 = DIRECTION('',(1.,0.,0.));
#2400 = ORIENTED_EDGE('',*,*,#2377,.T.);
#2401 = CONICAL_SURFACE('',#2402,0.25,8.726646259972E-02);
#2402 = AXIS2_PLACEMENT_3D('',#2403,#2404,#2405);
#2403 = CARTESIAN_POINT('',(1.05001358182,-2.9395,9.898641817961E-02));
#2404 = DIRECTION('',(0.,0.,-1.));
#2405 = DIRECTION('',(1.,0.,0.));
#2406 = ADVANCED_FACE('',(#2407),#2419,.F.);
#2407 = FACE_BOUND('',#2408,.F.);
#2408 = EDGE_LOOP('',(#2409,#2410,#2411,#2418));
#2409 = ORIENTED_EDGE('',*,*,#1568,.F.);
#2410 = ORIENTED_EDGE('',*,*,#265,.F.);
#2411 = ORIENTED_EDGE('',*,*,#2412,.T.);
#2412 = EDGE_CURVE('',#266,#285,#2413,.T.);
#2413 = CIRCLE('',#2414,1.);
#2414 = AXIS2_PLACEMENT_3D('',#2415,#2416,#2417);
#2415 = CARTESIAN_POINT('',(1.358182038991E-05,1.05E-02,0.19898641818));
#2416 = DIRECTION('',(0.,0.,-1.));
#2417 = DIRECTION('',(1.,0.,0.));
#2418 = ORIENTED_EDGE('',*,*,#284,.T.);
#2419 = CYLINDRICAL_SURFACE('',#2420,1.);
#2420 = AXIS2_PLACEMENT_3D('',#2421,#2422,#2423);
#2421 = CARTESIAN_POINT('',(1.358182038991E-05,1.05E-02,0.19898641818));
#2422 = DIRECTION('',(0.,0.,-1.));
#2423 = DIRECTION('',(1.,0.,0.));
#2424 = ADVANCED_FACE('',(#2425),#2429,.T.);
#2425 = FACE_BOUND('',#2426,.T.);
#2426 = EDGE_LOOP('',(#2427,#2428));
#2427 = ORIENTED_EDGE('',*,*,#2412,.T.);
#2428 = ORIENTED_EDGE('',*,*,#292,.T.);
#2429 = PLANE('',#2430);
#2430 = AXIS2_PLACEMENT_3D('',#2431,#2432,#2433);
#2431 = CARTESIAN_POINT('',(1.358182038991E-05,1.05E-02,0.19898641818));
#2432 = DIRECTION('',(0.,0.,-1.));
#2433 = DIRECTION('',(1.,-0.,0.));
#2434 = ADVANCED_FACE('',(#2435),#2478,.T.);
#2435 = FACE_BOUND('',#2436,.T.);
#2436 = EDGE_LOOP('',(#2437,#2438,#2446,#2455,#2463,#2472));
#2437 = ORIENTED_EDGE('',*,*,#653,.T.);
#2438 = ORIENTED_EDGE('',*,*,#2439,.T.);
#2439 = EDGE_CURVE('',#656,#2440,#2442,.T.);
#2440 = VERTEX_POINT('',#2441);
#2441 = CARTESIAN_POINT('',(-0.650121611273,3.4105,1.97898641818));
#2442 = LINE('',#2443,#2444);
#2443 = CARTESIAN_POINT('',(-0.650121611273,3.4105,1.97898641818));
#2444 = VECTOR('',#2445,1.);
#2445 = DIRECTION('',(4.336808689942E-16,-1.,0.));
#2446 = ORIENTED_EDGE('',*,*,#2447,.T.);
#2447 = EDGE_CURVE('',#2440,#2448,#2450,.T.);
#2448 = VERTEX_POINT('',#2449);
#2449 = CARTESIAN_POINT('',(-0.29998641818,3.060364806907,1.97898641818)
  );
#2450 = CIRCLE('',#2451,0.350135193093);
#2451 = AXIS2_PLACEMENT_3D('',#2452,#2453,#2454);
#2452 = CARTESIAN_POINT('',(-0.29998641818,3.4105,1.97898641818));
#2453 = DIRECTION('',(0.,0.,1.));
#2454 = DIRECTION('',(-1.,0.,0.));
#2455 = ORIENTED_EDGE('',*,*,#2456,.T.);
#2456 = EDGE_CURVE('',#2448,#2457,#2459,.T.);
#2457 = VERTEX_POINT('',#2458);
#2458 = CARTESIAN_POINT('',(0.30001358182,3.060364806907,1.97898641818)
  );
#2459 = LINE('',#2460,#2461);
#2460 = CARTESIAN_POINT('',(-0.29998641818,3.060364806907,1.97898641818)
  );
#2461 = VECTOR('',#2462,1.);
#2462 = DIRECTION('',(1.,0.,0.));
#2463 = ORIENTED_EDGE('',*,*,#2464,.T.);
#2464 = EDGE_CURVE('',#2457,#2465,#2467,.T.);
#2465 = VERTEX_POINT('',#2466);
#2466 = CARTESIAN_POINT('',(0.650148774913,3.4105,1.97898641818));
#2467 = CIRCLE('',#2468,0.350135193093);
#2468 = AXIS2_PLACEMENT_3D('',#2469,#2470,#2471);
#2469 = CARTESIAN_POINT('',(0.30001358182,3.4105,1.97898641818));
#2470 = DIRECTION('',(0.,0.,1.));
#2471 = DIRECTION('',(-1.,0.,0.));
#2472 = ORIENTED_EDGE('',*,*,#2473,.T.);
#2473 = EDGE_CURVE('',#2465,#654,#2474,.T.);
#2474 = LINE('',#2475,#2476);
#2475 = CARTESIAN_POINT('',(0.650148774913,3.4105,1.97898641818));
#2476 = VECTOR('',#2477,1.);
#2477 = DIRECTION('',(4.336808689942E-16,1.,0.));
#2478 = PLANE('',#2479);
#2479 = AXIS2_PLACEMENT_3D('',#2480,#2481,#2482);
#2480 = CARTESIAN_POINT('',(-0.29998641818,3.4105,1.97898641818));
#2481 = DIRECTION('',(0.,0.,1.));
#2482 = DIRECTION('',(-1.,0.,0.));
#2483 = ADVANCED_FACE('',(#2484),#2502,.F.);
#2484 = FACE_BOUND('',#2485,.T.);
#2485 = EDGE_LOOP('',(#2486,#2487,#2495,#2501));
#2486 = ORIENTED_EDGE('',*,*,#672,.F.);
#2487 = ORIENTED_EDGE('',*,*,#2488,.T.);
#2488 = EDGE_CURVE('',#664,#2489,#2491,.T.);
#2489 = VERTEX_POINT('',#2490);
#2490 = CARTESIAN_POINT('',(0.749403390077,3.4105,2.066799483839));
#2491 = LINE('',#2492,#2493);
#2492 = CARTESIAN_POINT('',(0.749403390077,3.4105,2.066799483839));
#2493 = VECTOR('',#2494,1.);
#2494 = DIRECTION('',(-4.336808689942E-16,-1.,4.593788721568E-35));
#2495 = ORIENTED_EDGE('',*,*,#2496,.T.);
#2496 = EDGE_CURVE('',#2489,#468,#2497,.T.);
#2497 = LINE('',#2498,#2499);
#2498 = CARTESIAN_POINT('',(0.80001358182,3.4105,2.47898641818));
#2499 = VECTOR('',#2500,1.);
#2500 = DIRECTION('',(0.121869343405,0.,0.992546151641));
#2501 = ORIENTED_EDGE('',*,*,#467,.T.);
#2502 = PLANE('',#2503);
#2503 = AXIS2_PLACEMENT_3D('',#2504,#2505,#2506);
#2504 = CARTESIAN_POINT('',(0.80001358182,3.4105,2.47898641818));
#2505 = DIRECTION('',(0.992546151641,-4.304482775607E-16,-0.121869343405
    ));
#2506 = DIRECTION('',(0.121869343405,1.232595164408E-32,0.992546151641)
  );
#2507 = ADVANCED_FACE('',(#2508),#2526,.F.);
#2508 = FACE_BOUND('',#2509,.T.);
#2509 = EDGE_LOOP('',(#2510,#2518,#2524,#2525));
#2510 = ORIENTED_EDGE('',*,*,#2511,.F.);
#2511 = EDGE_CURVE('',#2512,#495,#2514,.T.);
#2512 = VERTEX_POINT('',#2513);
#2513 = CARTESIAN_POINT('',(-0.749376226437,3.4105,2.066799483839));
#2514 = LINE('',#2515,#2516);
#2515 = CARTESIAN_POINT('',(-0.79998641818,3.4105,2.47898641818));
#2516 = VECTOR('',#2517,1.);
#2517 = DIRECTION('',(-0.121869343405,-5.28524027517E-17,0.992546151641)
  );
#2518 = ORIENTED_EDGE('',*,*,#2519,.T.);
#2519 = EDGE_CURVE('',#2512,#703,#2520,.T.);
#2520 = LINE('',#2521,#2522);
#2521 = CARTESIAN_POINT('',(-0.749376226437,3.4105,2.066799483839));
#2522 = VECTOR('',#2523,1.);
#2523 = DIRECTION('',(-4.336808689942E-16,1.,-4.593788721568E-35));
#2524 = ORIENTED_EDGE('',*,*,#702,.F.);
#2525 = ORIENTED_EDGE('',*,*,#503,.T.);
#2526 = PLANE('',#2527);
#2527 = AXIS2_PLACEMENT_3D('',#2528,#2529,#2530);
#2528 = CARTESIAN_POINT('',(-0.79998641818,3.4105,2.47898641818));
#2529 = DIRECTION('',(-0.992546151641,-4.304482775607E-16,
    -0.121869343405));
#2530 = DIRECTION('',(0.121869343405,-1.232595164408E-32,-0.992546151641
    ));
#2531 = ADVANCED_FACE('',(#2532),#2551,.F.);
#2532 = FACE_BOUND('',#2533,.F.);
#2533 = EDGE_LOOP('',(#2534,#2535,#2543,#2550));
#2534 = ORIENTED_EDGE('',*,*,#477,.F.);
#2535 = ORIENTED_EDGE('',*,*,#2536,.F.);
#2536 = EDGE_CURVE('',#2537,#478,#2539,.T.);
#2537 = VERTEX_POINT('',#2538);
#2538 = CARTESIAN_POINT('',(0.30001358182,2.961110191743,2.066799483839)
  );
#2539 = LINE('',#2540,#2541);
#2540 = CARTESIAN_POINT('',(0.30001358182,2.9105,2.47898641818));
#2541 = VECTOR('',#2542,1.);
#2542 = DIRECTION('',(0.,-0.121869343405,0.992546151641));
#2543 = ORIENTED_EDGE('',*,*,#2544,.F.);
#2544 = EDGE_CURVE('',#2489,#2537,#2545,.T.);
#2545 = CIRCLE('',#2546,0.449389808257);
#2546 = AXIS2_PLACEMENT_3D('',#2547,#2548,#2549);
#2547 = CARTESIAN_POINT('',(0.30001358182,3.4105,2.066799483839));
#2548 = DIRECTION('',(0.,0.,-1.));
#2549 = DIRECTION('',(1.,0.,0.));
#2550 = ORIENTED_EDGE('',*,*,#2496,.T.);
#2551 = CONICAL_SURFACE('',#2552,0.5,0.12217304764);
#2552 = AXIS2_PLACEMENT_3D('',#2553,#2554,#2555);
#2553 = CARTESIAN_POINT('',(0.30001358182,3.4105,2.47898641818));
#2554 = DIRECTION('',(0.,0.,1.));
#2555 = DIRECTION('',(-1.,0.,0.));
#2556 = ADVANCED_FACE('',(#2557),#2575,.F.);
#2557 = FACE_BOUND('',#2558,.T.);
#2558 = EDGE_LOOP('',(#2559,#2560,#2568,#2574));
#2559 = ORIENTED_EDGE('',*,*,#2536,.F.);
#2560 = ORIENTED_EDGE('',*,*,#2561,.T.);
#2561 = EDGE_CURVE('',#2537,#2562,#2564,.T.);
#2562 = VERTEX_POINT('',#2563);
#2563 = CARTESIAN_POINT('',(-0.29998641818,2.961110191743,2.066799483839
    ));
#2564 = LINE('',#2565,#2566);
#2565 = CARTESIAN_POINT('',(0.30001358182,2.961110191743,2.066799483839)
  );
#2566 = VECTOR('',#2567,1.);
#2567 = DIRECTION('',(-1.,0.,0.));
#2568 = ORIENTED_EDGE('',*,*,#2569,.T.);
#2569 = EDGE_CURVE('',#2562,#487,#2570,.T.);
#2570 = LINE('',#2571,#2572);
#2571 = CARTESIAN_POINT('',(-0.29998641818,2.9105,2.47898641818));
#2572 = VECTOR('',#2573,1.);
#2573 = DIRECTION('',(1.321310068792E-17,-0.121869343405,0.992546151641)
  );
#2574 = ORIENTED_EDGE('',*,*,#486,.T.);
#2575 = PLANE('',#2576);
#2576 = AXIS2_PLACEMENT_3D('',#2577,#2578,#2579);
#2577 = CARTESIAN_POINT('',(0.30001358182,2.9105,2.47898641818));
#2578 = DIRECTION('',(0.,-0.992546151641,-0.121869343405));
#2579 = DIRECTION('',(0.,-0.121869343405,0.992546151641));
#2580 = ADVANCED_FACE('',(#2581),#2593,.F.);
#2581 = FACE_BOUND('',#2582,.F.);
#2582 = EDGE_LOOP('',(#2583,#2584,#2585,#2592));
#2583 = ORIENTED_EDGE('',*,*,#494,.F.);
#2584 = ORIENTED_EDGE('',*,*,#2511,.F.);
#2585 = ORIENTED_EDGE('',*,*,#2586,.F.);
#2586 = EDGE_CURVE('',#2562,#2512,#2587,.T.);
#2587 = CIRCLE('',#2588,0.449389808257);
#2588 = AXIS2_PLACEMENT_3D('',#2589,#2590,#2591);
#2589 = CARTESIAN_POINT('',(-0.29998641818,3.4105,2.066799483839));
#2590 = DIRECTION('',(0.,0.,-1.));
#2591 = DIRECTION('',(1.,0.,0.));
#2592 = ORIENTED_EDGE('',*,*,#2569,.T.);
#2593 = CONICAL_SURFACE('',#2594,0.5,0.12217304764);
#2594 = AXIS2_PLACEMENT_3D('',#2595,#2596,#2597);
#2595 = CARTESIAN_POINT('',(-0.29998641818,3.4105,2.47898641818));
#2596 = DIRECTION('',(0.,0.,1.));
#2597 = DIRECTION('',(-1.,0.,0.));
#2598 = ADVANCED_FACE('',(#2599),#2611,.F.);
#2599 = FACE_BOUND('',#2600,.F.);
#2600 = EDGE_LOOP('',(#2601,#2602,#2603,#2610));
#2601 = ORIENTED_EDGE('',*,*,#552,.T.);
#2602 = ORIENTED_EDGE('',*,*,#233,.F.);
#2603 = ORIENTED_EDGE('',*,*,#2604,.F.);
#2604 = EDGE_CURVE('',#201,#192,#2605,.T.);
#2605 = CIRCLE('',#2606,0.507986352407);
#2606 = AXIS2_PLACEMENT_3D('',#2607,#2608,#2609);
#2607 = CARTESIAN_POINT('',(1.358182038991E-05,-2.7895,2.390270843905));
#2608 = DIRECTION('',(0.,0.,-1.));
#2609 = DIRECTION('',(-1.,0.,0.));
#2610 = ORIENTED_EDGE('',*,*,#250,.T.);
#2611 = CONICAL_SURFACE('',#2612,0.5,8.726646259972E-02);
#2612 = AXIS2_PLACEMENT_3D('',#2613,#2614,#2615);
#2613 = CARTESIAN_POINT('',(1.358182038991E-05,-2.7895,2.29898641818));
#2614 = DIRECTION('',(0.,0.,1.));
#2615 = DIRECTION('',(-1.,0.,0.));
#2616 = ADVANCED_FACE('',(#2617),#2627,.T.);
#2617 = FACE_BOUND('',#2618,.T.);
#2618 = EDGE_LOOP('',(#2619,#2626));
#2619 = ORIENTED_EDGE('',*,*,#2620,.T.);
#2620 = EDGE_CURVE('',#190,#210,#2621,.T.);
#2621 = CIRCLE('',#2622,0.408366882598);
#2622 = AXIS2_PLACEMENT_3D('',#2623,#2624,#2625);
#2623 = CARTESIAN_POINT('',(1.358182038991E-05,-2.7895,2.29898641818));
#2624 = DIRECTION('',(0.,0.,1.));
#2625 = DIRECTION('',(-1.,0.,0.));
#2626 = ORIENTED_EDGE('',*,*,#218,.T.);
#2627 = PLANE('',#2628);
#2628 = AXIS2_PLACEMENT_3D('',#2629,#2630,#2631);
#2629 = CARTESIAN_POINT('',(1.358182038991E-05,-2.7895,2.29898641818));
#2630 = DIRECTION('',(0.,0.,1.));
#2631 = DIRECTION('',(-1.,0.,0.));
#2632 = ADVANCED_FACE('',(#2633),#2645,.F.);
#2633 = FACE_BOUND('',#2634,.F.);
#2634 = EDGE_LOOP('',(#2635,#2636,#2643,#2644));
#2635 = ORIENTED_EDGE('',*,*,#1936,.T.);
#2636 = ORIENTED_EDGE('',*,*,#2637,.T.);
#2637 = EDGE_CURVE('',#1937,#1968,#2638,.T.);
#2638 = CIRCLE('',#2639,1.E-01);
#2639 = AXIS2_PLACEMENT_3D('',#2640,#2641,#2642);
#2640 = CARTESIAN_POINT('',(-1.04998641818,-2.398630850107,0.19898641818
    ));
#2641 = DIRECTION('',(-1.,0.,0.));
#2642 = DIRECTION('',(0.,-1.,0.));
#2643 = ORIENTED_EDGE('',*,*,#1975,.T.);
#2644 = ORIENTED_EDGE('',*,*,#1489,.T.);
#2645 = CYLINDRICAL_SURFACE('',#2646,1.E-01);
#2646 = AXIS2_PLACEMENT_3D('',#2647,#2648,#2649);
#2647 = CARTESIAN_POINT('',(-1.04998641818,-2.398630850107,0.19898641818
    ));
#2648 = DIRECTION('',(1.,0.,0.));
#2649 = DIRECTION('',(0.,1.,0.));
#2650 = ADVANCED_FACE('',(#2651),#2663,.F.);
#2651 = FACE_BOUND('',#2652,.F.);
#2652 = EDGE_LOOP('',(#2653,#2654,#2661,#2662));
#2653 = ORIENTED_EDGE('',*,*,#1944,.T.);
#2654 = ORIENTED_EDGE('',*,*,#2655,.T.);
#2655 = EDGE_CURVE('',#1945,#2042,#2656,.T.);
#2656 = CIRCLE('',#2657,1.E-01);
#2657 = AXIS2_PLACEMENT_3D('',#2658,#2659,#2660);
#2658 = CARTESIAN_POINT('',(-0.909117268287,-2.5395,0.19898641818));
#2659 = DIRECTION('',(0.,1.,-0.));
#2660 = DIRECTION('',(-1.,0.,0.));
#2661 = ORIENTED_EDGE('',*,*,#2066,.T.);
#2662 = ORIENTED_EDGE('',*,*,#2637,.F.);
#2663 = TOROIDAL_SURFACE('',#2664,0.140869149893,0.1);
#2664 = AXIS2_PLACEMENT_3D('',#2665,#2666,#2667);
#2665 = CARTESIAN_POINT('',(-1.04998641818,-2.5395,0.19898641818));
#2666 = DIRECTION('',(0.,0.,-1.));
#2667 = DIRECTION('',(1.,0.,0.));
#2668 = ADVANCED_FACE('',(#2669),#2681,.F.);
#2669 = FACE_BOUND('',#2670,.F.);
#2670 = EDGE_LOOP('',(#2671,#2672,#2679,#2680));
#2671 = ORIENTED_EDGE('',*,*,#1953,.T.);
#2672 = ORIENTED_EDGE('',*,*,#2673,.T.);
#2673 = EDGE_CURVE('',#1919,#2017,#2674,.T.);
#2674 = CIRCLE('',#2675,0.1);
#2675 = AXIS2_PLACEMENT_3D('',#2676,#2677,#2678);
#2676 = CARTESIAN_POINT('',(-0.909117268287,-2.9395,0.19898641818));
#2677 = DIRECTION('',(0.,1.,-0.));
#2678 = DIRECTION('',(-1.,0.,0.));
#2679 = ORIENTED_EDGE('',*,*,#2041,.T.);
#2680 = ORIENTED_EDGE('',*,*,#2655,.F.);
#2681 = CYLINDRICAL_SURFACE('',#2682,0.1);
#2682 = AXIS2_PLACEMENT_3D('',#2683,#2684,#2685);
#2683 = CARTESIAN_POINT('',(-0.909117268287,-2.5395,0.19898641818));
#2684 = DIRECTION('',(0.,-1.,0.));
#2685 = DIRECTION('',(1.,0.,0.));
#2686 = ADVANCED_FACE('',(#2687),#2699,.F.);
#2687 = FACE_BOUND('',#2688,.F.);
#2688 = EDGE_LOOP('',(#2689,#2690,#2697,#2698));
#2689 = ORIENTED_EDGE('',*,*,#1918,.T.);
#2690 = ORIENTED_EDGE('',*,*,#2691,.T.);
#2691 = EDGE_CURVE('',#1921,#1993,#2692,.T.);
#2692 = CIRCLE('',#2693,1.E-01);
#2693 = AXIS2_PLACEMENT_3D('',#2694,#2695,#2696);
#2694 = CARTESIAN_POINT('',(-1.04998641818,-3.080369149893,0.19898641818
    ));
#2695 = DIRECTION('',(1.,0.,0.));
#2696 = DIRECTION('',(0.,1.,0.));
#2697 = ORIENTED_EDGE('',*,*,#2024,.T.);
#2698 = ORIENTED_EDGE('',*,*,#2673,.F.);
#2699 = TOROIDAL_SURFACE('',#2700,0.140869149893,0.1);
#2700 = AXIS2_PLACEMENT_3D('',#2701,#2702,#2703);
#2701 = CARTESIAN_POINT('',(-1.04998641818,-2.9395,0.19898641818));
#2702 = DIRECTION('',(0.,0.,-1.));
#2703 = DIRECTION('',(1.,0.,0.));
#2704 = ADVANCED_FACE('',(#2705),#2711,.F.);
#2705 = FACE_BOUND('',#2706,.F.);
#2706 = EDGE_LOOP('',(#2707,#2708,#2709,#2710));
#2707 = ORIENTED_EDGE('',*,*,#1929,.T.);
#2708 = ORIENTED_EDGE('',*,*,#1506,.T.);
#2709 = ORIENTED_EDGE('',*,*,#1992,.T.);
#2710 = ORIENTED_EDGE('',*,*,#2691,.F.);
#2711 = CYLINDRICAL_SURFACE('',#2712,1.E-01);
#2712 = AXIS2_PLACEMENT_3D('',#2713,#2714,#2715);
#2713 = CARTESIAN_POINT('',(-1.04998641818,-3.080369149893,0.19898641818
    ));
#2714 = DIRECTION('',(-1.,0.,0.));
#2715 = DIRECTION('',(0.,-1.,0.));
#2716 = ADVANCED_FACE('',(#2717),#2729,.F.);
#2717 = FACE_BOUND('',#2718,.F.);
#2718 = EDGE_LOOP('',(#2719,#2720,#2727,#2728));
#2719 = ORIENTED_EDGE('',*,*,#2296,.T.);
#2720 = ORIENTED_EDGE('',*,*,#2721,.T.);
#2721 = EDGE_CURVE('',#2297,#2273,#2722,.T.);
#2722 = CIRCLE('',#2723,1.E-01);
#2723 = AXIS2_PLACEMENT_3D('',#2724,#2725,#2726);
#2724 = CARTESIAN_POINT('',(1.05001358182,-2.398630850107,0.19898641818)
  );
#2725 = DIRECTION('',(1.,0.,0.));
#2726 = DIRECTION('',(0.,1.,0.));
#2727 = ORIENTED_EDGE('',*,*,#2281,.T.);
#2728 = ORIENTED_EDGE('',*,*,#1299,.T.);
#2729 = CYLINDRICAL_SURFACE('',#2730,1.E-01);
#2730 = AXIS2_PLACEMENT_3D('',#2731,#2732,#2733);
#2731 = CARTESIAN_POINT('',(1.05001358182,-2.398630850107,0.19898641818)
  );
#2732 = DIRECTION('',(-1.,7.885106708985E-16,0.));
#2733 = DIRECTION('',(-7.885106708985E-16,-1.,0.));
#2734 = ADVANCED_FACE('',(#2735),#2747,.F.);
#2735 = FACE_BOUND('',#2736,.F.);
#2736 = EDGE_LOOP('',(#2737,#2738,#2745,#2746));
#2737 = ORIENTED_EDGE('',*,*,#2352,.T.);
#2738 = ORIENTED_EDGE('',*,*,#2739,.T.);
#2739 = EDGE_CURVE('',#2345,#2265,#2740,.T.);
#2740 = CIRCLE('',#2741,0.1);
#2741 = AXIS2_PLACEMENT_3D('',#2742,#2743,#2744);
#2742 = CARTESIAN_POINT('',(0.909144431927,-2.5395,0.19898641818));
#2743 = DIRECTION('',(0.,1.,-0.));
#2744 = DIRECTION('',(-1.,0.,0.));
#2745 = ORIENTED_EDGE('',*,*,#2272,.T.);
#2746 = ORIENTED_EDGE('',*,*,#2721,.F.);
#2747 = TOROIDAL_SURFACE('',#2748,0.140869149893,0.1);
#2748 = AXIS2_PLACEMENT_3D('',#2749,#2750,#2751);
#2749 = CARTESIAN_POINT('',(1.05001358182,-2.5395,0.19898641818));
#2750 = DIRECTION('',(0.,0.,1.));
#2751 = DIRECTION('',(-1.,0.,0.));
#2752 = ADVANCED_FACE('',(#2753),#2765,.F.);
#2753 = FACE_BOUND('',#2754,.F.);
#2754 = EDGE_LOOP('',(#2755,#2756,#2763,#2764));
#2755 = ORIENTED_EDGE('',*,*,#2369,.T.);
#2756 = ORIENTED_EDGE('',*,*,#2757,.T.);
#2757 = EDGE_CURVE('',#2370,#2256,#2758,.T.);
#2758 = CIRCLE('',#2759,0.1);
#2759 = AXIS2_PLACEMENT_3D('',#2760,#2761,#2762);
#2760 = CARTESIAN_POINT('',(0.909144431927,-2.9395,0.19898641818));
#2761 = DIRECTION('',(0.,1.,-0.));
#2762 = DIRECTION('',(-1.,0.,0.));
#2763 = ORIENTED_EDGE('',*,*,#2264,.T.);
#2764 = ORIENTED_EDGE('',*,*,#2739,.F.);
#2765 = CYLINDRICAL_SURFACE('',#2766,0.1);
#2766 = AXIS2_PLACEMENT_3D('',#2767,#2768,#2769);
#2767 = CARTESIAN_POINT('',(0.909144431927,-2.5395,0.19898641818));
#2768 = DIRECTION('',(0.,-1.,0.));
#2769 = DIRECTION('',(1.,0.,0.));
#2770 = ADVANCED_FACE('',(#2771),#2783,.F.);
#2771 = FACE_BOUND('',#2772,.F.);
#2772 = EDGE_LOOP('',(#2773,#2774,#2781,#2782));
#2773 = ORIENTED_EDGE('',*,*,#2394,.T.);
#2774 = ORIENTED_EDGE('',*,*,#2775,.T.);
#2775 = EDGE_CURVE('',#2320,#2248,#2776,.T.);
#2776 = CIRCLE('',#2777,1.E-01);
#2777 = AXIS2_PLACEMENT_3D('',#2778,#2779,#2780);
#2778 = CARTESIAN_POINT('',(1.05001358182,-3.080369149893,0.19898641818)
  );
#2779 = DIRECTION('',(-1.,0.,0.));
#2780 = DIRECTION('',(0.,-1.,0.));
#2781 = ORIENTED_EDGE('',*,*,#2255,.T.);
#2782 = ORIENTED_EDGE('',*,*,#2757,.F.);
#2783 = TOROIDAL_SURFACE('',#2784,0.140869149893,0.1);
#2784 = AXIS2_PLACEMENT_3D('',#2785,#2786,#2787);
#2785 = CARTESIAN_POINT('',(1.05001358182,-2.9395,0.19898641818));
#2786 = DIRECTION('',(0.,0.,1.));
#2787 = DIRECTION('',(-1.,0.,0.));
#2788 = ADVANCED_FACE('',(#2789),#2795,.F.);
#2789 = FACE_BOUND('',#2790,.F.);
#2790 = EDGE_LOOP('',(#2791,#2792,#2793,#2794));
#2791 = ORIENTED_EDGE('',*,*,#2247,.T.);
#2792 = ORIENTED_EDGE('',*,*,#2775,.F.);
#2793 = ORIENTED_EDGE('',*,*,#2327,.T.);
#2794 = ORIENTED_EDGE('',*,*,#1282,.T.);
#2795 = CYLINDRICAL_SURFACE('',#2796,1.E-01);
#2796 = AXIS2_PLACEMENT_3D('',#2797,#2798,#2799);
#2797 = CARTESIAN_POINT('',(1.05001358182,-3.080369149893,0.19898641818)
  );
#2798 = DIRECTION('',(1.,7.885106708985E-16,-0.));
#2799 = DIRECTION('',(-7.885106708985E-16,1.,0.));
#2800 = ADVANCED_FACE('',(#2801),#2813,.F.);
#2801 = FACE_BOUND('',#2802,.F.);
#2802 = EDGE_LOOP('',(#2803,#2804,#2811,#2812));
#2803 = ORIENTED_EDGE('',*,*,#2132,.T.);
#2804 = ORIENTED_EDGE('',*,*,#2805,.T.);
#2805 = EDGE_CURVE('',#2133,#2109,#2806,.T.);
#2806 = CIRCLE('',#2807,1.E-01);
#2807 = AXIS2_PLACEMENT_3D('',#2808,#2809,#2810);
#2808 = CARTESIAN_POINT('',(1.05001358182,3.101369149893,0.19898641818)
  );
#2809 = DIRECTION('',(1.,0.,0.));
#2810 = DIRECTION('',(0.,1.,0.));
#2811 = ORIENTED_EDGE('',*,*,#2117,.T.);
#2812 = ORIENTED_EDGE('',*,*,#1349,.T.);
#2813 = CYLINDRICAL_SURFACE('',#2814,1.E-01);
#2814 = AXIS2_PLACEMENT_3D('',#2815,#2816,#2817);
#2815 = CARTESIAN_POINT('',(1.05001358182,3.101369149893,0.19898641818)
  );
#2816 = DIRECTION('',(-1.,0.,0.));
#2817 = DIRECTION('',(0.,-1.,0.));
#2818 = ADVANCED_FACE('',(#2819),#2831,.F.);
#2819 = FACE_BOUND('',#2820,.F.);
#2820 = EDGE_LOOP('',(#2821,#2822,#2829,#2830));
#2821 = ORIENTED_EDGE('',*,*,#2188,.T.);
#2822 = ORIENTED_EDGE('',*,*,#2823,.T.);
#2823 = EDGE_CURVE('',#2181,#2101,#2824,.T.);
#2824 = CIRCLE('',#2825,0.1);
#2825 = AXIS2_PLACEMENT_3D('',#2826,#2827,#2828);
#2826 = CARTESIAN_POINT('',(0.909144431927,2.9605,0.19898641818));
#2827 = DIRECTION('',(0.,1.,-0.));
#2828 = DIRECTION('',(-1.,0.,0.));
#2829 = ORIENTED_EDGE('',*,*,#2108,.T.);
#2830 = ORIENTED_EDGE('',*,*,#2805,.F.);
#2831 = TOROIDAL_SURFACE('',#2832,0.140869149893,0.1);
#2832 = AXIS2_PLACEMENT_3D('',#2833,#2834,#2835);
#2833 = CARTESIAN_POINT('',(1.05001358182,2.9605,0.19898641818));
#2834 = DIRECTION('',(0.,0.,1.));
#2835 = DIRECTION('',(-1.,0.,0.));
#2836 = ADVANCED_FACE('',(#2837),#2849,.F.);
#2837 = FACE_BOUND('',#2838,.F.);
#2838 = EDGE_LOOP('',(#2839,#2840,#2847,#2848));
#2839 = ORIENTED_EDGE('',*,*,#2205,.T.);
#2840 = ORIENTED_EDGE('',*,*,#2841,.T.);
#2841 = EDGE_CURVE('',#2206,#2092,#2842,.T.);
#2842 = CIRCLE('',#2843,0.1);
#2843 = AXIS2_PLACEMENT_3D('',#2844,#2845,#2846);
#2844 = CARTESIAN_POINT('',(0.909144431927,2.5605,0.19898641818));
#2845 = DIRECTION('',(0.,1.,-0.));
#2846 = DIRECTION('',(-1.,0.,0.));
#2847 = ORIENTED_EDGE('',*,*,#2100,.T.);
#2848 = ORIENTED_EDGE('',*,*,#2823,.F.);
#2849 = CYLINDRICAL_SURFACE('',#2850,0.1);
#2850 = AXIS2_PLACEMENT_3D('',#2851,#2852,#2853);
#2851 = CARTESIAN_POINT('',(0.909144431927,2.9605,0.19898641818));
#2852 = DIRECTION('',(2.710505431214E-16,-1.,0.));
#2853 = DIRECTION('',(1.,2.710505431214E-16,-0.));
#2854 = ADVANCED_FACE('',(#2855),#2867,.F.);
#2855 = FACE_BOUND('',#2856,.F.);
#2856 = EDGE_LOOP('',(#2857,#2858,#2865,#2866));
#2857 = ORIENTED_EDGE('',*,*,#2230,.T.);
#2858 = ORIENTED_EDGE('',*,*,#2859,.T.);
#2859 = EDGE_CURVE('',#2156,#2084,#2860,.T.);
#2860 = CIRCLE('',#2861,1.E-01);
#2861 = AXIS2_PLACEMENT_3D('',#2862,#2863,#2864);
#2862 = CARTESIAN_POINT('',(1.05001358182,2.419630850107,0.19898641818)
  );
#2863 = DIRECTION('',(-1.,0.,0.));
#2864 = DIRECTION('',(0.,-1.,0.));
#2865 = ORIENTED_EDGE('',*,*,#2091,.T.);
#2866 = ORIENTED_EDGE('',*,*,#2841,.F.);
#2867 = TOROIDAL_SURFACE('',#2868,0.140869149893,0.1);
#2868 = AXIS2_PLACEMENT_3D('',#2869,#2870,#2871);
#2869 = CARTESIAN_POINT('',(1.05001358182,2.5605,0.19898641818));
#2870 = DIRECTION('',(0.,0.,1.));
#2871 = DIRECTION('',(-1.,0.,0.));
#2872 = ADVANCED_FACE('',(#2873),#2879,.F.);
#2873 = FACE_BOUND('',#2874,.F.);
#2874 = EDGE_LOOP('',(#2875,#2876,#2877,#2878));
#2875 = ORIENTED_EDGE('',*,*,#2083,.T.);
#2876 = ORIENTED_EDGE('',*,*,#2859,.F.);
#2877 = ORIENTED_EDGE('',*,*,#2163,.T.);
#2878 = ORIENTED_EDGE('',*,*,#1332,.T.);
#2879 = CYLINDRICAL_SURFACE('',#2880,1.E-01);
#2880 = AXIS2_PLACEMENT_3D('',#2881,#2882,#2883);
#2881 = CARTESIAN_POINT('',(1.05001358182,2.419630850107,0.19898641818)
  );
#2882 = DIRECTION('',(1.,0.,0.));
#2883 = DIRECTION('',(0.,1.,0.));
#2884 = ADVANCED_FACE('',(#2885),#2897,.F.);
#2885 = FACE_BOUND('',#2886,.F.);
#2886 = EDGE_LOOP('',(#2887,#2888,#2895,#2896));
#2887 = ORIENTED_EDGE('',*,*,#1772,.T.);
#2888 = ORIENTED_EDGE('',*,*,#2889,.T.);
#2889 = EDGE_CURVE('',#1773,#1804,#2890,.T.);
#2890 = CIRCLE('',#2891,1.E-01);
#2891 = AXIS2_PLACEMENT_3D('',#2892,#2893,#2894);
#2892 = CARTESIAN_POINT('',(-1.04998641818,3.101369149893,0.19898641818)
  );
#2893 = DIRECTION('',(-1.,0.,0.));
#2894 = DIRECTION('',(0.,-1.,0.));
#2895 = ORIENTED_EDGE('',*,*,#1811,.T.);
#2896 = ORIENTED_EDGE('',*,*,#1439,.T.);
#2897 = CYLINDRICAL_SURFACE('',#2898,1.E-01);
#2898 = AXIS2_PLACEMENT_3D('',#2899,#2900,#2901);
#2899 = CARTESIAN_POINT('',(-1.04998641818,3.101369149893,0.19898641818)
  );
#2900 = DIRECTION('',(-1.,0.,0.));
#2901 = DIRECTION('',(0.,-1.,0.));
#2902 = ADVANCED_FACE('',(#2903),#2915,.F.);
#2903 = FACE_BOUND('',#2904,.F.);
#2904 = EDGE_LOOP('',(#2905,#2906,#2913,#2914));
#2905 = ORIENTED_EDGE('',*,*,#1780,.T.);
#2906 = ORIENTED_EDGE('',*,*,#2907,.T.);
#2907 = EDGE_CURVE('',#1781,#1878,#2908,.T.);
#2908 = CIRCLE('',#2909,1.E-01);
#2909 = AXIS2_PLACEMENT_3D('',#2910,#2911,#2912);
#2910 = CARTESIAN_POINT('',(-0.909117268287,2.9605,0.19898641818));
#2911 = DIRECTION('',(0.,1.,-0.));
#2912 = DIRECTION('',(-1.,0.,0.));
#2913 = ORIENTED_EDGE('',*,*,#1902,.T.);
#2914 = ORIENTED_EDGE('',*,*,#2889,.F.);
#2915 = TOROIDAL_SURFACE('',#2916,0.140869149893,0.1);
#2916 = AXIS2_PLACEMENT_3D('',#2917,#2918,#2919);
#2917 = CARTESIAN_POINT('',(-1.04998641818,2.9605,0.19898641818));
#2918 = DIRECTION('',(0.,0.,1.));
#2919 = DIRECTION('',(-1.,0.,0.));
#2920 = ADVANCED_FACE('',(#2921),#2933,.F.);
#2921 = FACE_BOUND('',#2922,.F.);
#2922 = EDGE_LOOP('',(#2923,#2924,#2931,#2932));
#2923 = ORIENTED_EDGE('',*,*,#1789,.T.);
#2924 = ORIENTED_EDGE('',*,*,#2925,.T.);
#2925 = EDGE_CURVE('',#1755,#1853,#2926,.T.);
#2926 = CIRCLE('',#2927,0.1);
#2927 = AXIS2_PLACEMENT_3D('',#2928,#2929,#2930);
#2928 = CARTESIAN_POINT('',(-0.909117268287,2.5605,0.19898641818));
#2929 = DIRECTION('',(0.,1.,-0.));
#2930 = DIRECTION('',(-1.,0.,0.));
#2931 = ORIENTED_EDGE('',*,*,#1877,.T.);
#2932 = ORIENTED_EDGE('',*,*,#2907,.F.);
#2933 = CYLINDRICAL_SURFACE('',#2934,0.1);
#2934 = AXIS2_PLACEMENT_3D('',#2935,#2936,#2937);
#2935 = CARTESIAN_POINT('',(-0.909117268287,2.9605,0.19898641818));
#2936 = DIRECTION('',(0.,1.,0.));
#2937 = DIRECTION('',(-1.,0.,0.));
#2938 = ADVANCED_FACE('',(#2939),#2951,.F.);
#2939 = FACE_BOUND('',#2940,.F.);
#2940 = EDGE_LOOP('',(#2941,#2942,#2949,#2950));
#2941 = ORIENTED_EDGE('',*,*,#1754,.T.);
#2942 = ORIENTED_EDGE('',*,*,#2943,.T.);
#2943 = EDGE_CURVE('',#1757,#1829,#2944,.T.);
#2944 = CIRCLE('',#2945,1.E-01);
#2945 = AXIS2_PLACEMENT_3D('',#2946,#2947,#2948);
#2946 = CARTESIAN_POINT('',(-1.04998641818,2.419630850107,0.19898641818)
  );
#2947 = DIRECTION('',(1.,0.,0.));
#2948 = DIRECTION('',(0.,1.,0.));
#2949 = ORIENTED_EDGE('',*,*,#1860,.T.);
#2950 = ORIENTED_EDGE('',*,*,#2925,.F.);
#2951 = TOROIDAL_SURFACE('',#2952,0.140869149893,0.1);
#2952 = AXIS2_PLACEMENT_3D('',#2953,#2954,#2955);
#2953 = CARTESIAN_POINT('',(-1.04998641818,2.5605,0.19898641818));
#2954 = DIRECTION('',(0.,0.,1.));
#2955 = DIRECTION('',(-1.,0.,0.));
#2956 = ADVANCED_FACE('',(#2957),#2963,.F.);
#2957 = FACE_BOUND('',#2958,.F.);
#2958 = EDGE_LOOP('',(#2959,#2960,#2961,#2962));
#2959 = ORIENTED_EDGE('',*,*,#1765,.T.);
#2960 = ORIENTED_EDGE('',*,*,#1456,.T.);
#2961 = ORIENTED_EDGE('',*,*,#1828,.T.);
#2962 = ORIENTED_EDGE('',*,*,#2943,.F.);
#2963 = CYLINDRICAL_SURFACE('',#2964,1.E-01);
#2964 = AXIS2_PLACEMENT_3D('',#2965,#2966,#2967);
#2965 = CARTESIAN_POINT('',(-1.04998641818,2.419630850107,0.19898641818)
  );
#2966 = DIRECTION('',(1.,-7.885106708985E-16,0.));
#2967 = DIRECTION('',(7.885106708985E-16,1.,0.));
#2968 = ADVANCED_FACE('',(#2969),#2981,.F.);
#2969 = FACE_BOUND('',#2970,.F.);
#2970 = EDGE_LOOP('',(#2971,#2972,#2979,#2980));
#2971 = ORIENTED_EDGE('',*,*,#2488,.T.);
#2972 = ORIENTED_EDGE('',*,*,#2973,.T.);
#2973 = EDGE_CURVE('',#2489,#2465,#2974,.T.);
#2974 = CIRCLE('',#2975,0.1);
#2975 = AXIS2_PLACEMENT_3D('',#2976,#2977,#2978);
#2976 = CARTESIAN_POINT('',(0.650148774913,3.4105,2.07898641818));
#2977 = DIRECTION('',(0.,1.,-0.));
#2978 = DIRECTION('',(-1.,0.,0.));
#2979 = ORIENTED_EDGE('',*,*,#2473,.T.);
#2980 = ORIENTED_EDGE('',*,*,#663,.T.);
#2981 = CYLINDRICAL_SURFACE('',#2982,0.1);
#2982 = AXIS2_PLACEMENT_3D('',#2983,#2984,#2985);
#2983 = CARTESIAN_POINT('',(0.650148774913,3.4105,2.07898641818));
#2984 = DIRECTION('',(4.336808689942E-16,1.,0.));
#2985 = DIRECTION('',(-1.,4.336808689942E-16,0.));
#2986 = ADVANCED_FACE('',(#2987),#2999,.F.);
#2987 = FACE_BOUND('',#2988,.F.);
#2988 = EDGE_LOOP('',(#2989,#2990,#2997,#2998));
#2989 = ORIENTED_EDGE('',*,*,#2544,.T.);
#2990 = ORIENTED_EDGE('',*,*,#2991,.T.);
#2991 = EDGE_CURVE('',#2537,#2457,#2992,.T.);
#2992 = CIRCLE('',#2993,1.E-01);
#2993 = AXIS2_PLACEMENT_3D('',#2994,#2995,#2996);
#2994 = CARTESIAN_POINT('',(0.30001358182,3.060364806907,2.07898641818)
  );
#2995 = DIRECTION('',(1.,0.,0.));
#2996 = DIRECTION('',(0.,1.,0.));
#2997 = ORIENTED_EDGE('',*,*,#2464,.T.);
#2998 = ORIENTED_EDGE('',*,*,#2973,.F.);
#2999 = TOROIDAL_SURFACE('',#3000,0.350135193093,0.1);
#3000 = AXIS2_PLACEMENT_3D('',#3001,#3002,#3003);
#3001 = CARTESIAN_POINT('',(0.30001358182,3.4105,2.07898641818));
#3002 = DIRECTION('',(0.,0.,1.));
#3003 = DIRECTION('',(-1.,0.,0.));
#3004 = ADVANCED_FACE('',(#3005),#3017,.F.);
#3005 = FACE_BOUND('',#3006,.F.);
#3006 = EDGE_LOOP('',(#3007,#3008,#3015,#3016));
#3007 = ORIENTED_EDGE('',*,*,#2561,.T.);
#3008 = ORIENTED_EDGE('',*,*,#3009,.T.);
#3009 = EDGE_CURVE('',#2562,#2448,#3010,.T.);
#3010 = CIRCLE('',#3011,1.E-01);
#3011 = AXIS2_PLACEMENT_3D('',#3012,#3013,#3014);
#3012 = CARTESIAN_POINT('',(-0.29998641818,3.060364806907,2.07898641818)
  );
#3013 = DIRECTION('',(1.,0.,0.));
#3014 = DIRECTION('',(0.,1.,0.));
#3015 = ORIENTED_EDGE('',*,*,#2456,.T.);
#3016 = ORIENTED_EDGE('',*,*,#2991,.F.);
#3017 = CYLINDRICAL_SURFACE('',#3018,1.E-01);
#3018 = AXIS2_PLACEMENT_3D('',#3019,#3020,#3021);
#3019 = CARTESIAN_POINT('',(-0.29998641818,3.060364806907,2.07898641818)
  );
#3020 = DIRECTION('',(1.,0.,0.));
#3021 = DIRECTION('',(0.,1.,0.));
#3022 = ADVANCED_FACE('',(#3023),#3035,.F.);
#3023 = FACE_BOUND('',#3024,.F.);
#3024 = EDGE_LOOP('',(#3025,#3026,#3033,#3034));
#3025 = ORIENTED_EDGE('',*,*,#2586,.T.);
#3026 = ORIENTED_EDGE('',*,*,#3027,.T.);
#3027 = EDGE_CURVE('',#2512,#2440,#3028,.T.);
#3028 = CIRCLE('',#3029,0.1);
#3029 = AXIS2_PLACEMENT_3D('',#3030,#3031,#3032);
#3030 = CARTESIAN_POINT('',(-0.650121611273,3.4105,2.07898641818));
#3031 = DIRECTION('',(0.,-1.,0.));
#3032 = DIRECTION('',(1.,0.,0.));
#3033 = ORIENTED_EDGE('',*,*,#2447,.T.);
#3034 = ORIENTED_EDGE('',*,*,#3009,.F.);
#3035 = TOROIDAL_SURFACE('',#3036,0.350135193093,0.1);
#3036 = AXIS2_PLACEMENT_3D('',#3037,#3038,#3039);
#3037 = CARTESIAN_POINT('',(-0.29998641818,3.4105,2.07898641818));
#3038 = DIRECTION('',(0.,0.,1.));
#3039 = DIRECTION('',(-1.,0.,0.));
#3040 = ADVANCED_FACE('',(#3041),#3047,.F.);
#3041 = FACE_BOUND('',#3042,.F.);
#3042 = EDGE_LOOP('',(#3043,#3044,#3045,#3046));
#3043 = ORIENTED_EDGE('',*,*,#2439,.T.);
#3044 = ORIENTED_EDGE('',*,*,#3027,.F.);
#3045 = ORIENTED_EDGE('',*,*,#2519,.T.);
#3046 = ORIENTED_EDGE('',*,*,#710,.T.);
#3047 = CYLINDRICAL_SURFACE('',#3048,0.1);
#3048 = AXIS2_PLACEMENT_3D('',#3049,#3050,#3051);
#3049 = CARTESIAN_POINT('',(-0.650121611273,3.4105,2.07898641818));
#3050 = DIRECTION('',(4.336808689942E-16,-1.,0.));
#3051 = DIRECTION('',(1.,4.336808689942E-16,-0.));
#3052 = ADVANCED_FACE('',(#3053),#3059,.F.);
#3053 = FACE_BOUND('',#3054,.F.);
#3054 = EDGE_LOOP('',(#3055,#3056,#3057,#3058));
#3055 = ORIENTED_EDGE('',*,*,#2604,.T.);
#3056 = ORIENTED_EDGE('',*,*,#189,.F.);
#3057 = ORIENTED_EDGE('',*,*,#2620,.T.);
#3058 = ORIENTED_EDGE('',*,*,#209,.T.);
#3059 = TOROIDAL_SURFACE('',#3060,0.408366882598,0.1);
#3060 = AXIS2_PLACEMENT_3D('',#3061,#3062,#3063);
#3061 = CARTESIAN_POINT('',(1.358182038991E-05,-2.7895,2.39898641818));
#3062 = DIRECTION('',(0.,0.,1.));
#3063 = DIRECTION('',(-1.,0.,0.));
#3064 = ADVANCED_FACE('',(#3065),#3081,.T.);
#3065 = FACE_BOUND('',#3066,.T.);
#3066 = EDGE_LOOP('',(#3067,#3068,#3074,#3075));
#3067 = ORIENTED_EDGE('',*,*,#1539,.F.);
#3068 = ORIENTED_EDGE('',*,*,#3069,.T.);
#3069 = EDGE_CURVE('',#1532,#148,#3070,.T.);
#3070 = LINE('',#3071,#3072);
#3071 = CARTESIAN_POINT('',(-1.34998641818,-3.0895,0.82898641818));
#3072 = VECTOR('',#3073,1.);
#3073 = DIRECTION('',(-1.,0.,-4.840188270025E-17));
#3074 = ORIENTED_EDGE('',*,*,#147,.T.);
#3075 = ORIENTED_EDGE('',*,*,#3076,.F.);
#3076 = EDGE_CURVE('',#1540,#150,#3077,.T.);
#3077 = LINE('',#3078,#3079);
#3078 = CARTESIAN_POINT('',(-1.34998641818,-2.3895,0.82898641818));
#3079 = VECTOR('',#3080,1.);
#3080 = DIRECTION('',(-1.,0.,-4.840188270025E-17));
#3081 = PLANE('',#3082);
#3082 = AXIS2_PLACEMENT_3D('',#3083,#3084,#3085);
#3083 = CARTESIAN_POINT('',(-1.34998641818,-3.0895,0.82898641818));
#3084 = DIRECTION('',(4.840188270025E-17,-0.,-1.));
#3085 = DIRECTION('',(1.,0.,4.840188270025E-17));
#3086 = ADVANCED_FACE('',(#3087),#3112,.F.);
#3087 = FACE_BOUND('',#3088,.T.);
#3088 = EDGE_LOOP('',(#3089,#3097,#3098,#3106));
#3089 = ORIENTED_EDGE('',*,*,#3090,.F.);
#3090 = EDGE_CURVE('',#1029,#3091,#3093,.T.);
#3091 = VERTEX_POINT('',#3092);
#3092 = CARTESIAN_POINT('',(-1.62998641818,-3.0895,1.02898641818));
#3093 = LINE('',#3094,#3095);
#3094 = CARTESIAN_POINT('',(-1.34998641818,-3.0895,1.02898641818));
#3095 = VECTOR('',#3096,1.);
#3096 = DIRECTION('',(-1.,0.,-4.840188270025E-17));
#3097 = ORIENTED_EDGE('',*,*,#1028,.T.);
#3098 = ORIENTED_EDGE('',*,*,#3099,.T.);
#3099 = EDGE_CURVE('',#1021,#3100,#3102,.T.);
#3100 = VERTEX_POINT('',#3101);
#3101 = CARTESIAN_POINT('',(-1.62998641818,-2.3895,1.02898641818));
#3102 = LINE('',#3103,#3104);
#3103 = CARTESIAN_POINT('',(-1.34998641818,-2.3895,1.02898641818));
#3104 = VECTOR('',#3105,1.);
#3105 = DIRECTION('',(-1.,0.,-4.840188270025E-17));
#3106 = ORIENTED_EDGE('',*,*,#3107,.F.);
#3107 = EDGE_CURVE('',#3091,#3100,#3108,.T.);
#3108 = LINE('',#3109,#3110);
#3109 = CARTESIAN_POINT('',(-1.62998641818,-3.0895,1.02898641818));
#3110 = VECTOR('',#3111,1.);
#3111 = DIRECTION('',(0.,1.,-0.));
#3112 = PLANE('',#3113);
#3113 = AXIS2_PLACEMENT_3D('',#3114,#3115,#3116);
#3114 = CARTESIAN_POINT('',(-1.34998641818,-3.0895,1.02898641818));
#3115 = DIRECTION('',(4.840188270025E-17,-0.,-1.));
#3116 = DIRECTION('',(1.,0.,4.840188270025E-17));
#3117 = ADVANCED_FACE('',(#3118),#3197,.T.);
#3118 = FACE_BOUND('',#3119,.T.);
#3119 = EDGE_LOOP('',(#3120,#3121,#3122,#3129,#3130,#3138,#3147,#3155,
    #3163,#3171,#3180,#3188,#3195,#3196));
#3120 = ORIENTED_EDGE('',*,*,#1531,.F.);
#3121 = ORIENTED_EDGE('',*,*,#3090,.T.);
#3122 = ORIENTED_EDGE('',*,*,#3123,.T.);
#3123 = EDGE_CURVE('',#3091,#106,#3124,.T.);
#3124 = CIRCLE('',#3125,0.22);
#3125 = AXIS2_PLACEMENT_3D('',#3126,#3127,#3128);
#3126 = CARTESIAN_POINT('',(-1.62998641818,-3.0895,0.80898641818));
#3127 = DIRECTION('',(-0.,-1.,-0.));
#3128 = DIRECTION('',(-1.,0.,0.));
#3129 = ORIENTED_EDGE('',*,*,#105,.T.);
#3130 = ORIENTED_EDGE('',*,*,#3131,.T.);
#3131 = EDGE_CURVE('',#108,#3132,#3134,.T.);
#3132 = VERTEX_POINT('',#3133);
#3133 = CARTESIAN_POINT('',(-1.829249146124,-3.0895,0.211308528905));
#3134 = LINE('',#3135,#3136);
#3135 = CARTESIAN_POINT('',(-1.849852400124,-3.0895,0.801308528905));
#3136 = VECTOR('',#3137,1.);
#3137 = DIRECTION('',(3.48994967025E-02,-0.,-0.999390827019));
#3138 = ORIENTED_EDGE('',*,*,#3139,.T.);
#3139 = EDGE_CURVE('',#3132,#3140,#3142,.T.);
#3140 = VERTEX_POINT('',#3141);
#3141 = CARTESIAN_POINT('',(-1.588297098625,-3.0895,-7.454611677752E-07)
  );
#3142 = CIRCLE('',#3143,0.22);
#3143 = AXIS2_PLACEMENT_3D('',#3144,#3145,#3146);
#3144 = CARTESIAN_POINT('',(-1.609383164179,-3.0895,0.21898641818));
#3145 = DIRECTION('',(-0.,-1.,-0.));
#3146 = DIRECTION('',(-1.,0.,0.));
#3147 = ORIENTED_EDGE('',*,*,#3148,.T.);
#3148 = EDGE_CURVE('',#3140,#3149,#3151,.T.);
#3149 = VERTEX_POINT('',#3150);
#3150 = CARTESIAN_POINT('',(-1.04998641818,-3.0895,5.183267759349E-02));
#3151 = LINE('',#3152,#3153);
#3152 = CARTESIAN_POINT('',(-1.588297098625,-3.0895,-7.454611679059E-07)
  );
#3153 = VECTOR('',#3154,1.);
#3154 = DIRECTION('',(0.995396198367,0.,9.584575252022E-02));
#3155 = ORIENTED_EDGE('',*,*,#3156,.F.);
#3156 = EDGE_CURVE('',#3157,#3149,#3159,.T.);
#3157 = VERTEX_POINT('',#3158);
#3158 = CARTESIAN_POINT('',(-1.069155568684,-3.0895,0.250911917267));
#3159 = LINE('',#3160,#3161);
#3160 = CARTESIAN_POINT('',(-1.069155568684,-3.0895,0.250911917267));
#3161 = VECTOR('',#3162,1.);
#3162 = DIRECTION('',(9.584575252022E-02,-0.,-0.995396198367));
#3163 = ORIENTED_EDGE('',*,*,#3164,.F.);
#3164 = EDGE_CURVE('',#3165,#3157,#3167,.T.);
#3165 = VERTEX_POINT('',#3166);
#3166 = CARTESIAN_POINT('',(-1.607466249129,-3.0895,0.199078494212));
#3167 = LINE('',#3168,#3169);
#3168 = CARTESIAN_POINT('',(-1.607466249129,-3.0895,0.199078494212));
#3169 = VECTOR('',#3170,1.);
#3170 = DIRECTION('',(0.995396198367,0.,9.584575252022E-02));
#3171 = ORIENTED_EDGE('',*,*,#3172,.F.);
#3172 = EDGE_CURVE('',#3173,#3165,#3175,.T.);
#3173 = VERTEX_POINT('',#3174);
#3174 = CARTESIAN_POINT('',(-1.62937098072,-3.0895,0.218288428246));
#3175 = CIRCLE('',#3176,2.E-02);
#3176 = AXIS2_PLACEMENT_3D('',#3177,#3178,#3179);
#3177 = CARTESIAN_POINT('',(-1.609383164179,-3.0895,0.21898641818));
#3178 = DIRECTION('',(0.,-1.,0.));
#3179 = DIRECTION('',(1.,0.,0.));
#3180 = ORIENTED_EDGE('',*,*,#3181,.F.);
#3181 = EDGE_CURVE('',#3182,#3173,#3184,.T.);
#3182 = VERTEX_POINT('',#3183);
#3183 = CARTESIAN_POINT('',(-1.64997423472,-3.0895,0.808288428246));
#3184 = LINE('',#3185,#3186);
#3185 = CARTESIAN_POINT('',(-1.64997423472,-3.0895,0.808288428246));
#3186 = VECTOR('',#3187,1.);
#3187 = DIRECTION('',(3.48994967025E-02,-0.,-0.999390827019));
#3188 = ORIENTED_EDGE('',*,*,#3189,.F.);
#3189 = EDGE_CURVE('',#167,#3182,#3190,.T.);
#3190 = CIRCLE('',#3191,2.E-02);
#3191 = AXIS2_PLACEMENT_3D('',#3192,#3193,#3194);
#3192 = CARTESIAN_POINT('',(-1.62998641818,-3.0895,0.80898641818));
#3193 = DIRECTION('',(0.,-1.,0.));
#3194 = DIRECTION('',(1.,0.,0.));
#3195 = ORIENTED_EDGE('',*,*,#174,.F.);
#3196 = ORIENTED_EDGE('',*,*,#3069,.F.);
#3197 = PLANE('',#3198);
#3198 = AXIS2_PLACEMENT_3D('',#3199,#3200,#3201);
#3199 = CARTESIAN_POINT('',(-1.609383164179,-3.0895,0.21898641818));
#3200 = DIRECTION('',(0.,-1.,0.));
#3201 = DIRECTION('',(1.,0.,0.));
#3202 = ADVANCED_FACE('',(#3203),#3282,.F.);
#3203 = FACE_BOUND('',#3204,.T.);
#3204 = EDGE_LOOP('',(#3205,#3206,#3207,#3208,#3209,#3218,#3226,#3235,
    #3243,#3251,#3259,#3268,#3274,#3275));
#3205 = ORIENTED_EDGE('',*,*,#3099,.F.);
#3206 = ORIENTED_EDGE('',*,*,#1547,.T.);
#3207 = ORIENTED_EDGE('',*,*,#3076,.T.);
#3208 = ORIENTED_EDGE('',*,*,#157,.T.);
#3209 = ORIENTED_EDGE('',*,*,#3210,.T.);
#3210 = EDGE_CURVE('',#158,#3211,#3213,.T.);
#3211 = VERTEX_POINT('',#3212);
#3212 = CARTESIAN_POINT('',(-1.64997423472,-2.3895,0.808288428246));
#3213 = CIRCLE('',#3214,2.E-02);
#3214 = AXIS2_PLACEMENT_3D('',#3215,#3216,#3217);
#3215 = CARTESIAN_POINT('',(-1.62998641818,-2.3895,0.80898641818));
#3216 = DIRECTION('',(0.,-1.,0.));
#3217 = DIRECTION('',(1.,0.,0.));
#3218 = ORIENTED_EDGE('',*,*,#3219,.T.);
#3219 = EDGE_CURVE('',#3211,#3220,#3222,.T.);
#3220 = VERTEX_POINT('',#3221);
#3221 = CARTESIAN_POINT('',(-1.62937098072,-2.3895,0.218288428246));
#3222 = LINE('',#3223,#3224);
#3223 = CARTESIAN_POINT('',(-1.64997423472,-2.3895,0.808288428246));
#3224 = VECTOR('',#3225,1.);
#3225 = DIRECTION('',(3.48994967025E-02,-0.,-0.999390827019));
#3226 = ORIENTED_EDGE('',*,*,#3227,.T.);
#3227 = EDGE_CURVE('',#3220,#3228,#3230,.T.);
#3228 = VERTEX_POINT('',#3229);
#3229 = CARTESIAN_POINT('',(-1.607466249129,-2.3895,0.199078494212));
#3230 = CIRCLE('',#3231,2.E-02);
#3231 = AXIS2_PLACEMENT_3D('',#3232,#3233,#3234);
#3232 = CARTESIAN_POINT('',(-1.609383164179,-2.3895,0.21898641818));
#3233 = DIRECTION('',(0.,-1.,0.));
#3234 = DIRECTION('',(1.,0.,0.));
#3235 = ORIENTED_EDGE('',*,*,#3236,.T.);
#3236 = EDGE_CURVE('',#3228,#3237,#3239,.T.);
#3237 = VERTEX_POINT('',#3238);
#3238 = CARTESIAN_POINT('',(-1.069155568684,-2.3895,0.250911917267));
#3239 = LINE('',#3240,#3241);
#3240 = CARTESIAN_POINT('',(-1.607466249129,-2.3895,0.199078494212));
#3241 = VECTOR('',#3242,1.);
#3242 = DIRECTION('',(0.995396198367,0.,9.584575252022E-02));
#3243 = ORIENTED_EDGE('',*,*,#3244,.T.);
#3244 = EDGE_CURVE('',#3237,#3245,#3247,.T.);
#3245 = VERTEX_POINT('',#3246);
#3246 = CARTESIAN_POINT('',(-1.04998641818,-2.3895,5.183267759349E-02));
#3247 = LINE('',#3248,#3249);
#3248 = CARTESIAN_POINT('',(-1.069155568684,-2.3895,0.250911917267));
#3249 = VECTOR('',#3250,1.);
#3250 = DIRECTION('',(9.584575252022E-02,-0.,-0.995396198367));
#3251 = ORIENTED_EDGE('',*,*,#3252,.F.);
#3252 = EDGE_CURVE('',#3253,#3245,#3255,.T.);
#3253 = VERTEX_POINT('',#3254);
#3254 = CARTESIAN_POINT('',(-1.588297098625,-2.3895,-7.454611679973E-07)
  );
#3255 = LINE('',#3256,#3257);
#3256 = CARTESIAN_POINT('',(-1.588297098625,-2.3895,-7.454611679059E-07)
  );
#3257 = VECTOR('',#3258,1.);
#3258 = DIRECTION('',(0.995396198367,0.,9.584575252022E-02));
#3259 = ORIENTED_EDGE('',*,*,#3260,.F.);
#3260 = EDGE_CURVE('',#3261,#3253,#3263,.T.);
#3261 = VERTEX_POINT('',#3262);
#3262 = CARTESIAN_POINT('',(-1.829249146124,-2.3895,0.211308528905));
#3263 = CIRCLE('',#3264,0.22);
#3264 = AXIS2_PLACEMENT_3D('',#3265,#3266,#3267);
#3265 = CARTESIAN_POINT('',(-1.609383164179,-2.3895,0.21898641818));
#3266 = DIRECTION('',(-0.,-1.,-0.));
#3267 = DIRECTION('',(-1.,0.,0.));
#3268 = ORIENTED_EDGE('',*,*,#3269,.F.);
#3269 = EDGE_CURVE('',#125,#3261,#3270,.T.);
#3270 = LINE('',#3271,#3272);
#3271 = CARTESIAN_POINT('',(-1.849852400124,-2.3895,0.801308528905));
#3272 = VECTOR('',#3273,1.);
#3273 = DIRECTION('',(3.48994967025E-02,-0.,-0.999390827019));
#3274 = ORIENTED_EDGE('',*,*,#124,.F.);
#3275 = ORIENTED_EDGE('',*,*,#3276,.F.);
#3276 = EDGE_CURVE('',#3100,#117,#3277,.T.);
#3277 = CIRCLE('',#3278,0.22);
#3278 = AXIS2_PLACEMENT_3D('',#3279,#3280,#3281);
#3279 = CARTESIAN_POINT('',(-1.62998641818,-2.3895,0.80898641818));
#3280 = DIRECTION('',(-0.,-1.,-0.));
#3281 = DIRECTION('',(-1.,0.,0.));
#3282 = PLANE('',#3283);
#3283 = AXIS2_PLACEMENT_3D('',#3284,#3285,#3286);
#3284 = CARTESIAN_POINT('',(-1.609383164179,-2.3895,0.21898641818));
#3285 = DIRECTION('',(0.,-1.,0.));
#3286 = DIRECTION('',(1.,0.,0.));
#3287 = ADVANCED_FACE('',(#3288),#3304,.F.);
#3288 = FACE_BOUND('',#3289,.T.);
#3289 = EDGE_LOOP('',(#3290,#3291,#3297,#3298));
#3290 = ORIENTED_EDGE('',*,*,#3252,.T.);
#3291 = ORIENTED_EDGE('',*,*,#3292,.F.);
#3292 = EDGE_CURVE('',#3149,#3245,#3293,.T.);
#3293 = LINE('',#3294,#3295);
#3294 = CARTESIAN_POINT('',(-1.04998641818,-3.0895,5.183267759349E-02));
#3295 = VECTOR('',#3296,1.);
#3296 = DIRECTION('',(0.,1.,-0.));
#3297 = ORIENTED_EDGE('',*,*,#3148,.F.);
#3298 = ORIENTED_EDGE('',*,*,#3299,.T.);
#3299 = EDGE_CURVE('',#3140,#3253,#3300,.T.);
#3300 = LINE('',#3301,#3302);
#3301 = CARTESIAN_POINT('',(-1.588297098625,-3.0895,-7.454611679059E-07)
  );
#3302 = VECTOR('',#3303,1.);
#3303 = DIRECTION('',(0.,1.,-0.));
#3304 = PLANE('',#3305);
#3305 = AXIS2_PLACEMENT_3D('',#3306,#3307,#3308);
#3306 = CARTESIAN_POINT('',(-1.588297098625,-3.0895,-7.454611679059E-07)
  );
#3307 = DIRECTION('',(-9.584575252022E-02,0.,0.995396198367));
#3308 = DIRECTION('',(-0.995396198367,0.,-9.584575252022E-02));
#3309 = ADVANCED_FACE('',(#3310),#3321,.T.);
#3310 = FACE_BOUND('',#3311,.T.);
#3311 = EDGE_LOOP('',(#3312,#3313,#3319,#3320));
#3312 = ORIENTED_EDGE('',*,*,#3244,.F.);
#3313 = ORIENTED_EDGE('',*,*,#3314,.F.);
#3314 = EDGE_CURVE('',#3157,#3237,#3315,.T.);
#3315 = LINE('',#3316,#3317);
#3316 = CARTESIAN_POINT('',(-1.069155568684,-3.0895,0.250911917267));
#3317 = VECTOR('',#3318,1.);
#3318 = DIRECTION('',(0.,1.,-0.));
#3319 = ORIENTED_EDGE('',*,*,#3156,.T.);
#3320 = ORIENTED_EDGE('',*,*,#3292,.T.);
#3321 = PLANE('',#3322);
#3322 = AXIS2_PLACEMENT_3D('',#3323,#3324,#3325);
#3323 = CARTESIAN_POINT('',(-1.069155568684,-3.0895,0.250911917267));
#3324 = DIRECTION('',(0.995396198367,0.,9.584575252022E-02));
#3325 = DIRECTION('',(-9.584575252022E-02,0.,0.995396198367));
#3326 = ADVANCED_FACE('',(#3327),#3338,.T.);
#3327 = FACE_BOUND('',#3328,.T.);
#3328 = EDGE_LOOP('',(#3329,#3330,#3336,#3337));
#3329 = ORIENTED_EDGE('',*,*,#3236,.F.);
#3330 = ORIENTED_EDGE('',*,*,#3331,.F.);
#3331 = EDGE_CURVE('',#3165,#3228,#3332,.T.);
#3332 = LINE('',#3333,#3334);
#3333 = CARTESIAN_POINT('',(-1.607466249129,-3.0895,0.199078494212));
#3334 = VECTOR('',#3335,1.);
#3335 = DIRECTION('',(0.,1.,-0.));
#3336 = ORIENTED_EDGE('',*,*,#3164,.T.);
#3337 = ORIENTED_EDGE('',*,*,#3314,.T.);
#3338 = PLANE('',#3339);
#3339 = AXIS2_PLACEMENT_3D('',#3340,#3341,#3342);
#3340 = CARTESIAN_POINT('',(-1.607466249129,-3.0895,0.199078494212));
#3341 = DIRECTION('',(-9.584575252022E-02,0.,0.995396198367));
#3342 = DIRECTION('',(-0.995396198367,0.,-9.584575252022E-02));
#3343 = ADVANCED_FACE('',(#3344),#3355,.F.);
#3344 = FACE_BOUND('',#3345,.F.);
#3345 = EDGE_LOOP('',(#3346,#3347,#3348,#3354));
#3346 = ORIENTED_EDGE('',*,*,#3331,.F.);
#3347 = ORIENTED_EDGE('',*,*,#3172,.F.);
#3348 = ORIENTED_EDGE('',*,*,#3349,.T.);
#3349 = EDGE_CURVE('',#3173,#3220,#3350,.T.);
#3350 = LINE('',#3351,#3352);
#3351 = CARTESIAN_POINT('',(-1.62937098072,-3.0895,0.218288428246));
#3352 = VECTOR('',#3353,1.);
#3353 = DIRECTION('',(0.,1.,-0.));
#3354 = ORIENTED_EDGE('',*,*,#3227,.T.);
#3355 = CYLINDRICAL_SURFACE('',#3356,2.E-02);
#3356 = AXIS2_PLACEMENT_3D('',#3357,#3358,#3359);
#3357 = CARTESIAN_POINT('',(-1.609383164179,-3.0895,0.21898641818));
#3358 = DIRECTION('',(0.,1.,-0.));
#3359 = DIRECTION('',(-1.,0.,0.));
#3360 = ADVANCED_FACE('',(#3361),#3372,.T.);
#3361 = FACE_BOUND('',#3362,.T.);
#3362 = EDGE_LOOP('',(#3363,#3364,#3370,#3371));
#3363 = ORIENTED_EDGE('',*,*,#3219,.F.);
#3364 = ORIENTED_EDGE('',*,*,#3365,.F.);
#3365 = EDGE_CURVE('',#3182,#3211,#3366,.T.);
#3366 = LINE('',#3367,#3368);
#3367 = CARTESIAN_POINT('',(-1.64997423472,-3.0895,0.808288428246));
#3368 = VECTOR('',#3369,1.);
#3369 = DIRECTION('',(0.,1.,-0.));
#3370 = ORIENTED_EDGE('',*,*,#3181,.T.);
#3371 = ORIENTED_EDGE('',*,*,#3349,.T.);
#3372 = PLANE('',#3373);
#3373 = AXIS2_PLACEMENT_3D('',#3374,#3375,#3376);
#3374 = CARTESIAN_POINT('',(-1.64997423472,-3.0895,0.808288428246));
#3375 = DIRECTION('',(0.999390827019,0.,3.48994967025E-02));
#3376 = DIRECTION('',(-3.48994967025E-02,0.,0.999390827019));
#3377 = ADVANCED_FACE('',(#3378),#3384,.F.);
#3378 = FACE_BOUND('',#3379,.F.);
#3379 = EDGE_LOOP('',(#3380,#3381,#3382,#3383));
#3380 = ORIENTED_EDGE('',*,*,#3210,.T.);
#3381 = ORIENTED_EDGE('',*,*,#3365,.F.);
#3382 = ORIENTED_EDGE('',*,*,#3189,.F.);
#3383 = ORIENTED_EDGE('',*,*,#166,.T.);
#3384 = CYLINDRICAL_SURFACE('',#3385,2.E-02);
#3385 = AXIS2_PLACEMENT_3D('',#3386,#3387,#3388);
#3386 = CARTESIAN_POINT('',(-1.62998641818,-3.0895,0.80898641818));
#3387 = DIRECTION('',(0.,1.,-0.));
#3388 = DIRECTION('',(-1.,0.,0.));
#3389 = ADVANCED_FACE('',(#3390),#3396,.T.);
#3390 = FACE_BOUND('',#3391,.T.);
#3391 = EDGE_LOOP('',(#3392,#3393,#3394,#3395));
#3392 = ORIENTED_EDGE('',*,*,#116,.F.);
#3393 = ORIENTED_EDGE('',*,*,#3123,.F.);
#3394 = ORIENTED_EDGE('',*,*,#3107,.T.);
#3395 = ORIENTED_EDGE('',*,*,#3276,.T.);
#3396 = CYLINDRICAL_SURFACE('',#3397,0.22);
#3397 = AXIS2_PLACEMENT_3D('',#3398,#3399,#3400);
#3398 = CARTESIAN_POINT('',(-1.62998641818,-3.0895,0.80898641818));
#3399 = DIRECTION('',(0.,1.,-0.));
#3400 = DIRECTION('',(-1.,0.,0.));
#3401 = ADVANCED_FACE('',(#3402),#3413,.F.);
#3402 = FACE_BOUND('',#3403,.T.);
#3403 = EDGE_LOOP('',(#3404,#3405,#3411,#3412));
#3404 = ORIENTED_EDGE('',*,*,#3269,.T.);
#3405 = ORIENTED_EDGE('',*,*,#3406,.F.);
#3406 = EDGE_CURVE('',#3132,#3261,#3407,.T.);
#3407 = LINE('',#3408,#3409);
#3408 = CARTESIAN_POINT('',(-1.829249146124,-3.0895,0.211308528905));
#3409 = VECTOR('',#3410,1.);
#3410 = DIRECTION('',(0.,1.,-0.));
#3411 = ORIENTED_EDGE('',*,*,#3131,.F.);
#3412 = ORIENTED_EDGE('',*,*,#133,.T.);
#3413 = PLANE('',#3414);
#3414 = AXIS2_PLACEMENT_3D('',#3415,#3416,#3417);
#3415 = CARTESIAN_POINT('',(-1.849852400124,-3.0895,0.801308528905));
#3416 = DIRECTION('',(0.999390827019,0.,3.48994967025E-02));
#3417 = DIRECTION('',(-3.48994967025E-02,0.,0.999390827019));
#3418 = ADVANCED_FACE('',(#3419),#3425,.T.);
#3419 = FACE_BOUND('',#3420,.T.);
#3420 = EDGE_LOOP('',(#3421,#3422,#3423,#3424));
#3421 = ORIENTED_EDGE('',*,*,#3260,.T.);
#3422 = ORIENTED_EDGE('',*,*,#3299,.F.);
#3423 = ORIENTED_EDGE('',*,*,#3139,.F.);
#3424 = ORIENTED_EDGE('',*,*,#3406,.T.);
#3425 = CYLINDRICAL_SURFACE('',#3426,0.22);
#3426 = AXIS2_PLACEMENT_3D('',#3427,#3428,#3429);
#3427 = CARTESIAN_POINT('',(-1.609383164179,-3.0895,0.21898641818));
#3428 = DIRECTION('',(0.,1.,-0.));
#3429 = DIRECTION('',(-1.,0.,0.));
#3430 = ADVANCED_FACE('',(#3431),#3456,.T.);
#3431 = FACE_BOUND('',#3432,.T.);
#3432 = EDGE_LOOP('',(#3433,#3434,#3442,#3450));
#3433 = ORIENTED_EDGE('',*,*,#914,.T.);
#3434 = ORIENTED_EDGE('',*,*,#3435,.T.);
#3435 = EDGE_CURVE('',#907,#3436,#3438,.T.);
#3436 = VERTEX_POINT('',#3437);
#3437 = CARTESIAN_POINT('',(1.63001358182,-3.0895,1.02898641818));
#3438 = LINE('',#3439,#3440);
#3439 = CARTESIAN_POINT('',(1.35001358182,-3.0895,1.02898641818));
#3440 = VECTOR('',#3441,1.);
#3441 = DIRECTION('',(1.,-0.,-4.840188270025E-17));
#3442 = ORIENTED_EDGE('',*,*,#3443,.T.);
#3443 = EDGE_CURVE('',#3436,#3444,#3446,.T.);
#3444 = VERTEX_POINT('',#3445);
#3445 = CARTESIAN_POINT('',(1.63001358182,-2.3895,1.02898641818));
#3446 = LINE('',#3447,#3448);
#3447 = CARTESIAN_POINT('',(1.63001358182,-3.0895,1.02898641818));
#3448 = VECTOR('',#3449,1.);
#3449 = DIRECTION('',(0.,1.,-0.));
#3450 = ORIENTED_EDGE('',*,*,#3451,.F.);
#3451 = EDGE_CURVE('',#915,#3444,#3452,.T.);
#3452 = LINE('',#3453,#3454);
#3453 = CARTESIAN_POINT('',(1.35001358182,-2.3895,1.02898641818));
#3454 = VECTOR('',#3455,1.);
#3455 = DIRECTION('',(1.,-0.,-4.840188270025E-17));
#3456 = PLANE('',#3457);
#3457 = AXIS2_PLACEMENT_3D('',#3458,#3459,#3460);
#3458 = CARTESIAN_POINT('',(1.35001358182,-3.0895,1.02898641818));
#3459 = DIRECTION('',(4.840188270025E-17,0.,1.));
#3460 = DIRECTION('',(-1.,0.,4.840188270025E-17));
#3461 = ADVANCED_FACE('',(#3462),#3487,.F.);
#3462 = FACE_BOUND('',#3463,.T.);
#3463 = EDGE_LOOP('',(#3464,#3472,#3473,#3481));
#3464 = ORIENTED_EDGE('',*,*,#3465,.F.);
#3465 = EDGE_CURVE('',#1244,#3466,#3468,.T.);
#3466 = VERTEX_POINT('',#3467);
#3467 = CARTESIAN_POINT('',(1.63001358182,-3.0895,0.82898641818));
#3468 = LINE('',#3469,#3470);
#3469 = CARTESIAN_POINT('',(1.35001358182,-3.0895,0.82898641818));
#3470 = VECTOR('',#3471,1.);
#3471 = DIRECTION('',(1.,-0.,-4.840188270025E-17));
#3472 = ORIENTED_EDGE('',*,*,#1243,.T.);
#3473 = ORIENTED_EDGE('',*,*,#3474,.T.);
#3474 = EDGE_CURVE('',#1236,#3475,#3477,.T.);
#3475 = VERTEX_POINT('',#3476);
#3476 = CARTESIAN_POINT('',(1.63001358182,-2.3895,0.82898641818));
#3477 = LINE('',#3478,#3479);
#3478 = CARTESIAN_POINT('',(1.35001358182,-2.3895,0.82898641818));
#3479 = VECTOR('',#3480,1.);
#3480 = DIRECTION('',(1.,-0.,-4.840188270025E-17));
#3481 = ORIENTED_EDGE('',*,*,#3482,.F.);
#3482 = EDGE_CURVE('',#3466,#3475,#3483,.T.);
#3483 = LINE('',#3484,#3485);
#3484 = CARTESIAN_POINT('',(1.63001358182,-3.0895,0.82898641818));
#3485 = VECTOR('',#3486,1.);
#3486 = DIRECTION('',(0.,1.,-0.));
#3487 = PLANE('',#3488);
#3488 = AXIS2_PLACEMENT_3D('',#3489,#3490,#3491);
#3489 = CARTESIAN_POINT('',(1.35001358182,-3.0895,0.82898641818));
#3490 = DIRECTION('',(4.840188270025E-17,0.,1.));
#3491 = DIRECTION('',(-1.,0.,4.840188270025E-17));
#3492 = ADVANCED_FACE('',(#3493),#3572,.T.);
#3493 = FACE_BOUND('',#3494,.T.);
#3494 = EDGE_LOOP('',(#3495,#3496,#3497,#3506,#3514,#3523,#3531,#3539,
    #3547,#3556,#3564,#3571));
#3495 = ORIENTED_EDGE('',*,*,#1251,.F.);
#3496 = ORIENTED_EDGE('',*,*,#3465,.T.);
#3497 = ORIENTED_EDGE('',*,*,#3498,.T.);
#3498 = EDGE_CURVE('',#3466,#3499,#3501,.T.);
#3499 = VERTEX_POINT('',#3500);
#3500 = CARTESIAN_POINT('',(1.650001398361,-3.0895,0.808288428246));
#3501 = CIRCLE('',#3502,2.E-02);
#3502 = AXIS2_PLACEMENT_3D('',#3503,#3504,#3505);
#3503 = CARTESIAN_POINT('',(1.63001358182,-3.0895,0.80898641818));
#3504 = DIRECTION('',(0.,1.,-0.));
#3505 = DIRECTION('',(-1.,0.,0.));
#3506 = ORIENTED_EDGE('',*,*,#3507,.T.);
#3507 = EDGE_CURVE('',#3499,#3508,#3510,.T.);
#3508 = VERTEX_POINT('',#3509);
#3509 = CARTESIAN_POINT('',(1.629398144361,-3.0895,0.218288428246));
#3510 = LINE('',#3511,#3512);
#3511 = CARTESIAN_POINT('',(1.650001398361,-3.0895,0.808288428246));
#3512 = VECTOR('',#3513,1.);
#3513 = DIRECTION('',(-3.48994967025E-02,0.,-0.999390827019));
#3514 = ORIENTED_EDGE('',*,*,#3515,.T.);
#3515 = EDGE_CURVE('',#3508,#3516,#3518,.T.);
#3516 = VERTEX_POINT('',#3517);
#3517 = CARTESIAN_POINT('',(1.60749341277,-3.0895,0.199078494212));
#3518 = CIRCLE('',#3519,2.E-02);
#3519 = AXIS2_PLACEMENT_3D('',#3520,#3521,#3522);
#3520 = CARTESIAN_POINT('',(1.60941032782,-3.0895,0.21898641818));
#3521 = DIRECTION('',(0.,1.,-0.));
#3522 = DIRECTION('',(-1.,0.,0.));
#3523 = ORIENTED_EDGE('',*,*,#3524,.T.);
#3524 = EDGE_CURVE('',#3516,#3525,#3527,.T.);
#3525 = VERTEX_POINT('',#3526);
#3526 = CARTESIAN_POINT('',(1.069182732324,-3.0895,0.250911917267));
#3527 = LINE('',#3528,#3529);
#3528 = CARTESIAN_POINT('',(1.60749341277,-3.0895,0.199078494212));
#3529 = VECTOR('',#3530,1.);
#3530 = DIRECTION('',(-0.995396198367,0.,9.584575252022E-02));
#3531 = ORIENTED_EDGE('',*,*,#3532,.T.);
#3532 = EDGE_CURVE('',#3525,#3533,#3535,.T.);
#3533 = VERTEX_POINT('',#3534);
#3534 = CARTESIAN_POINT('',(1.05001358182,-3.0895,5.183267759349E-02));
#3535 = LINE('',#3536,#3537);
#3536 = CARTESIAN_POINT('',(1.069182732324,-3.0895,0.250911917267));
#3537 = VECTOR('',#3538,1.);
#3538 = DIRECTION('',(-9.584575252022E-02,0.,-0.995396198367));
#3539 = ORIENTED_EDGE('',*,*,#3540,.F.);
#3540 = EDGE_CURVE('',#3541,#3533,#3543,.T.);
#3541 = VERTEX_POINT('',#3542);
#3542 = CARTESIAN_POINT('',(1.588324262266,-3.0895,-7.454611684806E-07)
  );
#3543 = LINE('',#3544,#3545);
#3544 = CARTESIAN_POINT('',(1.588324262266,-3.0895,-7.454611679059E-07)
  );
#3545 = VECTOR('',#3546,1.);
#3546 = DIRECTION('',(-0.995396198367,0.,9.584575252022E-02));
#3547 = ORIENTED_EDGE('',*,*,#3548,.F.);
#3548 = EDGE_CURVE('',#3549,#3541,#3551,.T.);
#3549 = VERTEX_POINT('',#3550);
#3550 = CARTESIAN_POINT('',(1.829276309764,-3.0895,0.211308528905));
#3551 = CIRCLE('',#3552,0.22);
#3552 = AXIS2_PLACEMENT_3D('',#3553,#3554,#3555);
#3553 = CARTESIAN_POINT('',(1.60941032782,-3.0895,0.21898641818));
#3554 = DIRECTION('',(-0.,1.,0.));
#3555 = DIRECTION('',(1.,0.,0.));
#3556 = ORIENTED_EDGE('',*,*,#3557,.F.);
#3557 = EDGE_CURVE('',#3558,#3549,#3560,.T.);
#3558 = VERTEX_POINT('',#3559);
#3559 = CARTESIAN_POINT('',(1.849879563765,-3.0895,0.801308528905));
#3560 = LINE('',#3561,#3562);
#3561 = CARTESIAN_POINT('',(1.849879563765,-3.0895,0.801308528905));
#3562 = VECTOR('',#3563,1.);
#3563 = DIRECTION('',(-3.48994967025E-02,0.,-0.999390827019));
#3564 = ORIENTED_EDGE('',*,*,#3565,.F.);
#3565 = EDGE_CURVE('',#3436,#3558,#3566,.T.);
#3566 = CIRCLE('',#3567,0.22);
#3567 = AXIS2_PLACEMENT_3D('',#3568,#3569,#3570);
#3568 = CARTESIAN_POINT('',(1.63001358182,-3.0895,0.80898641818));
#3569 = DIRECTION('',(-0.,1.,0.));
#3570 = DIRECTION('',(1.,0.,0.));
#3571 = ORIENTED_EDGE('',*,*,#3435,.F.);
#3572 = PLANE('',#3573);
#3573 = AXIS2_PLACEMENT_3D('',#3574,#3575,#3576);
#3574 = CARTESIAN_POINT('',(1.60941032782,-3.0895,0.21898641818));
#3575 = DIRECTION('',(0.,-1.,0.));
#3576 = DIRECTION('',(-1.,0.,0.));
#3577 = ADVANCED_FACE('',(#3578),#3657,.F.);
#3578 = FACE_BOUND('',#3579,.T.);
#3579 = EDGE_LOOP('',(#3580,#3581,#3582,#3583,#3592,#3600,#3609,#3617,
    #3625,#3633,#3642,#3650));
#3580 = ORIENTED_EDGE('',*,*,#3474,.F.);
#3581 = ORIENTED_EDGE('',*,*,#1235,.T.);
#3582 = ORIENTED_EDGE('',*,*,#3451,.T.);
#3583 = ORIENTED_EDGE('',*,*,#3584,.T.);
#3584 = EDGE_CURVE('',#3444,#3585,#3587,.T.);
#3585 = VERTEX_POINT('',#3586);
#3586 = CARTESIAN_POINT('',(1.849879563765,-2.3895,0.801308528905));
#3587 = CIRCLE('',#3588,0.22);
#3588 = AXIS2_PLACEMENT_3D('',#3589,#3590,#3591);
#3589 = CARTESIAN_POINT('',(1.63001358182,-2.3895,0.80898641818));
#3590 = DIRECTION('',(-0.,1.,0.));
#3591 = DIRECTION('',(1.,0.,0.));
#3592 = ORIENTED_EDGE('',*,*,#3593,.T.);
#3593 = EDGE_CURVE('',#3585,#3594,#3596,.T.);
#3594 = VERTEX_POINT('',#3595);
#3595 = CARTESIAN_POINT('',(1.829276309764,-2.3895,0.211308528905));
#3596 = LINE('',#3597,#3598);
#3597 = CARTESIAN_POINT('',(1.849879563765,-2.3895,0.801308528905));
#3598 = VECTOR('',#3599,1.);
#3599 = DIRECTION('',(-3.48994967025E-02,0.,-0.999390827019));
#3600 = ORIENTED_EDGE('',*,*,#3601,.T.);
#3601 = EDGE_CURVE('',#3594,#3602,#3604,.T.);
#3602 = VERTEX_POINT('',#3603);
#3603 = CARTESIAN_POINT('',(1.588324262266,-2.3895,-7.454611684806E-07)
  );
#3604 = CIRCLE('',#3605,0.22);
#3605 = AXIS2_PLACEMENT_3D('',#3606,#3607,#3608);
#3606 = CARTESIAN_POINT('',(1.60941032782,-2.3895,0.21898641818));
#3607 = DIRECTION('',(-0.,1.,0.));
#3608 = DIRECTION('',(1.,0.,0.));
#3609 = ORIENTED_EDGE('',*,*,#3610,.T.);
#3610 = EDGE_CURVE('',#3602,#3611,#3613,.T.);
#3611 = VERTEX_POINT('',#3612);
#3612 = CARTESIAN_POINT('',(1.05001358182,-2.3895,5.183267759349E-02));
#3613 = LINE('',#3614,#3615);
#3614 = CARTESIAN_POINT('',(1.588324262266,-2.3895,-7.454611679059E-07)
  );
#3615 = VECTOR('',#3616,1.);
#3616 = DIRECTION('',(-0.995396198367,0.,9.584575252022E-02));
#3617 = ORIENTED_EDGE('',*,*,#3618,.F.);
#3618 = EDGE_CURVE('',#3619,#3611,#3621,.T.);
#3619 = VERTEX_POINT('',#3620);
#3620 = CARTESIAN_POINT('',(1.069182732324,-2.3895,0.250911917267));
#3621 = LINE('',#3622,#3623);
#3622 = CARTESIAN_POINT('',(1.069182732324,-2.3895,0.250911917267));
#3623 = VECTOR('',#3624,1.);
#3624 = DIRECTION('',(-9.584575252022E-02,0.,-0.995396198367));
#3625 = ORIENTED_EDGE('',*,*,#3626,.F.);
#3626 = EDGE_CURVE('',#3627,#3619,#3629,.T.);
#3627 = VERTEX_POINT('',#3628);
#3628 = CARTESIAN_POINT('',(1.60749341277,-2.3895,0.199078494212));
#3629 = LINE('',#3630,#3631);
#3630 = CARTESIAN_POINT('',(1.60749341277,-2.3895,0.199078494212));
#3631 = VECTOR('',#3632,1.);
#3632 = DIRECTION('',(-0.995396198367,0.,9.584575252022E-02));
#3633 = ORIENTED_EDGE('',*,*,#3634,.F.);
#3634 = EDGE_CURVE('',#3635,#3627,#3637,.T.);
#3635 = VERTEX_POINT('',#3636);
#3636 = CARTESIAN_POINT('',(1.629398144361,-2.3895,0.218288428246));
#3637 = CIRCLE('',#3638,2.E-02);
#3638 = AXIS2_PLACEMENT_3D('',#3639,#3640,#3641);
#3639 = CARTESIAN_POINT('',(1.60941032782,-2.3895,0.21898641818));
#3640 = DIRECTION('',(0.,1.,-0.));
#3641 = DIRECTION('',(-1.,0.,0.));
#3642 = ORIENTED_EDGE('',*,*,#3643,.F.);
#3643 = EDGE_CURVE('',#3644,#3635,#3646,.T.);
#3644 = VERTEX_POINT('',#3645);
#3645 = CARTESIAN_POINT('',(1.650001398361,-2.3895,0.808288428246));
#3646 = LINE('',#3647,#3648);
#3647 = CARTESIAN_POINT('',(1.650001398361,-2.3895,0.808288428246));
#3648 = VECTOR('',#3649,1.);
#3649 = DIRECTION('',(-3.48994967025E-02,0.,-0.999390827019));
#3650 = ORIENTED_EDGE('',*,*,#3651,.F.);
#3651 = EDGE_CURVE('',#3475,#3644,#3652,.T.);
#3652 = CIRCLE('',#3653,2.E-02);
#3653 = AXIS2_PLACEMENT_3D('',#3654,#3655,#3656);
#3654 = CARTESIAN_POINT('',(1.63001358182,-2.3895,0.80898641818));
#3655 = DIRECTION('',(0.,1.,-0.));
#3656 = DIRECTION('',(-1.,0.,0.));
#3657 = PLANE('',#3658);
#3658 = AXIS2_PLACEMENT_3D('',#3659,#3660,#3661);
#3659 = CARTESIAN_POINT('',(1.60941032782,-2.3895,0.21898641818));
#3660 = DIRECTION('',(0.,-1.,0.));
#3661 = DIRECTION('',(-1.,0.,0.));
#3662 = ADVANCED_FACE('',(#3663),#3679,.T.);
#3663 = FACE_BOUND('',#3664,.T.);
#3664 = EDGE_LOOP('',(#3665,#3666,#3672,#3673));
#3665 = ORIENTED_EDGE('',*,*,#3610,.F.);
#3666 = ORIENTED_EDGE('',*,*,#3667,.F.);
#3667 = EDGE_CURVE('',#3541,#3602,#3668,.T.);
#3668 = LINE('',#3669,#3670);
#3669 = CARTESIAN_POINT('',(1.588324262266,-3.0895,-7.454611679059E-07)
  );
#3670 = VECTOR('',#3671,1.);
#3671 = DIRECTION('',(0.,1.,-0.));
#3672 = ORIENTED_EDGE('',*,*,#3540,.T.);
#3673 = ORIENTED_EDGE('',*,*,#3674,.T.);
#3674 = EDGE_CURVE('',#3533,#3611,#3675,.T.);
#3675 = LINE('',#3676,#3677);
#3676 = CARTESIAN_POINT('',(1.05001358182,-3.0895,5.183267759349E-02));
#3677 = VECTOR('',#3678,1.);
#3678 = DIRECTION('',(0.,1.,-0.));
#3679 = PLANE('',#3680);
#3680 = AXIS2_PLACEMENT_3D('',#3681,#3682,#3683);
#3681 = CARTESIAN_POINT('',(1.588324262266,-3.0895,-7.454611679059E-07)
  );
#3682 = DIRECTION('',(-9.584575252022E-02,0.,-0.995396198367));
#3683 = DIRECTION('',(0.995396198367,-0.,-9.584575252022E-02));
#3684 = ADVANCED_FACE('',(#3685),#3696,.T.);
#3685 = FACE_BOUND('',#3686,.T.);
#3686 = EDGE_LOOP('',(#3687,#3688,#3694,#3695));
#3687 = ORIENTED_EDGE('',*,*,#3601,.F.);
#3688 = ORIENTED_EDGE('',*,*,#3689,.F.);
#3689 = EDGE_CURVE('',#3549,#3594,#3690,.T.);
#3690 = LINE('',#3691,#3692);
#3691 = CARTESIAN_POINT('',(1.829276309764,-3.0895,0.211308528905));
#3692 = VECTOR('',#3693,1.);
#3693 = DIRECTION('',(0.,1.,-0.));
#3694 = ORIENTED_EDGE('',*,*,#3548,.T.);
#3695 = ORIENTED_EDGE('',*,*,#3667,.T.);
#3696 = CYLINDRICAL_SURFACE('',#3697,0.22);
#3697 = AXIS2_PLACEMENT_3D('',#3698,#3699,#3700);
#3698 = CARTESIAN_POINT('',(1.60941032782,-3.0895,0.21898641818));
#3699 = DIRECTION('',(0.,1.,-0.));
#3700 = DIRECTION('',(-1.,0.,0.));
#3701 = ADVANCED_FACE('',(#3702),#3713,.T.);
#3702 = FACE_BOUND('',#3703,.T.);
#3703 = EDGE_LOOP('',(#3704,#3705,#3711,#3712));
#3704 = ORIENTED_EDGE('',*,*,#3593,.F.);
#3705 = ORIENTED_EDGE('',*,*,#3706,.F.);
#3706 = EDGE_CURVE('',#3558,#3585,#3707,.T.);
#3707 = LINE('',#3708,#3709);
#3708 = CARTESIAN_POINT('',(1.849879563765,-3.0895,0.801308528905));
#3709 = VECTOR('',#3710,1.);
#3710 = DIRECTION('',(0.,1.,-0.));
#3711 = ORIENTED_EDGE('',*,*,#3557,.T.);
#3712 = ORIENTED_EDGE('',*,*,#3689,.T.);
#3713 = PLANE('',#3714);
#3714 = AXIS2_PLACEMENT_3D('',#3715,#3716,#3717);
#3715 = CARTESIAN_POINT('',(1.849879563765,-3.0895,0.801308528905));
#3716 = DIRECTION('',(0.999390827019,-0.,-3.48994967025E-02));
#3717 = DIRECTION('',(3.48994967025E-02,0.,0.999390827019));
#3718 = ADVANCED_FACE('',(#3719),#3725,.T.);
#3719 = FACE_BOUND('',#3720,.T.);
#3720 = EDGE_LOOP('',(#3721,#3722,#3723,#3724));
#3721 = ORIENTED_EDGE('',*,*,#3584,.F.);
#3722 = ORIENTED_EDGE('',*,*,#3443,.F.);
#3723 = ORIENTED_EDGE('',*,*,#3565,.T.);
#3724 = ORIENTED_EDGE('',*,*,#3706,.T.);
#3725 = CYLINDRICAL_SURFACE('',#3726,0.22);
#3726 = AXIS2_PLACEMENT_3D('',#3727,#3728,#3729);
#3727 = CARTESIAN_POINT('',(1.63001358182,-3.0895,0.80898641818));
#3728 = DIRECTION('',(0.,1.,-0.));
#3729 = DIRECTION('',(-1.,0.,0.));
#3730 = ADVANCED_FACE('',(#3731),#3742,.F.);
#3731 = FACE_BOUND('',#3732,.F.);
#3732 = EDGE_LOOP('',(#3733,#3734,#3735,#3741));
#3733 = ORIENTED_EDGE('',*,*,#3482,.F.);
#3734 = ORIENTED_EDGE('',*,*,#3498,.T.);
#3735 = ORIENTED_EDGE('',*,*,#3736,.T.);
#3736 = EDGE_CURVE('',#3499,#3644,#3737,.T.);
#3737 = LINE('',#3738,#3739);
#3738 = CARTESIAN_POINT('',(1.650001398361,-3.0895,0.808288428246));
#3739 = VECTOR('',#3740,1.);
#3740 = DIRECTION('',(0.,1.,-0.));
#3741 = ORIENTED_EDGE('',*,*,#3651,.F.);
#3742 = CYLINDRICAL_SURFACE('',#3743,2.E-02);
#3743 = AXIS2_PLACEMENT_3D('',#3744,#3745,#3746);
#3744 = CARTESIAN_POINT('',(1.63001358182,-3.0895,0.80898641818));
#3745 = DIRECTION('',(0.,1.,-0.));
#3746 = DIRECTION('',(-1.,0.,0.));
#3747 = ADVANCED_FACE('',(#3748),#3759,.F.);
#3748 = FACE_BOUND('',#3749,.T.);
#3749 = EDGE_LOOP('',(#3750,#3751,#3757,#3758));
#3750 = ORIENTED_EDGE('',*,*,#3643,.T.);
#3751 = ORIENTED_EDGE('',*,*,#3752,.F.);
#3752 = EDGE_CURVE('',#3508,#3635,#3753,.T.);
#3753 = LINE('',#3754,#3755);
#3754 = CARTESIAN_POINT('',(1.629398144361,-3.0895,0.218288428246));
#3755 = VECTOR('',#3756,1.);
#3756 = DIRECTION('',(0.,1.,-0.));
#3757 = ORIENTED_EDGE('',*,*,#3507,.F.);
#3758 = ORIENTED_EDGE('',*,*,#3736,.T.);
#3759 = PLANE('',#3760);
#3760 = AXIS2_PLACEMENT_3D('',#3761,#3762,#3763);
#3761 = CARTESIAN_POINT('',(1.650001398361,-3.0895,0.808288428246));
#3762 = DIRECTION('',(0.999390827019,-0.,-3.48994967025E-02));
#3763 = DIRECTION('',(3.48994967025E-02,0.,0.999390827019));
#3764 = ADVANCED_FACE('',(#3765),#3776,.F.);
#3765 = FACE_BOUND('',#3766,.F.);
#3766 = EDGE_LOOP('',(#3767,#3768,#3769,#3775));
#3767 = ORIENTED_EDGE('',*,*,#3752,.F.);
#3768 = ORIENTED_EDGE('',*,*,#3515,.T.);
#3769 = ORIENTED_EDGE('',*,*,#3770,.T.);
#3770 = EDGE_CURVE('',#3516,#3627,#3771,.T.);
#3771 = LINE('',#3772,#3773);
#3772 = CARTESIAN_POINT('',(1.60749341277,-3.0895,0.199078494212));
#3773 = VECTOR('',#3774,1.);
#3774 = DIRECTION('',(0.,1.,-0.));
#3775 = ORIENTED_EDGE('',*,*,#3634,.F.);
#3776 = CYLINDRICAL_SURFACE('',#3777,2.E-02);
#3777 = AXIS2_PLACEMENT_3D('',#3778,#3779,#3780);
#3778 = CARTESIAN_POINT('',(1.60941032782,-3.0895,0.21898641818));
#3779 = DIRECTION('',(0.,1.,-0.));
#3780 = DIRECTION('',(-1.,0.,0.));
#3781 = ADVANCED_FACE('',(#3782),#3793,.F.);
#3782 = FACE_BOUND('',#3783,.T.);
#3783 = EDGE_LOOP('',(#3784,#3785,#3791,#3792));
#3784 = ORIENTED_EDGE('',*,*,#3626,.T.);
#3785 = ORIENTED_EDGE('',*,*,#3786,.F.);
#3786 = EDGE_CURVE('',#3525,#3619,#3787,.T.);
#3787 = LINE('',#3788,#3789);
#3788 = CARTESIAN_POINT('',(1.069182732324,-3.0895,0.250911917267));
#3789 = VECTOR('',#3790,1.);
#3790 = DIRECTION('',(0.,1.,-0.));
#3791 = ORIENTED_EDGE('',*,*,#3524,.F.);
#3792 = ORIENTED_EDGE('',*,*,#3770,.T.);
#3793 = PLANE('',#3794);
#3794 = AXIS2_PLACEMENT_3D('',#3795,#3796,#3797);
#3795 = CARTESIAN_POINT('',(1.60749341277,-3.0895,0.199078494212));
#3796 = DIRECTION('',(-9.584575252022E-02,0.,-0.995396198367));
#3797 = DIRECTION('',(0.995396198367,-0.,-9.584575252022E-02));
#3798 = ADVANCED_FACE('',(#3799),#3805,.F.);
#3799 = FACE_BOUND('',#3800,.T.);
#3800 = EDGE_LOOP('',(#3801,#3802,#3803,#3804));
#3801 = ORIENTED_EDGE('',*,*,#3618,.T.);
#3802 = ORIENTED_EDGE('',*,*,#3674,.F.);
#3803 = ORIENTED_EDGE('',*,*,#3532,.F.);
#3804 = ORIENTED_EDGE('',*,*,#3786,.T.);
#3805 = PLANE('',#3806);
#3806 = AXIS2_PLACEMENT_3D('',#3807,#3808,#3809);
#3807 = CARTESIAN_POINT('',(1.069182732324,-3.0895,0.250911917267));
#3808 = DIRECTION('',(0.995396198367,-0.,-9.584575252022E-02));
#3809 = DIRECTION('',(9.584575252022E-02,0.,0.995396198367));
#3810 = ADVANCED_FACE('',(#3811),#3827,.T.);
#3811 = FACE_BOUND('',#3812,.T.);
#3812 = EDGE_LOOP('',(#3813,#3814,#3820,#3821));
#3813 = ORIENTED_EDGE('',*,*,#1220,.F.);
#3814 = ORIENTED_EDGE('',*,*,#3815,.T.);
#3815 = EDGE_CURVE('',#1213,#64,#3816,.T.);
#3816 = LINE('',#3817,#3818);
#3817 = CARTESIAN_POINT('',(1.35001358182,3.1105,0.82898641818));
#3818 = VECTOR('',#3819,1.);
#3819 = DIRECTION('',(1.,-0.,-4.840188270025E-17));
#3820 = ORIENTED_EDGE('',*,*,#63,.T.);
#3821 = ORIENTED_EDGE('',*,*,#3822,.F.);
#3822 = EDGE_CURVE('',#1221,#66,#3823,.T.);
#3823 = LINE('',#3824,#3825);
#3824 = CARTESIAN_POINT('',(1.35001358182,2.4105,0.82898641818));
#3825 = VECTOR('',#3826,1.);
#3826 = DIRECTION('',(1.,-0.,-4.840188270025E-17));
#3827 = PLANE('',#3828);
#3828 = AXIS2_PLACEMENT_3D('',#3829,#3830,#3831);
#3829 = CARTESIAN_POINT('',(1.35001358182,3.1105,0.82898641818));
#3830 = DIRECTION('',(-4.840188270025E-17,0.,-1.));
#3831 = DIRECTION('',(1.,-0.,-4.840188270025E-17));
#3832 = ADVANCED_FACE('',(#3833),#3858,.F.);
#3833 = FACE_BOUND('',#3834,.T.);
#3834 = EDGE_LOOP('',(#3835,#3843,#3844,#3852));
#3835 = ORIENTED_EDGE('',*,*,#3836,.F.);
#3836 = EDGE_CURVE('',#931,#3837,#3839,.T.);
#3837 = VERTEX_POINT('',#3838);
#3838 = CARTESIAN_POINT('',(1.63001358182,3.1105,1.02898641818));
#3839 = LINE('',#3840,#3841);
#3840 = CARTESIAN_POINT('',(1.35001358182,3.1105,1.02898641818));
#3841 = VECTOR('',#3842,1.);
#3842 = DIRECTION('',(1.,-0.,-4.840188270025E-17));
#3843 = ORIENTED_EDGE('',*,*,#930,.T.);
#3844 = ORIENTED_EDGE('',*,*,#3845,.T.);
#3845 = EDGE_CURVE('',#923,#3846,#3848,.T.);
#3846 = VERTEX_POINT('',#3847);
#3847 = CARTESIAN_POINT('',(1.63001358182,2.4105,1.02898641818));
#3848 = LINE('',#3849,#3850);
#3849 = CARTESIAN_POINT('',(1.35001358182,2.4105,1.02898641818));
#3850 = VECTOR('',#3851,1.);
#3851 = DIRECTION('',(1.,-0.,-4.840188270025E-17));
#3852 = ORIENTED_EDGE('',*,*,#3853,.F.);
#3853 = EDGE_CURVE('',#3837,#3846,#3854,.T.);
#3854 = LINE('',#3855,#3856);
#3855 = CARTESIAN_POINT('',(1.63001358182,3.1105,1.02898641818));
#3856 = VECTOR('',#3857,1.);
#3857 = DIRECTION('',(0.,-1.,0.));
#3858 = PLANE('',#3859);
#3859 = AXIS2_PLACEMENT_3D('',#3860,#3861,#3862);
#3860 = CARTESIAN_POINT('',(1.35001358182,3.1105,1.02898641818));
#3861 = DIRECTION('',(-4.840188270025E-17,0.,-1.));
#3862 = DIRECTION('',(1.,-0.,-4.840188270025E-17));
#3863 = ADVANCED_FACE('',(#3864),#3943,.T.);
#3864 = FACE_BOUND('',#3865,.T.);
#3865 = EDGE_LOOP('',(#3866,#3867,#3868,#3875,#3876,#3884,#3893,#3901,
    #3909,#3917,#3926,#3934,#3941,#3942));
#3866 = ORIENTED_EDGE('',*,*,#1212,.F.);
#3867 = ORIENTED_EDGE('',*,*,#3836,.T.);
#3868 = ORIENTED_EDGE('',*,*,#3869,.T.);
#3869 = EDGE_CURVE('',#3837,#22,#3870,.T.);
#3870 = CIRCLE('',#3871,0.22);
#3871 = AXIS2_PLACEMENT_3D('',#3872,#3873,#3874);
#3872 = CARTESIAN_POINT('',(1.63001358182,3.1105,0.80898641818));
#3873 = DIRECTION('',(-0.,1.,0.));
#3874 = DIRECTION('',(1.,0.,0.));
#3875 = ORIENTED_EDGE('',*,*,#21,.T.);
#3876 = ORIENTED_EDGE('',*,*,#3877,.T.);
#3877 = EDGE_CURVE('',#24,#3878,#3880,.T.);
#3878 = VERTEX_POINT('',#3879);
#3879 = CARTESIAN_POINT('',(1.829276309764,3.1105,0.211308528905));
#3880 = LINE('',#3881,#3882);
#3881 = CARTESIAN_POINT('',(1.849879563765,3.1105,0.801308528905));
#3882 = VECTOR('',#3883,1.);
#3883 = DIRECTION('',(-3.48994967025E-02,0.,-0.999390827019));
#3884 = ORIENTED_EDGE('',*,*,#3885,.T.);
#3885 = EDGE_CURVE('',#3878,#3886,#3888,.T.);
#3886 = VERTEX_POINT('',#3887);
#3887 = CARTESIAN_POINT('',(1.588324262266,3.1105,-7.454611680365E-07));
#3888 = CIRCLE('',#3889,0.22);
#3889 = AXIS2_PLACEMENT_3D('',#3890,#3891,#3892);
#3890 = CARTESIAN_POINT('',(1.60941032782,3.1105,0.21898641818));
#3891 = DIRECTION('',(-0.,1.,0.));
#3892 = DIRECTION('',(1.,0.,0.));
#3893 = ORIENTED_EDGE('',*,*,#3894,.T.);
#3894 = EDGE_CURVE('',#3886,#3895,#3897,.T.);
#3895 = VERTEX_POINT('',#3896);
#3896 = CARTESIAN_POINT('',(1.05001358182,3.1105,5.183267759349E-02));
#3897 = LINE('',#3898,#3899);
#3898 = CARTESIAN_POINT('',(1.588324262266,3.1105,-7.454611679059E-07));
#3899 = VECTOR('',#3900,1.);
#3900 = DIRECTION('',(-0.995396198367,0.,9.584575252022E-02));
#3901 = ORIENTED_EDGE('',*,*,#3902,.F.);
#3902 = EDGE_CURVE('',#3903,#3895,#3905,.T.);
#3903 = VERTEX_POINT('',#3904);
#3904 = CARTESIAN_POINT('',(1.069182732324,3.1105,0.250911917267));
#3905 = LINE('',#3906,#3907);
#3906 = CARTESIAN_POINT('',(1.069182732324,3.1105,0.250911917267));
#3907 = VECTOR('',#3908,1.);
#3908 = DIRECTION('',(-9.584575252022E-02,0.,-0.995396198367));
#3909 = ORIENTED_EDGE('',*,*,#3910,.F.);
#3910 = EDGE_CURVE('',#3911,#3903,#3913,.T.);
#3911 = VERTEX_POINT('',#3912);
#3912 = CARTESIAN_POINT('',(1.60749341277,3.1105,0.199078494212));
#3913 = LINE('',#3914,#3915);
#3914 = CARTESIAN_POINT('',(1.60749341277,3.1105,0.199078494212));
#3915 = VECTOR('',#3916,1.);
#3916 = DIRECTION('',(-0.995396198367,0.,9.584575252022E-02));
#3917 = ORIENTED_EDGE('',*,*,#3918,.F.);
#3918 = EDGE_CURVE('',#3919,#3911,#3921,.T.);
#3919 = VERTEX_POINT('',#3920);
#3920 = CARTESIAN_POINT('',(1.629398144361,3.1105,0.218288428246));
#3921 = CIRCLE('',#3922,2.E-02);
#3922 = AXIS2_PLACEMENT_3D('',#3923,#3924,#3925);
#3923 = CARTESIAN_POINT('',(1.60941032782,3.1105,0.21898641818));
#3924 = DIRECTION('',(0.,1.,-0.));
#3925 = DIRECTION('',(-1.,0.,0.));
#3926 = ORIENTED_EDGE('',*,*,#3927,.F.);
#3927 = EDGE_CURVE('',#3928,#3919,#3930,.T.);
#3928 = VERTEX_POINT('',#3929);
#3929 = CARTESIAN_POINT('',(1.650001398361,3.1105,0.808288428246));
#3930 = LINE('',#3931,#3932);
#3931 = CARTESIAN_POINT('',(1.650001398361,3.1105,0.808288428246));
#3932 = VECTOR('',#3933,1.);
#3933 = DIRECTION('',(-3.48994967025E-02,0.,-0.999390827019));
#3934 = ORIENTED_EDGE('',*,*,#3935,.F.);
#3935 = EDGE_CURVE('',#83,#3928,#3936,.T.);
#3936 = CIRCLE('',#3937,2.E-02);
#3937 = AXIS2_PLACEMENT_3D('',#3938,#3939,#3940);
#3938 = CARTESIAN_POINT('',(1.63001358182,3.1105,0.80898641818));
#3939 = DIRECTION('',(0.,1.,-0.));
#3940 = DIRECTION('',(-1.,0.,0.));
#3941 = ORIENTED_EDGE('',*,*,#90,.F.);
#3942 = ORIENTED_EDGE('',*,*,#3815,.F.);
#3943 = PLANE('',#3944);
#3944 = AXIS2_PLACEMENT_3D('',#3945,#3946,#3947);
#3945 = CARTESIAN_POINT('',(1.60941032782,3.1105,0.21898641818));
#3946 = DIRECTION('',(0.,1.,0.));
#3947 = DIRECTION('',(-1.,0.,0.));
#3948 = ADVANCED_FACE('',(#3949),#4028,.F.);
#3949 = FACE_BOUND('',#3950,.T.);
#3950 = EDGE_LOOP('',(#3951,#3952,#3953,#3954,#3955,#3964,#3972,#3981,
    #3989,#3997,#4005,#4014,#4020,#4021));
#3951 = ORIENTED_EDGE('',*,*,#3845,.F.);
#3952 = ORIENTED_EDGE('',*,*,#1228,.T.);
#3953 = ORIENTED_EDGE('',*,*,#3822,.T.);
#3954 = ORIENTED_EDGE('',*,*,#73,.T.);
#3955 = ORIENTED_EDGE('',*,*,#3956,.T.);
#3956 = EDGE_CURVE('',#74,#3957,#3959,.T.);
#3957 = VERTEX_POINT('',#3958);
#3958 = CARTESIAN_POINT('',(1.650001398361,2.4105,0.808288428246));
#3959 = CIRCLE('',#3960,2.E-02);
#3960 = AXIS2_PLACEMENT_3D('',#3961,#3962,#3963);
#3961 = CARTESIAN_POINT('',(1.63001358182,2.4105,0.80898641818));
#3962 = DIRECTION('',(0.,1.,-0.));
#3963 = DIRECTION('',(-1.,0.,0.));
#3964 = ORIENTED_EDGE('',*,*,#3965,.T.);
#3965 = EDGE_CURVE('',#3957,#3966,#3968,.T.);
#3966 = VERTEX_POINT('',#3967);
#3967 = CARTESIAN_POINT('',(1.629398144361,2.4105,0.218288428246));
#3968 = LINE('',#3969,#3970);
#3969 = CARTESIAN_POINT('',(1.650001398361,2.4105,0.808288428246));
#3970 = VECTOR('',#3971,1.);
#3971 = DIRECTION('',(-3.48994967025E-02,0.,-0.999390827019));
#3972 = ORIENTED_EDGE('',*,*,#3973,.T.);
#3973 = EDGE_CURVE('',#3966,#3974,#3976,.T.);
#3974 = VERTEX_POINT('',#3975);
#3975 = CARTESIAN_POINT('',(1.60749341277,2.4105,0.199078494212));
#3976 = CIRCLE('',#3977,2.E-02);
#3977 = AXIS2_PLACEMENT_3D('',#3978,#3979,#3980);
#3978 = CARTESIAN_POINT('',(1.60941032782,2.4105,0.21898641818));
#3979 = DIRECTION('',(0.,1.,-0.));
#3980 = DIRECTION('',(-1.,0.,0.));
#3981 = ORIENTED_EDGE('',*,*,#3982,.T.);
#3982 = EDGE_CURVE('',#3974,#3983,#3985,.T.);
#3983 = VERTEX_POINT('',#3984);
#3984 = CARTESIAN_POINT('',(1.069182732324,2.4105,0.250911917267));
#3985 = LINE('',#3986,#3987);
#3986 = CARTESIAN_POINT('',(1.60749341277,2.4105,0.199078494212));
#3987 = VECTOR('',#3988,1.);
#3988 = DIRECTION('',(-0.995396198367,0.,9.584575252022E-02));
#3989 = ORIENTED_EDGE('',*,*,#3990,.T.);
#3990 = EDGE_CURVE('',#3983,#3991,#3993,.T.);
#3991 = VERTEX_POINT('',#3992);
#3992 = CARTESIAN_POINT('',(1.05001358182,2.4105,5.183267759349E-02));
#3993 = LINE('',#3994,#3995);
#3994 = CARTESIAN_POINT('',(1.069182732324,2.4105,0.250911917267));
#3995 = VECTOR('',#3996,1.);
#3996 = DIRECTION('',(-9.584575252022E-02,0.,-0.995396198367));
#3997 = ORIENTED_EDGE('',*,*,#3998,.F.);
#3998 = EDGE_CURVE('',#3999,#3991,#4001,.T.);
#3999 = VERTEX_POINT('',#4000);
#4000 = CARTESIAN_POINT('',(1.588324262266,2.4105,-7.454611680365E-07));
#4001 = LINE('',#4002,#4003);
#4002 = CARTESIAN_POINT('',(1.588324262266,2.4105,-7.454611679059E-07));
#4003 = VECTOR('',#4004,1.);
#4004 = DIRECTION('',(-0.995396198367,0.,9.584575252022E-02));
#4005 = ORIENTED_EDGE('',*,*,#4006,.F.);
#4006 = EDGE_CURVE('',#4007,#3999,#4009,.T.);
#4007 = VERTEX_POINT('',#4008);
#4008 = CARTESIAN_POINT('',(1.829276309764,2.4105,0.211308528905));
#4009 = CIRCLE('',#4010,0.22);
#4010 = AXIS2_PLACEMENT_3D('',#4011,#4012,#4013);
#4011 = CARTESIAN_POINT('',(1.60941032782,2.4105,0.21898641818));
#4012 = DIRECTION('',(-0.,1.,0.));
#4013 = DIRECTION('',(1.,0.,0.));
#4014 = ORIENTED_EDGE('',*,*,#4015,.F.);
#4015 = EDGE_CURVE('',#41,#4007,#4016,.T.);
#4016 = LINE('',#4017,#4018);
#4017 = CARTESIAN_POINT('',(1.849879563765,2.4105,0.801308528905));
#4018 = VECTOR('',#4019,1.);
#4019 = DIRECTION('',(-3.48994967025E-02,0.,-0.999390827019));
#4020 = ORIENTED_EDGE('',*,*,#40,.F.);
#4021 = ORIENTED_EDGE('',*,*,#4022,.F.);
#4022 = EDGE_CURVE('',#3846,#33,#4023,.T.);
#4023 = CIRCLE('',#4024,0.22);
#4024 = AXIS2_PLACEMENT_3D('',#4025,#4026,#4027);
#4025 = CARTESIAN_POINT('',(1.63001358182,2.4105,0.80898641818));
#4026 = DIRECTION('',(-0.,1.,0.));
#4027 = DIRECTION('',(1.,0.,0.));
#4028 = PLANE('',#4029);
#4029 = AXIS2_PLACEMENT_3D('',#4030,#4031,#4032);
#4030 = CARTESIAN_POINT('',(1.60941032782,2.4105,0.21898641818));
#4031 = DIRECTION('',(0.,1.,0.));
#4032 = DIRECTION('',(-1.,0.,0.));
#4033 = ADVANCED_FACE('',(#4034),#4050,.F.);
#4034 = FACE_BOUND('',#4035,.T.);
#4035 = EDGE_LOOP('',(#4036,#4037,#4043,#4044));
#4036 = ORIENTED_EDGE('',*,*,#3998,.T.);
#4037 = ORIENTED_EDGE('',*,*,#4038,.F.);
#4038 = EDGE_CURVE('',#3895,#3991,#4039,.T.);
#4039 = LINE('',#4040,#4041);
#4040 = CARTESIAN_POINT('',(1.05001358182,3.1105,5.183267759349E-02));
#4041 = VECTOR('',#4042,1.);
#4042 = DIRECTION('',(0.,-1.,0.));
#4043 = ORIENTED_EDGE('',*,*,#3894,.F.);
#4044 = ORIENTED_EDGE('',*,*,#4045,.T.);
#4045 = EDGE_CURVE('',#3886,#3999,#4046,.T.);
#4046 = LINE('',#4047,#4048);
#4047 = CARTESIAN_POINT('',(1.588324262266,3.1105,-7.454611679059E-07));
#4048 = VECTOR('',#4049,1.);
#4049 = DIRECTION('',(0.,-1.,0.));
#4050 = PLANE('',#4051);
#4051 = AXIS2_PLACEMENT_3D('',#4052,#4053,#4054);
#4052 = CARTESIAN_POINT('',(1.588324262266,3.1105,-7.454611679059E-07));
#4053 = DIRECTION('',(9.584575252022E-02,0.,0.995396198367));
#4054 = DIRECTION('',(-0.995396198367,0.,9.584575252022E-02));
#4055 = ADVANCED_FACE('',(#4056),#4067,.T.);
#4056 = FACE_BOUND('',#4057,.T.);
#4057 = EDGE_LOOP('',(#4058,#4059,#4065,#4066));
#4058 = ORIENTED_EDGE('',*,*,#3990,.F.);
#4059 = ORIENTED_EDGE('',*,*,#4060,.F.);
#4060 = EDGE_CURVE('',#3903,#3983,#4061,.T.);
#4061 = LINE('',#4062,#4063);
#4062 = CARTESIAN_POINT('',(1.069182732324,3.1105,0.250911917267));
#4063 = VECTOR('',#4064,1.);
#4064 = DIRECTION('',(0.,-1.,0.));
#4065 = ORIENTED_EDGE('',*,*,#3902,.T.);
#4066 = ORIENTED_EDGE('',*,*,#4038,.T.);
#4067 = PLANE('',#4068);
#4068 = AXIS2_PLACEMENT_3D('',#4069,#4070,#4071);
#4069 = CARTESIAN_POINT('',(1.069182732324,3.1105,0.250911917267));
#4070 = DIRECTION('',(-0.995396198367,0.,9.584575252022E-02));
#4071 = DIRECTION('',(-9.584575252022E-02,0.,-0.995396198367));
#4072 = ADVANCED_FACE('',(#4073),#4084,.T.);
#4073 = FACE_BOUND('',#4074,.T.);
#4074 = EDGE_LOOP('',(#4075,#4076,#4082,#4083));
#4075 = ORIENTED_EDGE('',*,*,#3982,.F.);
#4076 = ORIENTED_EDGE('',*,*,#4077,.F.);
#4077 = EDGE_CURVE('',#3911,#3974,#4078,.T.);
#4078 = LINE('',#4079,#4080);
#4079 = CARTESIAN_POINT('',(1.60749341277,3.1105,0.199078494212));
#4080 = VECTOR('',#4081,1.);
#4081 = DIRECTION('',(0.,-1.,0.));
#4082 = ORIENTED_EDGE('',*,*,#3910,.T.);
#4083 = ORIENTED_EDGE('',*,*,#4060,.T.);
#4084 = PLANE('',#4085);
#4085 = AXIS2_PLACEMENT_3D('',#4086,#4087,#4088);
#4086 = CARTESIAN_POINT('',(1.60749341277,3.1105,0.199078494212));
#4087 = DIRECTION('',(9.584575252022E-02,0.,0.995396198367));
#4088 = DIRECTION('',(-0.995396198367,0.,9.584575252022E-02));
#4089 = ADVANCED_FACE('',(#4090),#4101,.F.);
#4090 = FACE_BOUND('',#4091,.F.);
#4091 = EDGE_LOOP('',(#4092,#4093,#4094,#4100));
#4092 = ORIENTED_EDGE('',*,*,#4077,.F.);
#4093 = ORIENTED_EDGE('',*,*,#3918,.F.);
#4094 = ORIENTED_EDGE('',*,*,#4095,.T.);
#4095 = EDGE_CURVE('',#3919,#3966,#4096,.T.);
#4096 = LINE('',#4097,#4098);
#4097 = CARTESIAN_POINT('',(1.629398144361,3.1105,0.218288428246));
#4098 = VECTOR('',#4099,1.);
#4099 = DIRECTION('',(0.,-1.,0.));
#4100 = ORIENTED_EDGE('',*,*,#3973,.T.);
#4101 = CYLINDRICAL_SURFACE('',#4102,2.E-02);
#4102 = AXIS2_PLACEMENT_3D('',#4103,#4104,#4105);
#4103 = CARTESIAN_POINT('',(1.60941032782,3.1105,0.21898641818));
#4104 = DIRECTION('',(0.,-1.,0.));
#4105 = DIRECTION('',(1.,0.,0.));
#4106 = ADVANCED_FACE('',(#4107),#4118,.T.);
#4107 = FACE_BOUND('',#4108,.T.);
#4108 = EDGE_LOOP('',(#4109,#4110,#4116,#4117));
#4109 = ORIENTED_EDGE('',*,*,#3965,.F.);
#4110 = ORIENTED_EDGE('',*,*,#4111,.F.);
#4111 = EDGE_CURVE('',#3928,#3957,#4112,.T.);
#4112 = LINE('',#4113,#4114);
#4113 = CARTESIAN_POINT('',(1.650001398361,3.1105,0.808288428246));
#4114 = VECTOR('',#4115,1.);
#4115 = DIRECTION('',(0.,-1.,0.));
#4116 = ORIENTED_EDGE('',*,*,#3927,.T.);
#4117 = ORIENTED_EDGE('',*,*,#4095,.T.);
#4118 = PLANE('',#4119);
#4119 = AXIS2_PLACEMENT_3D('',#4120,#4121,#4122);
#4120 = CARTESIAN_POINT('',(1.650001398361,3.1105,0.808288428246));
#4121 = DIRECTION('',(-0.999390827019,0.,3.48994967025E-02));
#4122 = DIRECTION('',(-3.48994967025E-02,0.,-0.999390827019));
#4123 = ADVANCED_FACE('',(#4124),#4130,.F.);
#4124 = FACE_BOUND('',#4125,.F.);
#4125 = EDGE_LOOP('',(#4126,#4127,#4128,#4129));
#4126 = ORIENTED_EDGE('',*,*,#3956,.T.);
#4127 = ORIENTED_EDGE('',*,*,#4111,.F.);
#4128 = ORIENTED_EDGE('',*,*,#3935,.F.);
#4129 = ORIENTED_EDGE('',*,*,#82,.T.);
#4130 = CYLINDRICAL_SURFACE('',#4131,2.E-02);
#4131 = AXIS2_PLACEMENT_3D('',#4132,#4133,#4134);
#4132 = CARTESIAN_POINT('',(1.63001358182,3.1105,0.80898641818));
#4133 = DIRECTION('',(0.,-1.,0.));
#4134 = DIRECTION('',(1.,0.,0.));
#4135 = ADVANCED_FACE('',(#4136),#4142,.T.);
#4136 = FACE_BOUND('',#4137,.T.);
#4137 = EDGE_LOOP('',(#4138,#4139,#4140,#4141));
#4138 = ORIENTED_EDGE('',*,*,#32,.F.);
#4139 = ORIENTED_EDGE('',*,*,#3869,.F.);
#4140 = ORIENTED_EDGE('',*,*,#3853,.T.);
#4141 = ORIENTED_EDGE('',*,*,#4022,.T.);
#4142 = CYLINDRICAL_SURFACE('',#4143,0.22);
#4143 = AXIS2_PLACEMENT_3D('',#4144,#4145,#4146);
#4144 = CARTESIAN_POINT('',(1.63001358182,3.1105,0.80898641818));
#4145 = DIRECTION('',(0.,-1.,0.));
#4146 = DIRECTION('',(1.,0.,0.));
#4147 = ADVANCED_FACE('',(#4148),#4159,.F.);
#4148 = FACE_BOUND('',#4149,.T.);
#4149 = EDGE_LOOP('',(#4150,#4151,#4157,#4158));
#4150 = ORIENTED_EDGE('',*,*,#4015,.T.);
#4151 = ORIENTED_EDGE('',*,*,#4152,.F.);
#4152 = EDGE_CURVE('',#3878,#4007,#4153,.T.);
#4153 = LINE('',#4154,#4155);
#4154 = CARTESIAN_POINT('',(1.829276309764,3.1105,0.211308528905));
#4155 = VECTOR('',#4156,1.);
#4156 = DIRECTION('',(0.,-1.,0.));
#4157 = ORIENTED_EDGE('',*,*,#3877,.F.);
#4158 = ORIENTED_EDGE('',*,*,#49,.T.);
#4159 = PLANE('',#4160);
#4160 = AXIS2_PLACEMENT_3D('',#4161,#4162,#4163);
#4161 = CARTESIAN_POINT('',(1.849879563765,3.1105,0.801308528905));
#4162 = DIRECTION('',(-0.999390827019,0.,3.48994967025E-02));
#4163 = DIRECTION('',(-3.48994967025E-02,0.,-0.999390827019));
#4164 = ADVANCED_FACE('',(#4165),#4171,.T.);
#4165 = FACE_BOUND('',#4166,.T.);
#4166 = EDGE_LOOP('',(#4167,#4168,#4169,#4170));
#4167 = ORIENTED_EDGE('',*,*,#4006,.T.);
#4168 = ORIENTED_EDGE('',*,*,#4045,.F.);
#4169 = ORIENTED_EDGE('',*,*,#3885,.F.);
#4170 = ORIENTED_EDGE('',*,*,#4152,.T.);
#4171 = CYLINDRICAL_SURFACE('',#4172,0.22);
#4172 = AXIS2_PLACEMENT_3D('',#4173,#4174,#4175);
#4173 = CARTESIAN_POINT('',(1.60941032782,3.1105,0.21898641818));
#4174 = DIRECTION('',(0.,-1.,0.));
#4175 = DIRECTION('',(1.,0.,0.));
#4176 = ADVANCED_FACE('',(#4177),#4202,.T.);
#4177 = FACE_BOUND('',#4178,.T.);
#4178 = EDGE_LOOP('',(#4179,#4180,#4188,#4196));
#4179 = ORIENTED_EDGE('',*,*,#1012,.T.);
#4180 = ORIENTED_EDGE('',*,*,#4181,.T.);
#4181 = EDGE_CURVE('',#1005,#4182,#4184,.T.);
#4182 = VERTEX_POINT('',#4183);
#4183 = CARTESIAN_POINT('',(-1.62998641818,3.1105,1.02898641818));
#4184 = LINE('',#4185,#4186);
#4185 = CARTESIAN_POINT('',(-1.34998641818,3.1105,1.02898641818));
#4186 = VECTOR('',#4187,1.);
#4187 = DIRECTION('',(-1.,0.,-4.840188270025E-17));
#4188 = ORIENTED_EDGE('',*,*,#4189,.T.);
#4189 = EDGE_CURVE('',#4182,#4190,#4192,.T.);
#4190 = VERTEX_POINT('',#4191);
#4191 = CARTESIAN_POINT('',(-1.62998641818,2.4105,1.02898641818));
#4192 = LINE('',#4193,#4194);
#4193 = CARTESIAN_POINT('',(-1.62998641818,3.1105,1.02898641818));
#4194 = VECTOR('',#4195,1.);
#4195 = DIRECTION('',(0.,-1.,0.));
#4196 = ORIENTED_EDGE('',*,*,#4197,.F.);
#4197 = EDGE_CURVE('',#1013,#4190,#4198,.T.);
#4198 = LINE('',#4199,#4200);
#4199 = CARTESIAN_POINT('',(-1.34998641818,2.4105,1.02898641818));
#4200 = VECTOR('',#4201,1.);
#4201 = DIRECTION('',(-1.,0.,-4.840188270025E-17));
#4202 = PLANE('',#4203);
#4203 = AXIS2_PLACEMENT_3D('',#4204,#4205,#4206);
#4204 = CARTESIAN_POINT('',(-1.34998641818,3.1105,1.02898641818));
#4205 = DIRECTION('',(-4.840188270025E-17,0.,1.));
#4206 = DIRECTION('',(-1.,0.,-4.840188270025E-17));
#4207 = ADVANCED_FACE('',(#4208),#4233,.F.);
#4208 = FACE_BOUND('',#4209,.T.);
#4209 = EDGE_LOOP('',(#4210,#4218,#4219,#4227));
#4210 = ORIENTED_EDGE('',*,*,#4211,.F.);
#4211 = EDGE_CURVE('',#1406,#4212,#4214,.T.);
#4212 = VERTEX_POINT('',#4213);
#4213 = CARTESIAN_POINT('',(-1.62998641818,3.1105,0.82898641818));
#4214 = LINE('',#4215,#4216);
#4215 = CARTESIAN_POINT('',(-1.34998641818,3.1105,0.82898641818));
#4216 = VECTOR('',#4217,1.);
#4217 = DIRECTION('',(-1.,0.,-4.840188270025E-17));
#4218 = ORIENTED_EDGE('',*,*,#1405,.T.);
#4219 = ORIENTED_EDGE('',*,*,#4220,.T.);
#4220 = EDGE_CURVE('',#1408,#4221,#4223,.T.);
#4221 = VERTEX_POINT('',#4222);
#4222 = CARTESIAN_POINT('',(-1.62998641818,2.4105,0.82898641818));
#4223 = LINE('',#4224,#4225);
#4224 = CARTESIAN_POINT('',(-1.34998641818,2.4105,0.82898641818));
#4225 = VECTOR('',#4226,1.);
#4226 = DIRECTION('',(-1.,0.,-4.840188270025E-17));
#4227 = ORIENTED_EDGE('',*,*,#4228,.F.);
#4228 = EDGE_CURVE('',#4212,#4221,#4229,.T.);
#4229 = LINE('',#4230,#4231);
#4230 = CARTESIAN_POINT('',(-1.62998641818,3.1105,0.82898641818));
#4231 = VECTOR('',#4232,1.);
#4232 = DIRECTION('',(0.,-1.,0.));
#4233 = PLANE('',#4234);
#4234 = AXIS2_PLACEMENT_3D('',#4235,#4236,#4237);
#4235 = CARTESIAN_POINT('',(-1.34998641818,3.1105,0.82898641818));
#4236 = DIRECTION('',(-4.840188270025E-17,0.,1.));
#4237 = DIRECTION('',(-1.,0.,-4.840188270025E-17));
#4238 = ADVANCED_FACE('',(#4239),#4318,.T.);
#4239 = FACE_BOUND('',#4240,.T.);
#4240 = EDGE_LOOP('',(#4241,#4242,#4243,#4252,#4260,#4269,#4277,#4285,
    #4293,#4302,#4310,#4317));
#4241 = ORIENTED_EDGE('',*,*,#1415,.F.);
#4242 = ORIENTED_EDGE('',*,*,#4211,.T.);
#4243 = ORIENTED_EDGE('',*,*,#4244,.T.);
#4244 = EDGE_CURVE('',#4212,#4245,#4247,.T.);
#4245 = VERTEX_POINT('',#4246);
#4246 = CARTESIAN_POINT('',(-1.64997423472,3.1105,0.808288428246));
#4247 = CIRCLE('',#4248,2.E-02);
#4248 = AXIS2_PLACEMENT_3D('',#4249,#4250,#4251);
#4249 = CARTESIAN_POINT('',(-1.62998641818,3.1105,0.80898641818));
#4250 = DIRECTION('',(0.,-1.,0.));
#4251 = DIRECTION('',(1.,0.,0.));
#4252 = ORIENTED_EDGE('',*,*,#4253,.T.);
#4253 = EDGE_CURVE('',#4245,#4254,#4256,.T.);
#4254 = VERTEX_POINT('',#4255);
#4255 = CARTESIAN_POINT('',(-1.62937098072,3.1105,0.218288428246));
#4256 = LINE('',#4257,#4258);
#4257 = CARTESIAN_POINT('',(-1.64997423472,3.1105,0.808288428246));
#4258 = VECTOR('',#4259,1.);
#4259 = DIRECTION('',(3.48994967025E-02,0.,-0.999390827019));
#4260 = ORIENTED_EDGE('',*,*,#4261,.T.);
#4261 = EDGE_CURVE('',#4254,#4262,#4264,.T.);
#4262 = VERTEX_POINT('',#4263);
#4263 = CARTESIAN_POINT('',(-1.607466249129,3.1105,0.199078494212));
#4264 = CIRCLE('',#4265,2.E-02);
#4265 = AXIS2_PLACEMENT_3D('',#4266,#4267,#4268);
#4266 = CARTESIAN_POINT('',(-1.609383164179,3.1105,0.21898641818));
#4267 = DIRECTION('',(0.,-1.,0.));
#4268 = DIRECTION('',(1.,0.,0.));
#4269 = ORIENTED_EDGE('',*,*,#4270,.T.);
#4270 = EDGE_CURVE('',#4262,#4271,#4273,.T.);
#4271 = VERTEX_POINT('',#4272);
#4272 = CARTESIAN_POINT('',(-1.069155568684,3.1105,0.250911917267));
#4273 = LINE('',#4274,#4275);
#4274 = CARTESIAN_POINT('',(-1.607466249129,3.1105,0.199078494212));
#4275 = VECTOR('',#4276,1.);
#4276 = DIRECTION('',(0.995396198367,0.,9.584575252022E-02));
#4277 = ORIENTED_EDGE('',*,*,#4278,.T.);
#4278 = EDGE_CURVE('',#4271,#4279,#4281,.T.);
#4279 = VERTEX_POINT('',#4280);
#4280 = CARTESIAN_POINT('',(-1.04998641818,3.1105,5.183267759349E-02));
#4281 = LINE('',#4282,#4283);
#4282 = CARTESIAN_POINT('',(-1.069155568684,3.1105,0.250911917267));
#4283 = VECTOR('',#4284,1.);
#4284 = DIRECTION('',(9.584575252022E-02,0.,-0.995396198367));
#4285 = ORIENTED_EDGE('',*,*,#4286,.F.);
#4286 = EDGE_CURVE('',#4287,#4279,#4289,.T.);
#4287 = VERTEX_POINT('',#4288);
#4288 = CARTESIAN_POINT('',(-1.588297098625,3.1105,-7.454611677752E-07)
  );
#4289 = LINE('',#4290,#4291);
#4290 = CARTESIAN_POINT('',(-1.588297098625,3.1105,-7.454611679059E-07)
  );
#4291 = VECTOR('',#4292,1.);
#4292 = DIRECTION('',(0.995396198367,0.,9.584575252022E-02));
#4293 = ORIENTED_EDGE('',*,*,#4294,.F.);
#4294 = EDGE_CURVE('',#4295,#4287,#4297,.T.);
#4295 = VERTEX_POINT('',#4296);
#4296 = CARTESIAN_POINT('',(-1.829249146124,3.1105,0.211308528905));
#4297 = CIRCLE('',#4298,0.22);
#4298 = AXIS2_PLACEMENT_3D('',#4299,#4300,#4301);
#4299 = CARTESIAN_POINT('',(-1.609383164179,3.1105,0.21898641818));
#4300 = DIRECTION('',(-0.,-1.,-0.));
#4301 = DIRECTION('',(-1.,0.,0.));
#4302 = ORIENTED_EDGE('',*,*,#4303,.F.);
#4303 = EDGE_CURVE('',#4304,#4295,#4306,.T.);
#4304 = VERTEX_POINT('',#4305);
#4305 = CARTESIAN_POINT('',(-1.849852400124,3.1105,0.801308528905));
#4306 = LINE('',#4307,#4308);
#4307 = CARTESIAN_POINT('',(-1.849852400124,3.1105,0.801308528905));
#4308 = VECTOR('',#4309,1.);
#4309 = DIRECTION('',(3.48994967025E-02,0.,-0.999390827019));
#4310 = ORIENTED_EDGE('',*,*,#4311,.F.);
#4311 = EDGE_CURVE('',#4182,#4304,#4312,.T.);
#4312 = CIRCLE('',#4313,0.22);
#4313 = AXIS2_PLACEMENT_3D('',#4314,#4315,#4316);
#4314 = CARTESIAN_POINT('',(-1.62998641818,3.1105,0.80898641818));
#4315 = DIRECTION('',(-0.,-1.,-0.));
#4316 = DIRECTION('',(-1.,0.,0.));
#4317 = ORIENTED_EDGE('',*,*,#4181,.F.);
#4318 = PLANE('',#4319);
#4319 = AXIS2_PLACEMENT_3D('',#4320,#4321,#4322);
#4320 = CARTESIAN_POINT('',(-1.609383164179,3.1105,0.21898641818));
#4321 = DIRECTION('',(0.,1.,0.));
#4322 = DIRECTION('',(1.,0.,0.));
#4323 = ADVANCED_FACE('',(#4324),#4403,.F.);
#4324 = FACE_BOUND('',#4325,.T.);
#4325 = EDGE_LOOP('',(#4326,#4327,#4328,#4329,#4338,#4346,#4355,#4363,
    #4371,#4379,#4388,#4396));
#4326 = ORIENTED_EDGE('',*,*,#4220,.F.);
#4327 = ORIENTED_EDGE('',*,*,#1554,.T.);
#4328 = ORIENTED_EDGE('',*,*,#4197,.T.);
#4329 = ORIENTED_EDGE('',*,*,#4330,.T.);
#4330 = EDGE_CURVE('',#4190,#4331,#4333,.T.);
#4331 = VERTEX_POINT('',#4332);
#4332 = CARTESIAN_POINT('',(-1.849852400124,2.4105,0.801308528905));
#4333 = CIRCLE('',#4334,0.22);
#4334 = AXIS2_PLACEMENT_3D('',#4335,#4336,#4337);
#4335 = CARTESIAN_POINT('',(-1.62998641818,2.4105,0.80898641818));
#4336 = DIRECTION('',(-0.,-1.,-0.));
#4337 = DIRECTION('',(-1.,0.,0.));
#4338 = ORIENTED_EDGE('',*,*,#4339,.T.);
#4339 = EDGE_CURVE('',#4331,#4340,#4342,.T.);
#4340 = VERTEX_POINT('',#4341);
#4341 = CARTESIAN_POINT('',(-1.829249146124,2.4105,0.211308528905));
#4342 = LINE('',#4343,#4344);
#4343 = CARTESIAN_POINT('',(-1.849852400124,2.4105,0.801308528905));
#4344 = VECTOR('',#4345,1.);
#4345 = DIRECTION('',(3.48994967025E-02,0.,-0.999390827019));
#4346 = ORIENTED_EDGE('',*,*,#4347,.T.);
#4347 = EDGE_CURVE('',#4340,#4348,#4350,.T.);
#4348 = VERTEX_POINT('',#4349);
#4349 = CARTESIAN_POINT('',(-1.588297098625,2.4105,-7.454611675532E-07)
  );
#4350 = CIRCLE('',#4351,0.22);
#4351 = AXIS2_PLACEMENT_3D('',#4352,#4353,#4354);
#4352 = CARTESIAN_POINT('',(-1.609383164179,2.4105,0.21898641818));
#4353 = DIRECTION('',(-0.,-1.,-0.));
#4354 = DIRECTION('',(-1.,0.,0.));
#4355 = ORIENTED_EDGE('',*,*,#4356,.T.);
#4356 = EDGE_CURVE('',#4348,#4357,#4359,.T.);
#4357 = VERTEX_POINT('',#4358);
#4358 = CARTESIAN_POINT('',(-1.04998641818,2.4105,5.183267759349E-02));
#4359 = LINE('',#4360,#4361);
#4360 = CARTESIAN_POINT('',(-1.588297098625,2.4105,-7.454611679059E-07)
  );
#4361 = VECTOR('',#4362,1.);
#4362 = DIRECTION('',(0.995396198367,0.,9.584575252022E-02));
#4363 = ORIENTED_EDGE('',*,*,#4364,.F.);
#4364 = EDGE_CURVE('',#4365,#4357,#4367,.T.);
#4365 = VERTEX_POINT('',#4366);
#4366 = CARTESIAN_POINT('',(-1.069155568684,2.4105,0.250911917267));
#4367 = LINE('',#4368,#4369);
#4368 = CARTESIAN_POINT('',(-1.069155568684,2.4105,0.250911917267));
#4369 = VECTOR('',#4370,1.);
#4370 = DIRECTION('',(9.584575252022E-02,0.,-0.995396198367));
#4371 = ORIENTED_EDGE('',*,*,#4372,.F.);
#4372 = EDGE_CURVE('',#4373,#4365,#4375,.T.);
#4373 = VERTEX_POINT('',#4374);
#4374 = CARTESIAN_POINT('',(-1.607466249129,2.4105,0.199078494212));
#4375 = LINE('',#4376,#4377);
#4376 = CARTESIAN_POINT('',(-1.607466249129,2.4105,0.199078494212));
#4377 = VECTOR('',#4378,1.);
#4378 = DIRECTION('',(0.995396198367,0.,9.584575252022E-02));
#4379 = ORIENTED_EDGE('',*,*,#4380,.F.);
#4380 = EDGE_CURVE('',#4381,#4373,#4383,.T.);
#4381 = VERTEX_POINT('',#4382);
#4382 = CARTESIAN_POINT('',(-1.62937098072,2.4105,0.218288428246));
#4383 = CIRCLE('',#4384,2.E-02);
#4384 = AXIS2_PLACEMENT_3D('',#4385,#4386,#4387);
#4385 = CARTESIAN_POINT('',(-1.609383164179,2.4105,0.21898641818));
#4386 = DIRECTION('',(0.,-1.,0.));
#4387 = DIRECTION('',(1.,0.,0.));
#4388 = ORIENTED_EDGE('',*,*,#4389,.F.);
#4389 = EDGE_CURVE('',#4390,#4381,#4392,.T.);
#4390 = VERTEX_POINT('',#4391);
#4391 = CARTESIAN_POINT('',(-1.64997423472,2.4105,0.808288428246));
#4392 = LINE('',#4393,#4394);
#4393 = CARTESIAN_POINT('',(-1.64997423472,2.4105,0.808288428246));
#4394 = VECTOR('',#4395,1.);
#4395 = DIRECTION('',(3.48994967025E-02,0.,-0.999390827019));
#4396 = ORIENTED_EDGE('',*,*,#4397,.F.);
#4397 = EDGE_CURVE('',#4221,#4390,#4398,.T.);
#4398 = CIRCLE('',#4399,2.E-02);
#4399 = AXIS2_PLACEMENT_3D('',#4400,#4401,#4402);
#4400 = CARTESIAN_POINT('',(-1.62998641818,2.4105,0.80898641818));
#4401 = DIRECTION('',(0.,-1.,0.));
#4402 = DIRECTION('',(1.,0.,0.));
#4403 = PLANE('',#4404);
#4404 = AXIS2_PLACEMENT_3D('',#4405,#4406,#4407);
#4405 = CARTESIAN_POINT('',(-1.609383164179,2.4105,0.21898641818));
#4406 = DIRECTION('',(0.,1.,0.));
#4407 = DIRECTION('',(1.,0.,0.));
#4408 = ADVANCED_FACE('',(#4409),#4425,.T.);
#4409 = FACE_BOUND('',#4410,.T.);
#4410 = EDGE_LOOP('',(#4411,#4412,#4418,#4419));
#4411 = ORIENTED_EDGE('',*,*,#4356,.F.);
#4412 = ORIENTED_EDGE('',*,*,#4413,.F.);
#4413 = EDGE_CURVE('',#4287,#4348,#4414,.T.);
#4414 = LINE('',#4415,#4416);
#4415 = CARTESIAN_POINT('',(-1.588297098625,3.1105,-7.454611679059E-07)
  );
#4416 = VECTOR('',#4417,1.);
#4417 = DIRECTION('',(0.,-1.,0.));
#4418 = ORIENTED_EDGE('',*,*,#4286,.T.);
#4419 = ORIENTED_EDGE('',*,*,#4420,.T.);
#4420 = EDGE_CURVE('',#4279,#4357,#4421,.T.);
#4421 = LINE('',#4422,#4423);
#4422 = CARTESIAN_POINT('',(-1.04998641818,3.1105,5.183267759349E-02));
#4423 = VECTOR('',#4424,1.);
#4424 = DIRECTION('',(0.,-1.,0.));
#4425 = PLANE('',#4426);
#4426 = AXIS2_PLACEMENT_3D('',#4427,#4428,#4429);
#4427 = CARTESIAN_POINT('',(-1.588297098625,3.1105,-7.454611679059E-07)
  );
#4428 = DIRECTION('',(9.584575252022E-02,-0.,-0.995396198367));
#4429 = DIRECTION('',(0.995396198367,0.,9.584575252022E-02));
#4430 = ADVANCED_FACE('',(#4431),#4442,.T.);
#4431 = FACE_BOUND('',#4432,.T.);
#4432 = EDGE_LOOP('',(#4433,#4434,#4440,#4441));
#4433 = ORIENTED_EDGE('',*,*,#4347,.F.);
#4434 = ORIENTED_EDGE('',*,*,#4435,.F.);
#4435 = EDGE_CURVE('',#4295,#4340,#4436,.T.);
#4436 = LINE('',#4437,#4438);
#4437 = CARTESIAN_POINT('',(-1.829249146124,3.1105,0.211308528905));
#4438 = VECTOR('',#4439,1.);
#4439 = DIRECTION('',(0.,-1.,0.));
#4440 = ORIENTED_EDGE('',*,*,#4294,.T.);
#4441 = ORIENTED_EDGE('',*,*,#4413,.T.);
#4442 = CYLINDRICAL_SURFACE('',#4443,0.22);
#4443 = AXIS2_PLACEMENT_3D('',#4444,#4445,#4446);
#4444 = CARTESIAN_POINT('',(-1.609383164179,3.1105,0.21898641818));
#4445 = DIRECTION('',(0.,-1.,0.));
#4446 = DIRECTION('',(1.,0.,0.));
#4447 = ADVANCED_FACE('',(#4448),#4459,.T.);
#4448 = FACE_BOUND('',#4449,.T.);
#4449 = EDGE_LOOP('',(#4450,#4451,#4457,#4458));
#4450 = ORIENTED_EDGE('',*,*,#4339,.F.);
#4451 = ORIENTED_EDGE('',*,*,#4452,.F.);
#4452 = EDGE_CURVE('',#4304,#4331,#4453,.T.);
#4453 = LINE('',#4454,#4455);
#4454 = CARTESIAN_POINT('',(-1.849852400124,3.1105,0.801308528905));
#4455 = VECTOR('',#4456,1.);
#4456 = DIRECTION('',(0.,-1.,0.));
#4457 = ORIENTED_EDGE('',*,*,#4303,.T.);
#4458 = ORIENTED_EDGE('',*,*,#4435,.T.);
#4459 = PLANE('',#4460);
#4460 = AXIS2_PLACEMENT_3D('',#4461,#4462,#4463);
#4461 = CARTESIAN_POINT('',(-1.849852400124,3.1105,0.801308528905));
#4462 = DIRECTION('',(-0.999390827019,0.,-3.48994967025E-02));
#4463 = DIRECTION('',(3.48994967025E-02,-0.,-0.999390827019));
#4464 = ADVANCED_FACE('',(#4465),#4471,.T.);
#4465 = FACE_BOUND('',#4466,.T.);
#4466 = EDGE_LOOP('',(#4467,#4468,#4469,#4470));
#4467 = ORIENTED_EDGE('',*,*,#4330,.F.);
#4468 = ORIENTED_EDGE('',*,*,#4189,.F.);
#4469 = ORIENTED_EDGE('',*,*,#4311,.T.);
#4470 = ORIENTED_EDGE('',*,*,#4452,.T.);
#4471 = CYLINDRICAL_SURFACE('',#4472,0.22);
#4472 = AXIS2_PLACEMENT_3D('',#4473,#4474,#4475);
#4473 = CARTESIAN_POINT('',(-1.62998641818,3.1105,0.80898641818));
#4474 = DIRECTION('',(0.,-1.,0.));
#4475 = DIRECTION('',(1.,0.,0.));
#4476 = ADVANCED_FACE('',(#4477),#4488,.F.);
#4477 = FACE_BOUND('',#4478,.F.);
#4478 = EDGE_LOOP('',(#4479,#4480,#4481,#4487));
#4479 = ORIENTED_EDGE('',*,*,#4228,.F.);
#4480 = ORIENTED_EDGE('',*,*,#4244,.T.);
#4481 = ORIENTED_EDGE('',*,*,#4482,.T.);
#4482 = EDGE_CURVE('',#4245,#4390,#4483,.T.);
#4483 = LINE('',#4484,#4485);
#4484 = CARTESIAN_POINT('',(-1.64997423472,3.1105,0.808288428246));
#4485 = VECTOR('',#4486,1.);
#4486 = DIRECTION('',(0.,-1.,0.));
#4487 = ORIENTED_EDGE('',*,*,#4397,.F.);
#4488 = CYLINDRICAL_SURFACE('',#4489,2.E-02);
#4489 = AXIS2_PLACEMENT_3D('',#4490,#4491,#4492);
#4490 = CARTESIAN_POINT('',(-1.62998641818,3.1105,0.80898641818));
#4491 = DIRECTION('',(0.,-1.,0.));
#4492 = DIRECTION('',(1.,0.,0.));
#4493 = ADVANCED_FACE('',(#4494),#4505,.F.);
#4494 = FACE_BOUND('',#4495,.T.);
#4495 = EDGE_LOOP('',(#4496,#4497,#4503,#4504));
#4496 = ORIENTED_EDGE('',*,*,#4389,.T.);
#4497 = ORIENTED_EDGE('',*,*,#4498,.F.);
#4498 = EDGE_CURVE('',#4254,#4381,#4499,.T.);
#4499 = LINE('',#4500,#4501);
#4500 = CARTESIAN_POINT('',(-1.62937098072,3.1105,0.218288428246));
#4501 = VECTOR('',#4502,1.);
#4502 = DIRECTION('',(0.,-1.,0.));
#4503 = ORIENTED_EDGE('',*,*,#4253,.F.);
#4504 = ORIENTED_EDGE('',*,*,#4482,.T.);
#4505 = PLANE('',#4506);
#4506 = AXIS2_PLACEMENT_3D('',#4507,#4508,#4509);
#4507 = CARTESIAN_POINT('',(-1.64997423472,3.1105,0.808288428246));
#4508 = DIRECTION('',(-0.999390827019,0.,-3.48994967025E-02));
#4509 = DIRECTION('',(3.48994967025E-02,-0.,-0.999390827019));
#4510 = ADVANCED_FACE('',(#4511),#4522,.F.);
#4511 = FACE_BOUND('',#4512,.F.);
#4512 = EDGE_LOOP('',(#4513,#4514,#4515,#4521));
#4513 = ORIENTED_EDGE('',*,*,#4498,.F.);
#4514 = ORIENTED_EDGE('',*,*,#4261,.T.);
#4515 = ORIENTED_EDGE('',*,*,#4516,.T.);
#4516 = EDGE_CURVE('',#4262,#4373,#4517,.T.);
#4517 = LINE('',#4518,#4519);
#4518 = CARTESIAN_POINT('',(-1.607466249129,3.1105,0.199078494212));
#4519 = VECTOR('',#4520,1.);
#4520 = DIRECTION('',(0.,-1.,0.));
#4521 = ORIENTED_EDGE('',*,*,#4380,.F.);
#4522 = CYLINDRICAL_SURFACE('',#4523,2.E-02);
#4523 = AXIS2_PLACEMENT_3D('',#4524,#4525,#4526);
#4524 = CARTESIAN_POINT('',(-1.609383164179,3.1105,0.21898641818));
#4525 = DIRECTION('',(0.,-1.,0.));
#4526 = DIRECTION('',(1.,0.,0.));
#4527 = ADVANCED_FACE('',(#4528),#4539,.F.);
#4528 = FACE_BOUND('',#4529,.T.);
#4529 = EDGE_LOOP('',(#4530,#4531,#4537,#4538));
#4530 = ORIENTED_EDGE('',*,*,#4372,.T.);
#4531 = ORIENTED_EDGE('',*,*,#4532,.F.);
#4532 = EDGE_CURVE('',#4271,#4365,#4533,.T.);
#4533 = LINE('',#4534,#4535);
#4534 = CARTESIAN_POINT('',(-1.069155568684,3.1105,0.250911917267));
#4535 = VECTOR('',#4536,1.);
#4536 = DIRECTION('',(0.,-1.,0.));
#4537 = ORIENTED_EDGE('',*,*,#4270,.F.);
#4538 = ORIENTED_EDGE('',*,*,#4516,.T.);
#4539 = PLANE('',#4540);
#4540 = AXIS2_PLACEMENT_3D('',#4541,#4542,#4543);
#4541 = CARTESIAN_POINT('',(-1.607466249129,3.1105,0.199078494212));
#4542 = DIRECTION('',(9.584575252022E-02,-0.,-0.995396198367));
#4543 = DIRECTION('',(0.995396198367,0.,9.584575252022E-02));
#4544 = ADVANCED_FACE('',(#4545),#4551,.F.);
#4545 = FACE_BOUND('',#4546,.T.);
#4546 = EDGE_LOOP('',(#4547,#4548,#4549,#4550));
#4547 = ORIENTED_EDGE('',*,*,#4364,.T.);
#4548 = ORIENTED_EDGE('',*,*,#4420,.F.);
#4549 = ORIENTED_EDGE('',*,*,#4278,.F.);
#4550 = ORIENTED_EDGE('',*,*,#4532,.T.);
#4551 = PLANE('',#4552);
#4552 = AXIS2_PLACEMENT_3D('',#4553,#4554,#4555);
#4553 = CARTESIAN_POINT('',(-1.069155568684,3.1105,0.250911917267));
#4554 = DIRECTION('',(-0.995396198367,0.,-9.584575252022E-02));
#4555 = DIRECTION('',(9.584575252022E-02,-0.,-0.995396198367));
#4556 = ADVANCED_FACE('',(#4557),#4573,.F.);
#4557 = FACE_BOUND('',#4558,.T.);
#4558 = EDGE_LOOP('',(#4559,#4560,#4566,#4567));
#4559 = ORIENTED_EDGE('',*,*,#1099,.T.);
#4560 = ORIENTED_EDGE('',*,*,#4561,.T.);
#4561 = EDGE_CURVE('',#1092,#1148,#4562,.T.);
#4562 = LINE('',#4563,#4564);
#4563 = CARTESIAN_POINT('',(1.10001358182,-3.9895,-1.013581820388E-03));
#4564 = VECTOR('',#4565,1.);
#4565 = DIRECTION('',(0.,0.,1.));
#4566 = ORIENTED_EDGE('',*,*,#1147,.T.);
#4567 = ORIENTED_EDGE('',*,*,#4568,.F.);
#4568 = EDGE_CURVE('',#1100,#1140,#4569,.T.);
#4569 = LINE('',#4570,#4571);
#4570 = CARTESIAN_POINT('',(0.90001358182,-3.9895,-1.013581820388E-03));
#4571 = VECTOR('',#4572,1.);
#4572 = DIRECTION('',(0.,0.,1.));
#4573 = PLANE('',#4574);
#4574 = AXIS2_PLACEMENT_3D('',#4575,#4576,#4577);
#4575 = CARTESIAN_POINT('',(1.10001358182,-3.9895,-1.013581820388E-03));
#4576 = DIRECTION('',(0.,1.,0.));
#4577 = DIRECTION('',(-1.,0.,0.));
#4578 = ADVANCED_FACE('',(#4579),#4585,.F.);
#4579 = FACE_BOUND('',#4580,.T.);
#4580 = EDGE_LOOP('',(#4581,#4582,#4583,#4584));
#4581 = ORIENTED_EDGE('',*,*,#1091,.T.);
#4582 = ORIENTED_EDGE('',*,*,#437,.T.);
#4583 = ORIENTED_EDGE('',*,*,#1155,.T.);
#4584 = ORIENTED_EDGE('',*,*,#4561,.F.);
#4585 = PLANE('',#4586);
#4586 = AXIS2_PLACEMENT_3D('',#4587,#4588,#4589);
#4587 = CARTESIAN_POINT('',(1.10001358182,-3.9895,-1.013581820388E-03));
#4588 = DIRECTION('',(1.,0.,0.));
#4589 = DIRECTION('',(0.,1.,0.));
#4590 = ADVANCED_FACE('',(#4591),#4597,.F.);
#4591 = FACE_BOUND('',#4592,.T.);
#4592 = EDGE_LOOP('',(#4593,#4594,#4595,#4596));
#4593 = ORIENTED_EDGE('',*,*,#1107,.T.);
#4594 = ORIENTED_EDGE('',*,*,#4568,.T.);
#4595 = ORIENTED_EDGE('',*,*,#1139,.T.);
#4596 = ORIENTED_EDGE('',*,*,#413,.F.);
#4597 = PLANE('',#4598);
#4598 = AXIS2_PLACEMENT_3D('',#4599,#4600,#4601);
#4599 = CARTESIAN_POINT('',(0.90001358182,-3.9895,-1.013581820388E-03));
#4600 = DIRECTION('',(-1.,0.,0.));
#4601 = DIRECTION('',(0.,-1.,0.));
#4602 = ADVANCED_FACE('',(#4603),#4619,.F.);
#4603 = FACE_BOUND('',#4604,.T.);
#4604 = EDGE_LOOP('',(#4605,#4606,#4612,#4613));
#4605 = ORIENTED_EDGE('',*,*,#1067,.T.);
#4606 = ORIENTED_EDGE('',*,*,#4607,.T.);
#4607 = EDGE_CURVE('',#1060,#1123,#4608,.T.);
#4608 = LINE('',#4609,#4610);
#4609 = CARTESIAN_POINT('',(-0.89998641818,-3.9895,-1.013581820388E-03)
  );
#4610 = VECTOR('',#4611,1.);
#4611 = DIRECTION('',(0.,0.,1.));
#4612 = ORIENTED_EDGE('',*,*,#1122,.T.);
#4613 = ORIENTED_EDGE('',*,*,#4614,.F.);
#4614 = EDGE_CURVE('',#1068,#1125,#4615,.T.);
#4615 = LINE('',#4616,#4617);
#4616 = CARTESIAN_POINT('',(-1.09998641818,-3.9895,-1.013581820388E-03)
  );
#4617 = VECTOR('',#4618,1.);
#4618 = DIRECTION('',(0.,0.,1.));
#4619 = PLANE('',#4620);
#4620 = AXIS2_PLACEMENT_3D('',#4621,#4622,#4623);
#4621 = CARTESIAN_POINT('',(-0.89998641818,-3.9895,-1.013581820388E-03)
  );
#4622 = DIRECTION('',(0.,1.,0.));
#4623 = DIRECTION('',(-1.,0.,0.));
#4624 = ADVANCED_FACE('',(#4625),#4631,.F.);
#4625 = FACE_BOUND('',#4626,.T.);
#4626 = EDGE_LOOP('',(#4627,#4628,#4629,#4630));
#4627 = ORIENTED_EDGE('',*,*,#1059,.T.);
#4628 = ORIENTED_EDGE('',*,*,#397,.T.);
#4629 = ORIENTED_EDGE('',*,*,#1132,.T.);
#4630 = ORIENTED_EDGE('',*,*,#4607,.F.);
#4631 = PLANE('',#4632);
#4632 = AXIS2_PLACEMENT_3D('',#4633,#4634,#4635);
#4633 = CARTESIAN_POINT('',(-0.89998641818,-3.9895,-1.013581820388E-03)
  );
#4634 = DIRECTION('',(1.,0.,0.));
#4635 = DIRECTION('',(0.,1.,0.));
#4636 = ADVANCED_FACE('',(#4637),#4643,.F.);
#4637 = FACE_BOUND('',#4638,.T.);
#4638 = EDGE_LOOP('',(#4639,#4640,#4641,#4642));
#4639 = ORIENTED_EDGE('',*,*,#1075,.T.);
#4640 = ORIENTED_EDGE('',*,*,#4614,.T.);
#4641 = ORIENTED_EDGE('',*,*,#1166,.T.);
#4642 = ORIENTED_EDGE('',*,*,#964,.F.);
#4643 = PLANE('',#4644);
#4644 = AXIS2_PLACEMENT_3D('',#4645,#4646,#4647);
#4645 = CARTESIAN_POINT('',(-1.09998641818,-3.9895,-1.013581820388E-03)
  );
#4646 = DIRECTION('',(-1.,0.,0.));
#4647 = DIRECTION('',(0.,-1.,0.));
#4648 = ADVANCED_FACE('',(#4649),#4660,.F.);
#4649 = FACE_BOUND('',#4650,.T.);
#4650 = EDGE_LOOP('',(#4651,#4652,#4658,#4659));
#4651 = ORIENTED_EDGE('',*,*,#592,.T.);
#4652 = ORIENTED_EDGE('',*,*,#4653,.T.);
#4653 = EDGE_CURVE('',#585,#838,#4654,.T.);
#4654 = LINE('',#4655,#4656);
#4655 = CARTESIAN_POINT('',(0.87501358182,4.0105,-1.013581820388E-03));
#4656 = VECTOR('',#4657,1.);
#4657 = DIRECTION('',(0.,0.,1.));
#4658 = ORIENTED_EDGE('',*,*,#837,.T.);
#4659 = ORIENTED_EDGE('',*,*,#357,.F.);
#4660 = PLANE('',#4661);
#4661 = AXIS2_PLACEMENT_3D('',#4662,#4663,#4664);
#4662 = CARTESIAN_POINT('',(0.87501358182,4.1105,-1.013581820388E-03));
#4663 = DIRECTION('',(1.,8.673617379884E-15,0.));
#4664 = DIRECTION('',(-8.673617379884E-15,1.,0.));
#4665 = ADVANCED_FACE('',(#4666),#4677,.F.);
#4666 = FACE_BOUND('',#4667,.T.);
#4667 = EDGE_LOOP('',(#4668,#4669,#4675,#4676));
#4668 = ORIENTED_EDGE('',*,*,#584,.T.);
#4669 = ORIENTED_EDGE('',*,*,#4670,.T.);
#4670 = EDGE_CURVE('',#577,#846,#4671,.T.);
#4671 = LINE('',#4672,#4673);
#4672 = CARTESIAN_POINT('',(0.62501358182,4.0105,-1.013581820388E-03));
#4673 = VECTOR('',#4674,1.);
#4674 = DIRECTION('',(0.,0.,1.));
#4675 = ORIENTED_EDGE('',*,*,#845,.T.);
#4676 = ORIENTED_EDGE('',*,*,#4653,.F.);
#4677 = PLANE('',#4678);
#4678 = AXIS2_PLACEMENT_3D('',#4679,#4680,#4681);
#4679 = CARTESIAN_POINT('',(0.87501358182,4.0105,-1.013581820388E-03));
#4680 = DIRECTION('',(0.,-1.,0.));
#4681 = DIRECTION('',(1.,0.,0.));
#4682 = ADVANCED_FACE('',(#4683),#4689,.F.);
#4683 = FACE_BOUND('',#4684,.T.);
#4684 = EDGE_LOOP('',(#4685,#4686,#4687,#4688));
#4685 = ORIENTED_EDGE('',*,*,#576,.T.);
#4686 = ORIENTED_EDGE('',*,*,#333,.F.);
#4687 = ORIENTED_EDGE('',*,*,#853,.T.);
#4688 = ORIENTED_EDGE('',*,*,#4670,.F.);
#4689 = PLANE('',#4690);
#4690 = AXIS2_PLACEMENT_3D('',#4691,#4692,#4693);
#4691 = CARTESIAN_POINT('',(0.62501358182,4.1105,-1.013581820388E-03));
#4692 = DIRECTION('',(-1.,-2.385244779468E-14,0.));
#4693 = DIRECTION('',(2.385244779468E-14,-1.,0.));
#4694 = ADVANCED_FACE('',(#4695),#4706,.F.);
#4695 = FACE_BOUND('',#4696,.T.);
#4696 = EDGE_LOOP('',(#4697,#4698,#4704,#4705));
#4697 = ORIENTED_EDGE('',*,*,#567,.T.);
#4698 = ORIENTED_EDGE('',*,*,#4699,.T.);
#4699 = EDGE_CURVE('',#568,#792,#4700,.T.);
#4700 = LINE('',#4701,#4702);
#4701 = CARTESIAN_POINT('',(-0.62498641818,4.0105,-1.013581820388E-03));
#4702 = VECTOR('',#4703,1.);
#4703 = DIRECTION('',(0.,0.,1.));
#4704 = ORIENTED_EDGE('',*,*,#791,.T.);
#4705 = ORIENTED_EDGE('',*,*,#317,.F.);
#4706 = PLANE('',#4707);
#4707 = AXIS2_PLACEMENT_3D('',#4708,#4709,#4710);
#4708 = CARTESIAN_POINT('',(-0.62498641818,4.1105,-1.013581820388E-03));
#4709 = DIRECTION('',(1.,-2.27682456222E-14,0.));
#4710 = DIRECTION('',(2.27682456222E-14,1.,0.));
#4711 = ADVANCED_FACE('',(#4712),#4723,.F.);
#4712 = FACE_BOUND('',#4713,.T.);
#4713 = EDGE_LOOP('',(#4714,#4715,#4721,#4722));
#4714 = ORIENTED_EDGE('',*,*,#639,.T.);
#4715 = ORIENTED_EDGE('',*,*,#4716,.T.);
#4716 = EDGE_CURVE('',#632,#800,#4717,.T.);
#4717 = LINE('',#4718,#4719);
#4718 = CARTESIAN_POINT('',(-0.87498641818,4.0105,-1.013581820388E-03));
#4719 = VECTOR('',#4720,1.);
#4720 = DIRECTION('',(0.,0.,1.));
#4721 = ORIENTED_EDGE('',*,*,#799,.T.);
#4722 = ORIENTED_EDGE('',*,*,#4699,.F.);
#4723 = PLANE('',#4724);
#4724 = AXIS2_PLACEMENT_3D('',#4725,#4726,#4727);
#4725 = CARTESIAN_POINT('',(-0.62498641818,4.0105,-1.013581820388E-03));
#4726 = DIRECTION('',(0.,-1.,0.));
#4727 = DIRECTION('',(1.,0.,0.));
#4728 = ADVANCED_FACE('',(#4729),#4735,.F.);
#4729 = FACE_BOUND('',#4730,.T.);
#4730 = EDGE_LOOP('',(#4731,#4732,#4733,#4734));
#4731 = ORIENTED_EDGE('',*,*,#631,.T.);
#4732 = ORIENTED_EDGE('',*,*,#868,.F.);
#4733 = ORIENTED_EDGE('',*,*,#807,.T.);
#4734 = ORIENTED_EDGE('',*,*,#4716,.F.);
#4735 = PLANE('',#4736);
#4736 = AXIS2_PLACEMENT_3D('',#4737,#4738,#4739);
#4737 = CARTESIAN_POINT('',(-0.87498641818,4.1105,-1.013581820388E-03));
#4738 = DIRECTION('',(-1.,0.,0.));
#4739 = DIRECTION('',(0.,-1.,0.));
#4740 = ( GEOMETRIC_REPRESENTATION_CONTEXT(3) 
GLOBAL_UNCERTAINTY_ASSIGNED_CONTEXT((#4744)) 
GLOBAL_UNIT_ASSIGNED_CONTEXT((#4741,#4742,#4743)) REPRESENTATION_CONTEXT
('Context #1','3D Context with UNIT and UNCERTAINTY') );
#4741 = ( LENGTH_UNIT() NAMED_UNIT(*) SI_UNIT(.MILLI.,.METRE.) );
#4742 = ( NAMED_UNIT(*) PLANE_ANGLE_UNIT() SI_UNIT($,.RADIAN.) );
#4743 = ( NAMED_UNIT(*) SI_UNIT($,.STERADIAN.) SOLID_ANGLE_UNIT() );
#4744 = UNCERTAINTY_MEASURE_WITH_UNIT(LENGTH_MEASURE(1.E-07),#4741,
  'distance_accuracy_value','confusion accuracy');
#4745 = PRODUCT_RELATED_PRODUCT_CATEGORY('part',$,(#7));
#4746 = MECHANICAL_DESIGN_GEOMETRIC_PRESENTATION_REPRESENTATION('',(
    #4747,#4758,#4767,#4776,#4785,#4794,#4804,#4813,#4822,#4831,#4840,
    #4849,#4858,#4867,#4876,#4885,#4894,#4903,#4912,#4921,#4930,#4939,
    #4948,#4957,#4966,#4975,#4984,#4993,#5002,#5011,#5020,#5029,#5038,
    #5047,#5056,#5065,#5074,#5083,#5092,#5101,#5110,#5119,#5128,#5137,
    #5146,#5155,#5164,#5173,#5182,#5191,#5200,#5209,#5218,#5227,#5236,
    #5245,#5254,#5263,#5272,#5281,#5290,#5299,#5308,#5317,#5326,#5335,
    #5344,#5353,#5362,#5371,#5380,#5389,#5398,#5407,#5416,#5425,#5434,
    #5443,#5452,#5461,#5470,#5479,#5488,#5497,#5506,#5515,#5524,#5533,
    #5542,#5551,#5560,#5569,#5578,#5587,#5596,#5605,#5614,#5623,#5632,
    #5641,#5650,#5659,#5668,#5677,#5686,#5695,#5704,#5713,#5722,#5731,
    #5740,#5749,#5758,#5767,#5776,#5785,#5794,#5803,#5812,#5821,#5830,
    #5839,#5848,#5857,#5866,#5875,#5884,#5893,#5902,#5911,#5920,#5929,
    #5938,#5947,#5956,#5965,#5974,#5983,#5992,#6001,#6010,#6019,#6028,
    #6037,#6046,#6055,#6064,#6073,#6082,#6091,#6100,#6109,#6118,#6127),
  #4740);
#4747 = STYLED_ITEM('color',(#4748),#15);
#4748 = PRESENTATION_STYLE_ASSIGNMENT((#4749,#4755));
#4749 = SURFACE_STYLE_USAGE(.BOTH.,#4750);
#4750 = SURFACE_SIDE_STYLE('',(#4751));
#4751 = SURFACE_STYLE_FILL_AREA(#4752);
#4752 = FILL_AREA_STYLE('',(#4753));
#4753 = FILL_AREA_STYLE_COLOUR('',#4754);
#4754 = DRAUGHTING_PRE_DEFINED_COLOUR('white');
#4755 = CURVE_STYLE('',#4756,POSITIVE_LENGTH_MEASURE(0.1),#4757);
#4756 = DRAUGHTING_PRE_DEFINED_CURVE_FONT('continuous');
#4757 = COLOUR_RGB('',0.678431390124,0.709803936702,0.741176476869);
#4758 = OVER_RIDING_STYLED_ITEM('overriding color',(#4759),#17,#4747);
#4759 = PRESENTATION_STYLE_ASSIGNMENT((#4760));
#4760 = SURFACE_STYLE_USAGE(.BOTH.,#4761);
#4761 = SURFACE_SIDE_STYLE('',(#4762,#4765));
#4762 = SURFACE_STYLE_FILL_AREA(#4763);
#4763 = FILL_AREA_STYLE('',(#4764));
#4764 = FILL_AREA_STYLE_COLOUR('',#4754);
#4765 = SURFACE_STYLE_RENDERING_WITH_PROPERTIES(.NORMAL_SHADING.,#4754,(
    #4766));
#4766 = SURFACE_STYLE_TRANSPARENT(0.);
#4767 = OVER_RIDING_STYLED_ITEM('overriding color',(#4768),#59,#4747);
#4768 = PRESENTATION_STYLE_ASSIGNMENT((#4769));
#4769 = SURFACE_STYLE_USAGE(.BOTH.,#4770);
#4770 = SURFACE_SIDE_STYLE('',(#4771,#4774));
#4771 = SURFACE_STYLE_FILL_AREA(#4772);
#4772 = FILL_AREA_STYLE('',(#4773));
#4773 = FILL_AREA_STYLE_COLOUR('',#4754);
#4774 = SURFACE_STYLE_RENDERING_WITH_PROPERTIES(.NORMAL_SHADING.,#4754,(
    #4775));
#4775 = SURFACE_STYLE_TRANSPARENT(0.);
#4776 = OVER_RIDING_STYLED_ITEM('overriding color',(#4777),#101,#4747);
#4777 = PRESENTATION_STYLE_ASSIGNMENT((#4778));
#4778 = SURFACE_STYLE_USAGE(.BOTH.,#4779);
#4779 = SURFACE_SIDE_STYLE('',(#4780,#4783));
#4780 = SURFACE_STYLE_FILL_AREA(#4781);
#4781 = FILL_AREA_STYLE('',(#4782));
#4782 = FILL_AREA_STYLE_COLOUR('',#4754);
#4783 = SURFACE_STYLE_RENDERING_WITH_PROPERTIES(.NORMAL_SHADING.,#4754,(
    #4784));
#4784 = SURFACE_STYLE_TRANSPARENT(0.);
#4785 = OVER_RIDING_STYLED_ITEM('overriding color',(#4786),#143,#4747);
#4786 = PRESENTATION_STYLE_ASSIGNMENT((#4787));
#4787 = SURFACE_STYLE_USAGE(.BOTH.,#4788);
#4788 = SURFACE_SIDE_STYLE('',(#4789,#4792));
#4789 = SURFACE_STYLE_FILL_AREA(#4790);
#4790 = FILL_AREA_STYLE('',(#4791));
#4791 = FILL_AREA_STYLE_COLOUR('',#4754);
#4792 = SURFACE_STYLE_RENDERING_WITH_PROPERTIES(.NORMAL_SHADING.,#4754,(
    #4793));
#4793 = SURFACE_STYLE_TRANSPARENT(0.);
#4794 = OVER_RIDING_STYLED_ITEM('overriding color',(#4795),#185,#4747);
#4795 = PRESENTATION_STYLE_ASSIGNMENT((#4796));
#4796 = SURFACE_STYLE_USAGE(.BOTH.,#4797);
#4797 = SURFACE_SIDE_STYLE('',(#4798,#4802));
#4798 = SURFACE_STYLE_FILL_AREA(#4799);
#4799 = FILL_AREA_STYLE('',(#4800));
#4800 = FILL_AREA_STYLE_COLOUR('',#4801);
#4801 = COLOUR_RGB('',0.25098037884,0.25098037884,0.25098037884);
#4802 = SURFACE_STYLE_RENDERING_WITH_PROPERTIES(.NORMAL_SHADING.,#4801,(
    #4803));
#4803 = SURFACE_STYLE_TRANSPARENT(0.);
#4804 = OVER_RIDING_STYLED_ITEM('overriding color',(#4805),#229,#4747);
#4805 = PRESENTATION_STYLE_ASSIGNMENT((#4806));
#4806 = SURFACE_STYLE_USAGE(.BOTH.,#4807);
#4807 = SURFACE_SIDE_STYLE('',(#4808,#4811));
#4808 = SURFACE_STYLE_FILL_AREA(#4809);
#4809 = FILL_AREA_STYLE('',(#4810));
#4810 = FILL_AREA_STYLE_COLOUR('',#4801);
#4811 = SURFACE_STYLE_RENDERING_WITH_PROPERTIES(.NORMAL_SHADING.,#4801,(
    #4812));
#4812 = SURFACE_STYLE_TRANSPARENT(0.);
#4813 = OVER_RIDING_STYLED_ITEM('overriding color',(#4814),#261,#4747);
#4814 = PRESENTATION_STYLE_ASSIGNMENT((#4815));
#4815 = SURFACE_STYLE_USAGE(.BOTH.,#4816);
#4816 = SURFACE_SIDE_STYLE('',(#4817,#4820));
#4817 = SURFACE_STYLE_FILL_AREA(#4818);
#4818 = FILL_AREA_STYLE('',(#4819));
#4819 = FILL_AREA_STYLE_COLOUR('',#4801);
#4820 = SURFACE_STYLE_RENDERING_WITH_PROPERTIES(.NORMAL_SHADING.,#4801,(
    #4821));
#4821 = SURFACE_STYLE_TRANSPARENT(0.);
#4822 = OVER_RIDING_STYLED_ITEM('overriding color',(#4823),#303,#4747);
#4823 = PRESENTATION_STYLE_ASSIGNMENT((#4824));
#4824 = SURFACE_STYLE_USAGE(.BOTH.,#4825);
#4825 = SURFACE_SIDE_STYLE('',(#4826,#4829));
#4826 = SURFACE_STYLE_FILL_AREA(#4827);
#4827 = FILL_AREA_STYLE('',(#4828));
#4828 = FILL_AREA_STYLE_COLOUR('',#4801);
#4829 = SURFACE_STYLE_RENDERING_WITH_PROPERTIES(.NORMAL_SHADING.,#4801,(
    #4830));
#4830 = SURFACE_STYLE_TRANSPARENT(0.);
#4831 = OVER_RIDING_STYLED_ITEM('overriding color',(#4832),#343,#4747);
#4832 = PRESENTATION_STYLE_ASSIGNMENT((#4833));
#4833 = SURFACE_STYLE_USAGE(.BOTH.,#4834);
#4834 = SURFACE_SIDE_STYLE('',(#4835,#4838));
#4835 = SURFACE_STYLE_FILL_AREA(#4836);
#4836 = FILL_AREA_STYLE('',(#4837));
#4837 = FILL_AREA_STYLE_COLOUR('',#4801);
#4838 = SURFACE_STYLE_RENDERING_WITH_PROPERTIES(.NORMAL_SHADING.,#4801,(
    #4839));
#4839 = SURFACE_STYLE_TRANSPARENT(0.);
#4840 = OVER_RIDING_STYLED_ITEM('overriding color',(#4841),#383,#4747);
#4841 = PRESENTATION_STYLE_ASSIGNMENT((#4842));
#4842 = SURFACE_STYLE_USAGE(.BOTH.,#4843);
#4843 = SURFACE_SIDE_STYLE('',(#4844,#4847));
#4844 = SURFACE_STYLE_FILL_AREA(#4845);
#4845 = FILL_AREA_STYLE('',(#4846));
#4846 = FILL_AREA_STYLE_COLOUR('',#4801);
#4847 = SURFACE_STYLE_RENDERING_WITH_PROPERTIES(.NORMAL_SHADING.,#4801,(
    #4848));
#4848 = SURFACE_STYLE_TRANSPARENT(0.);
#4849 = OVER_RIDING_STYLED_ITEM('overriding color',(#4850),#423,#4747);
#4850 = PRESENTATION_STYLE_ASSIGNMENT((#4851));
#4851 = SURFACE_STYLE_USAGE(.BOTH.,#4852);
#4852 = SURFACE_SIDE_STYLE('',(#4853,#4856));
#4853 = SURFACE_STYLE_FILL_AREA(#4854);
#4854 = FILL_AREA_STYLE('',(#4855));
#4855 = FILL_AREA_STYLE_COLOUR('',#4801);
#4856 = SURFACE_STYLE_RENDERING_WITH_PROPERTIES(.NORMAL_SHADING.,#4801,(
    #4857));
#4857 = SURFACE_STYLE_TRANSPARENT(0.);
#4858 = OVER_RIDING_STYLED_ITEM('overriding color',(#4859),#463,#4747);
#4859 = PRESENTATION_STYLE_ASSIGNMENT((#4860));
#4860 = SURFACE_STYLE_USAGE(.BOTH.,#4861);
#4861 = SURFACE_SIDE_STYLE('',(#4862,#4865));
#4862 = SURFACE_STYLE_FILL_AREA(#4863);
#4863 = FILL_AREA_STYLE('',(#4864));
#4864 = FILL_AREA_STYLE_COLOUR('',#4801);
#4865 = SURFACE_STYLE_RENDERING_WITH_PROPERTIES(.NORMAL_SHADING.,#4801,(
    #4866));
#4866 = SURFACE_STYLE_TRANSPARENT(0.);
#4867 = OVER_RIDING_STYLED_ITEM('overriding color',(#4868),#563,#4747);
#4868 = PRESENTATION_STYLE_ASSIGNMENT((#4869));
#4869 = SURFACE_STYLE_USAGE(.BOTH.,#4870);
#4870 = SURFACE_SIDE_STYLE('',(#4871,#4874));
#4871 = SURFACE_STYLE_FILL_AREA(#4872);
#4872 = FILL_AREA_STYLE('',(#4873));
#4873 = FILL_AREA_STYLE_COLOUR('',#4801);
#4874 = SURFACE_STYLE_RENDERING_WITH_PROPERTIES(.NORMAL_SHADING.,#4801,(
    #4875));
#4875 = SURFACE_STYLE_TRANSPARENT(0.);
#4876 = OVER_RIDING_STYLED_ITEM('overriding color',(#4877),#649,#4747);
#4877 = PRESENTATION_STYLE_ASSIGNMENT((#4878));
#4878 = SURFACE_STYLE_USAGE(.BOTH.,#4879);
#4879 = SURFACE_SIDE_STYLE('',(#4880,#4883));
#4880 = SURFACE_STYLE_FILL_AREA(#4881);
#4881 = FILL_AREA_STYLE('',(#4882));
#4882 = FILL_AREA_STYLE_COLOUR('',#4801);
#4883 = SURFACE_STYLE_RENDERING_WITH_PROPERTIES(.NORMAL_SHADING.,#4801,(
    #4884));
#4884 = SURFACE_STYLE_TRANSPARENT(0.);
#4885 = OVER_RIDING_STYLED_ITEM('overriding color',(#4886),#721,#4747);
#4886 = PRESENTATION_STYLE_ASSIGNMENT((#4887));
#4887 = SURFACE_STYLE_USAGE(.BOTH.,#4888);
#4888 = SURFACE_SIDE_STYLE('',(#4889,#4892));
#4889 = SURFACE_STYLE_FILL_AREA(#4890);
#4890 = FILL_AREA_STYLE('',(#4891));
#4891 = FILL_AREA_STYLE_COLOUR('',#4801);
#4892 = SURFACE_STYLE_RENDERING_WITH_PROPERTIES(.NORMAL_SHADING.,#4801,(
    #4893));
#4893 = SURFACE_STYLE_TRANSPARENT(0.);
#4894 = OVER_RIDING_STYLED_ITEM('overriding color',(#4895),#745,#4747);
#4895 = PRESENTATION_STYLE_ASSIGNMENT((#4896));
#4896 = SURFACE_STYLE_USAGE(.BOTH.,#4897);
#4897 = SURFACE_SIDE_STYLE('',(#4898,#4901));
#4898 = SURFACE_STYLE_FILL_AREA(#4899);
#4899 = FILL_AREA_STYLE('',(#4900));
#4900 = FILL_AREA_STYLE_COLOUR('',#4801);
#4901 = SURFACE_STYLE_RENDERING_WITH_PROPERTIES(.NORMAL_SHADING.,#4801,(
    #4902));
#4902 = SURFACE_STYLE_TRANSPARENT(0.);
#4903 = OVER_RIDING_STYLED_ITEM('overriding color',(#4904),#769,#4747);
#4904 = PRESENTATION_STYLE_ASSIGNMENT((#4905));
#4905 = SURFACE_STYLE_USAGE(.BOTH.,#4906);
#4906 = SURFACE_SIDE_STYLE('',(#4907,#4910));
#4907 = SURFACE_STYLE_FILL_AREA(#4908);
#4908 = FILL_AREA_STYLE('',(#4909));
#4909 = FILL_AREA_STYLE_COLOUR('',#4801);
#4910 = SURFACE_STYLE_RENDERING_WITH_PROPERTIES(.NORMAL_SHADING.,#4801,(
    #4911));
#4911 = SURFACE_STYLE_TRANSPARENT(0.);
#4912 = OVER_RIDING_STYLED_ITEM('overriding color',(#4913),#786,#4747);
#4913 = PRESENTATION_STYLE_ASSIGNMENT((#4914));
#4914 = SURFACE_STYLE_USAGE(.BOTH.,#4915);
#4915 = SURFACE_SIDE_STYLE('',(#4916,#4919));
#4916 = SURFACE_STYLE_FILL_AREA(#4917);
#4917 = FILL_AREA_STYLE('',(#4918));
#4918 = FILL_AREA_STYLE_COLOUR('',#4801);
#4919 = SURFACE_STYLE_RENDERING_WITH_PROPERTIES(.NORMAL_SHADING.,#4801,(
    #4920));
#4920 = SURFACE_STYLE_TRANSPARENT(0.);
#4921 = OVER_RIDING_STYLED_ITEM('overriding color',(#4922),#863,#4747);
#4922 = PRESENTATION_STYLE_ASSIGNMENT((#4923));
#4923 = SURFACE_STYLE_USAGE(.BOTH.,#4924);
#4924 = SURFACE_SIDE_STYLE('',(#4925,#4928));
#4925 = SURFACE_STYLE_FILL_AREA(#4926);
#4926 = FILL_AREA_STYLE('',(#4927));
#4927 = FILL_AREA_STYLE_COLOUR('',#4801);
#4928 = SURFACE_STYLE_RENDERING_WITH_PROPERTIES(.NORMAL_SHADING.,#4801,(
    #4929));
#4929 = SURFACE_STYLE_TRANSPARENT(0.);
#4930 = OVER_RIDING_STYLED_ITEM('overriding color',(#4931),#885,#4747);
#4931 = PRESENTATION_STYLE_ASSIGNMENT((#4932));
#4932 = SURFACE_STYLE_USAGE(.BOTH.,#4933);
#4933 = SURFACE_SIDE_STYLE('',(#4934,#4937));
#4934 = SURFACE_STYLE_FILL_AREA(#4935);
#4935 = FILL_AREA_STYLE('',(#4936));
#4936 = FILL_AREA_STYLE_COLOUR('',#4801);
#4937 = SURFACE_STYLE_RENDERING_WITH_PROPERTIES(.NORMAL_SHADING.,#4801,(
    #4938));
#4938 = SURFACE_STYLE_TRANSPARENT(0.);
#4939 = OVER_RIDING_STYLED_ITEM('overriding color',(#4940),#950,#4747);
#4940 = PRESENTATION_STYLE_ASSIGNMENT((#4941));
#4941 = SURFACE_STYLE_USAGE(.BOTH.,#4942);
#4942 = SURFACE_SIDE_STYLE('',(#4943,#4946));
#4943 = SURFACE_STYLE_FILL_AREA(#4944);
#4944 = FILL_AREA_STYLE('',(#4945));
#4945 = FILL_AREA_STYLE_COLOUR('',#4801);
#4946 = SURFACE_STYLE_RENDERING_WITH_PROPERTIES(.NORMAL_SHADING.,#4801,(
    #4947));
#4947 = SURFACE_STYLE_TRANSPARENT(0.);
#4948 = OVER_RIDING_STYLED_ITEM('overriding color',(#4949),#990,#4747);
#4949 = PRESENTATION_STYLE_ASSIGNMENT((#4950));
#4950 = SURFACE_STYLE_USAGE(.BOTH.,#4951);
#4951 = SURFACE_SIDE_STYLE('',(#4952,#4955));
#4952 = SURFACE_STYLE_FILL_AREA(#4953);
#4953 = FILL_AREA_STYLE('',(#4954));
#4954 = FILL_AREA_STYLE_COLOUR('',#4801);
#4955 = SURFACE_STYLE_RENDERING_WITH_PROPERTIES(.NORMAL_SHADING.,#4801,(
    #4956));
#4956 = SURFACE_STYLE_TRANSPARENT(0.);
#4957 = OVER_RIDING_STYLED_ITEM('overriding color',(#4958),#1055,#4747);
#4958 = PRESENTATION_STYLE_ASSIGNMENT((#4959));
#4959 = SURFACE_STYLE_USAGE(.BOTH.,#4960);
#4960 = SURFACE_SIDE_STYLE('',(#4961,#4964));
#4961 = SURFACE_STYLE_FILL_AREA(#4962);
#4962 = FILL_AREA_STYLE('',(#4963));
#4963 = FILL_AREA_STYLE_COLOUR('',#4801);
#4964 = SURFACE_STYLE_RENDERING_WITH_PROPERTIES(.NORMAL_SHADING.,#4801,(
    #4965));
#4965 = SURFACE_STYLE_TRANSPARENT(0.);
#4966 = OVER_RIDING_STYLED_ITEM('overriding color',(#4967),#1118,#4747);
#4967 = PRESENTATION_STYLE_ASSIGNMENT((#4968));
#4968 = SURFACE_STYLE_USAGE(.BOTH.,#4969);
#4969 = SURFACE_SIDE_STYLE('',(#4970,#4973));
#4970 = SURFACE_STYLE_FILL_AREA(#4971);
#4971 = FILL_AREA_STYLE('',(#4972));
#4972 = FILL_AREA_STYLE_COLOUR('',#4801);
#4973 = SURFACE_STYLE_RENDERING_WITH_PROPERTIES(.NORMAL_SHADING.,#4801,(
    #4974));
#4974 = SURFACE_STYLE_TRANSPARENT(0.);
#4975 = OVER_RIDING_STYLED_ITEM('overriding color',(#4976),#1176,#4747);
#4976 = PRESENTATION_STYLE_ASSIGNMENT((#4977));
#4977 = SURFACE_STYLE_USAGE(.BOTH.,#4978);
#4978 = SURFACE_SIDE_STYLE('',(#4979,#4982));
#4979 = SURFACE_STYLE_FILL_AREA(#4980);
#4980 = FILL_AREA_STYLE('',(#4981));
#4981 = FILL_AREA_STYLE_COLOUR('',#4801);
#4982 = SURFACE_STYLE_RENDERING_WITH_PROPERTIES(.NORMAL_SHADING.,#4801,(
    #4983));
#4983 = SURFACE_STYLE_TRANSPARENT(0.);
#4984 = OVER_RIDING_STYLED_ITEM('overriding color',(#4985),#1207,#4747);
#4985 = PRESENTATION_STYLE_ASSIGNMENT((#4986));
#4986 = SURFACE_STYLE_USAGE(.BOTH.,#4987);
#4987 = SURFACE_SIDE_STYLE('',(#4988,#4991));
#4988 = SURFACE_STYLE_FILL_AREA(#4989);
#4989 = FILL_AREA_STYLE('',(#4990));
#4990 = FILL_AREA_STYLE_COLOUR('',#4801);
#4991 = SURFACE_STYLE_RENDERING_WITH_PROPERTIES(.NORMAL_SHADING.,#4801,(
    #4992));
#4992 = SURFACE_STYLE_TRANSPARENT(0.);
#4993 = OVER_RIDING_STYLED_ITEM('overriding color',(#4994),#1377,#4747);
#4994 = PRESENTATION_STYLE_ASSIGNMENT((#4995));
#4995 = SURFACE_STYLE_USAGE(.BOTH.,#4996);
#4996 = SURFACE_SIDE_STYLE('',(#4997,#5000));
#4997 = SURFACE_STYLE_FILL_AREA(#4998);
#4998 = FILL_AREA_STYLE('',(#4999));
#4999 = FILL_AREA_STYLE_COLOUR('',#4801);
#5000 = SURFACE_STYLE_RENDERING_WITH_PROPERTIES(.NORMAL_SHADING.,#4801,(
    #5001));
#5001 = SURFACE_STYLE_TRANSPARENT(0.);
#5002 = OVER_RIDING_STYLED_ITEM('overriding color',(#5003),#1401,#4747);
#5003 = PRESENTATION_STYLE_ASSIGNMENT((#5004));
#5004 = SURFACE_STYLE_USAGE(.BOTH.,#5005);
#5005 = SURFACE_SIDE_STYLE('',(#5006,#5009));
#5006 = SURFACE_STYLE_FILL_AREA(#5007);
#5007 = FILL_AREA_STYLE('',(#5008));
#5008 = FILL_AREA_STYLE_COLOUR('',#4801);
#5009 = SURFACE_STYLE_RENDERING_WITH_PROPERTIES(.NORMAL_SHADING.,#4801,(
    #5010));
#5010 = SURFACE_STYLE_TRANSPARENT(0.);
#5011 = OVER_RIDING_STYLED_ITEM('overriding color',(#5012),#1564,#4747);
#5012 = PRESENTATION_STYLE_ASSIGNMENT((#5013));
#5013 = SURFACE_STYLE_USAGE(.BOTH.,#5014);
#5014 = SURFACE_SIDE_STYLE('',(#5015,#5018));
#5015 = SURFACE_STYLE_FILL_AREA(#5016);
#5016 = FILL_AREA_STYLE('',(#5017));
#5017 = FILL_AREA_STYLE_COLOUR('',#4801);
#5018 = SURFACE_STYLE_RENDERING_WITH_PROPERTIES(.NORMAL_SHADING.,#4801,(
    #5019));
#5019 = SURFACE_STYLE_TRANSPARENT(0.);
#5020 = OVER_RIDING_STYLED_ITEM('overriding color',(#5021),#1750,#4747);
#5021 = PRESENTATION_STYLE_ASSIGNMENT((#5022));
#5022 = SURFACE_STYLE_USAGE(.BOTH.,#5023);
#5023 = SURFACE_SIDE_STYLE('',(#5024,#5027));
#5024 = SURFACE_STYLE_FILL_AREA(#5025);
#5025 = FILL_AREA_STYLE('',(#5026));
#5026 = FILL_AREA_STYLE_COLOUR('',#4801);
#5027 = SURFACE_STYLE_RENDERING_WITH_PROPERTIES(.NORMAL_SHADING.,#4801,(
    #5028));
#5028 = SURFACE_STYLE_TRANSPARENT(0.);
#5029 = OVER_RIDING_STYLED_ITEM('overriding color',(#5030),#1799,#4747);
#5030 = PRESENTATION_STYLE_ASSIGNMENT((#5031));
#5031 = SURFACE_STYLE_USAGE(.BOTH.,#5032);
#5032 = SURFACE_SIDE_STYLE('',(#5033,#5036));
#5033 = SURFACE_STYLE_FILL_AREA(#5034);
#5034 = FILL_AREA_STYLE('',(#5035));
#5035 = FILL_AREA_STYLE_COLOUR('',#4801);
#5036 = SURFACE_STYLE_RENDERING_WITH_PROPERTIES(.NORMAL_SHADING.,#4801,(
    #5037));
#5037 = SURFACE_STYLE_TRANSPARENT(0.);
#5038 = OVER_RIDING_STYLED_ITEM('overriding color',(#5039),#1823,#4747);
#5039 = PRESENTATION_STYLE_ASSIGNMENT((#5040));
#5040 = SURFACE_STYLE_USAGE(.BOTH.,#5041);
#5041 = SURFACE_SIDE_STYLE('',(#5042,#5045));
#5042 = SURFACE_STYLE_FILL_AREA(#5043);
#5043 = FILL_AREA_STYLE('',(#5044));
#5044 = FILL_AREA_STYLE_COLOUR('',#4801);
#5045 = SURFACE_STYLE_RENDERING_WITH_PROPERTIES(.NORMAL_SHADING.,#4801,(
    #5046));
#5046 = SURFACE_STYLE_TRANSPARENT(0.);
#5047 = OVER_RIDING_STYLED_ITEM('overriding color',(#5048),#1847,#4747);
#5048 = PRESENTATION_STYLE_ASSIGNMENT((#5049));
#5049 = SURFACE_STYLE_USAGE(.BOTH.,#5050);
#5050 = SURFACE_SIDE_STYLE('',(#5051,#5054));
#5051 = SURFACE_STYLE_FILL_AREA(#5052);
#5052 = FILL_AREA_STYLE('',(#5053));
#5053 = FILL_AREA_STYLE_COLOUR('',#4801);
#5054 = SURFACE_STYLE_RENDERING_WITH_PROPERTIES(.NORMAL_SHADING.,#4801,(
    #5055));
#5055 = SURFACE_STYLE_TRANSPARENT(0.);
#5056 = OVER_RIDING_STYLED_ITEM('overriding color',(#5057),#1872,#4747);
#5057 = PRESENTATION_STYLE_ASSIGNMENT((#5058));
#5058 = SURFACE_STYLE_USAGE(.BOTH.,#5059);
#5059 = SURFACE_SIDE_STYLE('',(#5060,#5063));
#5060 = SURFACE_STYLE_FILL_AREA(#5061);
#5061 = FILL_AREA_STYLE('',(#5062));
#5062 = FILL_AREA_STYLE_COLOUR('',#4801);
#5063 = SURFACE_STYLE_RENDERING_WITH_PROPERTIES(.NORMAL_SHADING.,#4801,(
    #5064));
#5064 = SURFACE_STYLE_TRANSPARENT(0.);
#5065 = OVER_RIDING_STYLED_ITEM('overriding color',(#5066),#1896,#4747);
#5066 = PRESENTATION_STYLE_ASSIGNMENT((#5067));
#5067 = SURFACE_STYLE_USAGE(.BOTH.,#5068);
#5068 = SURFACE_SIDE_STYLE('',(#5069,#5072));
#5069 = SURFACE_STYLE_FILL_AREA(#5070);
#5070 = FILL_AREA_STYLE('',(#5071));
#5071 = FILL_AREA_STYLE_COLOUR('',#4801);
#5072 = SURFACE_STYLE_RENDERING_WITH_PROPERTIES(.NORMAL_SHADING.,#4801,(
    #5073));
#5073 = SURFACE_STYLE_TRANSPARENT(0.);
#5074 = OVER_RIDING_STYLED_ITEM('overriding color',(#5075),#1914,#4747);
#5075 = PRESENTATION_STYLE_ASSIGNMENT((#5076));
#5076 = SURFACE_STYLE_USAGE(.BOTH.,#5077);
#5077 = SURFACE_SIDE_STYLE('',(#5078,#5081));
#5078 = SURFACE_STYLE_FILL_AREA(#5079);
#5079 = FILL_AREA_STYLE('',(#5080));
#5080 = FILL_AREA_STYLE_COLOUR('',#4801);
#5081 = SURFACE_STYLE_RENDERING_WITH_PROPERTIES(.NORMAL_SHADING.,#4801,(
    #5082));
#5082 = SURFACE_STYLE_TRANSPARENT(0.);
#5083 = OVER_RIDING_STYLED_ITEM('overriding color',(#5084),#1963,#4747);
#5084 = PRESENTATION_STYLE_ASSIGNMENT((#5085));
#5085 = SURFACE_STYLE_USAGE(.BOTH.,#5086);
#5086 = SURFACE_SIDE_STYLE('',(#5087,#5090));
#5087 = SURFACE_STYLE_FILL_AREA(#5088);
#5088 = FILL_AREA_STYLE('',(#5089));
#5089 = FILL_AREA_STYLE_COLOUR('',#4801);
#5090 = SURFACE_STYLE_RENDERING_WITH_PROPERTIES(.NORMAL_SHADING.,#4801,(
    #5091));
#5091 = SURFACE_STYLE_TRANSPARENT(0.);
#5092 = OVER_RIDING_STYLED_ITEM('overriding color',(#5093),#1987,#4747);
#5093 = PRESENTATION_STYLE_ASSIGNMENT((#5094));
#5094 = SURFACE_STYLE_USAGE(.BOTH.,#5095);
#5095 = SURFACE_SIDE_STYLE('',(#5096,#5099));
#5096 = SURFACE_STYLE_FILL_AREA(#5097);
#5097 = FILL_AREA_STYLE('',(#5098));
#5098 = FILL_AREA_STYLE_COLOUR('',#4801);
#5099 = SURFACE_STYLE_RENDERING_WITH_PROPERTIES(.NORMAL_SHADING.,#4801,(
    #5100));
#5100 = SURFACE_STYLE_TRANSPARENT(0.);
#5101 = OVER_RIDING_STYLED_ITEM('overriding color',(#5102),#2011,#4747);
#5102 = PRESENTATION_STYLE_ASSIGNMENT((#5103));
#5103 = SURFACE_STYLE_USAGE(.BOTH.,#5104);
#5104 = SURFACE_SIDE_STYLE('',(#5105,#5108));
#5105 = SURFACE_STYLE_FILL_AREA(#5106);
#5106 = FILL_AREA_STYLE('',(#5107));
#5107 = FILL_AREA_STYLE_COLOUR('',#4801);
#5108 = SURFACE_STYLE_RENDERING_WITH_PROPERTIES(.NORMAL_SHADING.,#4801,(
    #5109));
#5109 = SURFACE_STYLE_TRANSPARENT(0.);
#5110 = OVER_RIDING_STYLED_ITEM('overriding color',(#5111),#2036,#4747);
#5111 = PRESENTATION_STYLE_ASSIGNMENT((#5112));
#5112 = SURFACE_STYLE_USAGE(.BOTH.,#5113);
#5113 = SURFACE_SIDE_STYLE('',(#5114,#5117));
#5114 = SURFACE_STYLE_FILL_AREA(#5115);
#5115 = FILL_AREA_STYLE('',(#5116));
#5116 = FILL_AREA_STYLE_COLOUR('',#4801);
#5117 = SURFACE_STYLE_RENDERING_WITH_PROPERTIES(.NORMAL_SHADING.,#4801,(
    #5118));
#5118 = SURFACE_STYLE_TRANSPARENT(0.);
#5119 = OVER_RIDING_STYLED_ITEM('overriding color',(#5120),#2060,#4747);
#5120 = PRESENTATION_STYLE_ASSIGNMENT((#5121));
#5121 = SURFACE_STYLE_USAGE(.BOTH.,#5122);
#5122 = SURFACE_SIDE_STYLE('',(#5123,#5126));
#5123 = SURFACE_STYLE_FILL_AREA(#5124);
#5124 = FILL_AREA_STYLE('',(#5125));
#5125 = FILL_AREA_STYLE_COLOUR('',#4801);
#5126 = SURFACE_STYLE_RENDERING_WITH_PROPERTIES(.NORMAL_SHADING.,#4801,(
    #5127));
#5127 = SURFACE_STYLE_TRANSPARENT(0.);
#5128 = OVER_RIDING_STYLED_ITEM('overriding color',(#5129),#2078,#4747);
#5129 = PRESENTATION_STYLE_ASSIGNMENT((#5130));
#5130 = SURFACE_STYLE_USAGE(.BOTH.,#5131);
#5131 = SURFACE_SIDE_STYLE('',(#5132,#5135));
#5132 = SURFACE_STYLE_FILL_AREA(#5133);
#5133 = FILL_AREA_STYLE('',(#5134));
#5134 = FILL_AREA_STYLE_COLOUR('',#4801);
#5135 = SURFACE_STYLE_RENDERING_WITH_PROPERTIES(.NORMAL_SHADING.,#4801,(
    #5136));
#5136 = SURFACE_STYLE_TRANSPARENT(0.);
#5137 = OVER_RIDING_STYLED_ITEM('overriding color',(#5138),#2127,#4747);
#5138 = PRESENTATION_STYLE_ASSIGNMENT((#5139));
#5139 = SURFACE_STYLE_USAGE(.BOTH.,#5140);
#5140 = SURFACE_SIDE_STYLE('',(#5141,#5144));
#5141 = SURFACE_STYLE_FILL_AREA(#5142);
#5142 = FILL_AREA_STYLE('',(#5143));
#5143 = FILL_AREA_STYLE_COLOUR('',#4801);
#5144 = SURFACE_STYLE_RENDERING_WITH_PROPERTIES(.NORMAL_SHADING.,#4801,(
    #5145));
#5145 = SURFACE_STYLE_TRANSPARENT(0.);
#5146 = OVER_RIDING_STYLED_ITEM('overriding color',(#5147),#2151,#4747);
#5147 = PRESENTATION_STYLE_ASSIGNMENT((#5148));
#5148 = SURFACE_STYLE_USAGE(.BOTH.,#5149);
#5149 = SURFACE_SIDE_STYLE('',(#5150,#5153));
#5150 = SURFACE_STYLE_FILL_AREA(#5151);
#5151 = FILL_AREA_STYLE('',(#5152));
#5152 = FILL_AREA_STYLE_COLOUR('',#4801);
#5153 = SURFACE_STYLE_RENDERING_WITH_PROPERTIES(.NORMAL_SHADING.,#4801,(
    #5154));
#5154 = SURFACE_STYLE_TRANSPARENT(0.);
#5155 = OVER_RIDING_STYLED_ITEM('overriding color',(#5156),#2175,#4747);
#5156 = PRESENTATION_STYLE_ASSIGNMENT((#5157));
#5157 = SURFACE_STYLE_USAGE(.BOTH.,#5158);
#5158 = SURFACE_SIDE_STYLE('',(#5159,#5162));
#5159 = SURFACE_STYLE_FILL_AREA(#5160);
#5160 = FILL_AREA_STYLE('',(#5161));
#5161 = FILL_AREA_STYLE_COLOUR('',#4801);
#5162 = SURFACE_STYLE_RENDERING_WITH_PROPERTIES(.NORMAL_SHADING.,#4801,(
    #5163));
#5163 = SURFACE_STYLE_TRANSPARENT(0.);
#5164 = OVER_RIDING_STYLED_ITEM('overriding color',(#5165),#2200,#4747);
#5165 = PRESENTATION_STYLE_ASSIGNMENT((#5166));
#5166 = SURFACE_STYLE_USAGE(.BOTH.,#5167);
#5167 = SURFACE_SIDE_STYLE('',(#5168,#5171));
#5168 = SURFACE_STYLE_FILL_AREA(#5169);
#5169 = FILL_AREA_STYLE('',(#5170));
#5170 = FILL_AREA_STYLE_COLOUR('',#4801);
#5171 = SURFACE_STYLE_RENDERING_WITH_PROPERTIES(.NORMAL_SHADING.,#4801,(
    #5172));
#5172 = SURFACE_STYLE_TRANSPARENT(0.);
#5173 = OVER_RIDING_STYLED_ITEM('overriding color',(#5174),#2224,#4747);
#5174 = PRESENTATION_STYLE_ASSIGNMENT((#5175));
#5175 = SURFACE_STYLE_USAGE(.BOTH.,#5176);
#5176 = SURFACE_SIDE_STYLE('',(#5177,#5180));
#5177 = SURFACE_STYLE_FILL_AREA(#5178);
#5178 = FILL_AREA_STYLE('',(#5179));
#5179 = FILL_AREA_STYLE_COLOUR('',#4801);
#5180 = SURFACE_STYLE_RENDERING_WITH_PROPERTIES(.NORMAL_SHADING.,#4801,(
    #5181));
#5181 = SURFACE_STYLE_TRANSPARENT(0.);
#5182 = OVER_RIDING_STYLED_ITEM('overriding color',(#5183),#2242,#4747);
#5183 = PRESENTATION_STYLE_ASSIGNMENT((#5184));
#5184 = SURFACE_STYLE_USAGE(.BOTH.,#5185);
#5185 = SURFACE_SIDE_STYLE('',(#5186,#5189));
#5186 = SURFACE_STYLE_FILL_AREA(#5187);
#5187 = FILL_AREA_STYLE('',(#5188));
#5188 = FILL_AREA_STYLE_COLOUR('',#4801);
#5189 = SURFACE_STYLE_RENDERING_WITH_PROPERTIES(.NORMAL_SHADING.,#4801,(
    #5190));
#5190 = SURFACE_STYLE_TRANSPARENT(0.);
#5191 = OVER_RIDING_STYLED_ITEM('overriding color',(#5192),#2291,#4747);
#5192 = PRESENTATION_STYLE_ASSIGNMENT((#5193));
#5193 = SURFACE_STYLE_USAGE(.BOTH.,#5194);
#5194 = SURFACE_SIDE_STYLE('',(#5195,#5198));
#5195 = SURFACE_STYLE_FILL_AREA(#5196);
#5196 = FILL_AREA_STYLE('',(#5197));
#5197 = FILL_AREA_STYLE_COLOUR('',#4801);
#5198 = SURFACE_STYLE_RENDERING_WITH_PROPERTIES(.NORMAL_SHADING.,#4801,(
    #5199));
#5199 = SURFACE_STYLE_TRANSPARENT(0.);
#5200 = OVER_RIDING_STYLED_ITEM('overriding color',(#5201),#2315,#4747);
#5201 = PRESENTATION_STYLE_ASSIGNMENT((#5202));
#5202 = SURFACE_STYLE_USAGE(.BOTH.,#5203);
#5203 = SURFACE_SIDE_STYLE('',(#5204,#5207));
#5204 = SURFACE_STYLE_FILL_AREA(#5205);
#5205 = FILL_AREA_STYLE('',(#5206));
#5206 = FILL_AREA_STYLE_COLOUR('',#4801);
#5207 = SURFACE_STYLE_RENDERING_WITH_PROPERTIES(.NORMAL_SHADING.,#4801,(
    #5208));
#5208 = SURFACE_STYLE_TRANSPARENT(0.);
#5209 = OVER_RIDING_STYLED_ITEM('overriding color',(#5210),#2339,#4747);
#5210 = PRESENTATION_STYLE_ASSIGNMENT((#5211));
#5211 = SURFACE_STYLE_USAGE(.BOTH.,#5212);
#5212 = SURFACE_SIDE_STYLE('',(#5213,#5216));
#5213 = SURFACE_STYLE_FILL_AREA(#5214);
#5214 = FILL_AREA_STYLE('',(#5215));
#5215 = FILL_AREA_STYLE_COLOUR('',#4801);
#5216 = SURFACE_STYLE_RENDERING_WITH_PROPERTIES(.NORMAL_SHADING.,#4801,(
    #5217));
#5217 = SURFACE_STYLE_TRANSPARENT(0.);
#5218 = OVER_RIDING_STYLED_ITEM('overriding color',(#5219),#2364,#4747);
#5219 = PRESENTATION_STYLE_ASSIGNMENT((#5220));
#5220 = SURFACE_STYLE_USAGE(.BOTH.,#5221);
#5221 = SURFACE_SIDE_STYLE('',(#5222,#5225));
#5222 = SURFACE_STYLE_FILL_AREA(#5223);
#5223 = FILL_AREA_STYLE('',(#5224));
#5224 = FILL_AREA_STYLE_COLOUR('',#4801);
#5225 = SURFACE_STYLE_RENDERING_WITH_PROPERTIES(.NORMAL_SHADING.,#4801,(
    #5226));
#5226 = SURFACE_STYLE_TRANSPARENT(0.);
#5227 = OVER_RIDING_STYLED_ITEM('overriding color',(#5228),#2388,#4747);
#5228 = PRESENTATION_STYLE_ASSIGNMENT((#5229));
#5229 = SURFACE_STYLE_USAGE(.BOTH.,#5230);
#5230 = SURFACE_SIDE_STYLE('',(#5231,#5234));
#5231 = SURFACE_STYLE_FILL_AREA(#5232);
#5232 = FILL_AREA_STYLE('',(#5233));
#5233 = FILL_AREA_STYLE_COLOUR('',#4801);
#5234 = SURFACE_STYLE_RENDERING_WITH_PROPERTIES(.NORMAL_SHADING.,#4801,(
    #5235));
#5235 = SURFACE_STYLE_TRANSPARENT(0.);
#5236 = OVER_RIDING_STYLED_ITEM('overriding color',(#5237),#2406,#4747);
#5237 = PRESENTATION_STYLE_ASSIGNMENT((#5238));
#5238 = SURFACE_STYLE_USAGE(.BOTH.,#5239);
#5239 = SURFACE_SIDE_STYLE('',(#5240,#5243));
#5240 = SURFACE_STYLE_FILL_AREA(#5241);
#5241 = FILL_AREA_STYLE('',(#5242));
#5242 = FILL_AREA_STYLE_COLOUR('',#4801);
#5243 = SURFACE_STYLE_RENDERING_WITH_PROPERTIES(.NORMAL_SHADING.,#4801,(
    #5244));
#5244 = SURFACE_STYLE_TRANSPARENT(0.);
#5245 = OVER_RIDING_STYLED_ITEM('overriding color',(#5246),#2424,#4747);
#5246 = PRESENTATION_STYLE_ASSIGNMENT((#5247));
#5247 = SURFACE_STYLE_USAGE(.BOTH.,#5248);
#5248 = SURFACE_SIDE_STYLE('',(#5249,#5252));
#5249 = SURFACE_STYLE_FILL_AREA(#5250);
#5250 = FILL_AREA_STYLE('',(#5251));
#5251 = FILL_AREA_STYLE_COLOUR('',#4801);
#5252 = SURFACE_STYLE_RENDERING_WITH_PROPERTIES(.NORMAL_SHADING.,#4801,(
    #5253));
#5253 = SURFACE_STYLE_TRANSPARENT(0.);
#5254 = OVER_RIDING_STYLED_ITEM('overriding color',(#5255),#2434,#4747);
#5255 = PRESENTATION_STYLE_ASSIGNMENT((#5256));
#5256 = SURFACE_STYLE_USAGE(.BOTH.,#5257);
#5257 = SURFACE_SIDE_STYLE('',(#5258,#5261));
#5258 = SURFACE_STYLE_FILL_AREA(#5259);
#5259 = FILL_AREA_STYLE('',(#5260));
#5260 = FILL_AREA_STYLE_COLOUR('',#4801);
#5261 = SURFACE_STYLE_RENDERING_WITH_PROPERTIES(.NORMAL_SHADING.,#4801,(
    #5262));
#5262 = SURFACE_STYLE_TRANSPARENT(0.);
#5263 = OVER_RIDING_STYLED_ITEM('overriding color',(#5264),#2483,#4747);
#5264 = PRESENTATION_STYLE_ASSIGNMENT((#5265));
#5265 = SURFACE_STYLE_USAGE(.BOTH.,#5266);
#5266 = SURFACE_SIDE_STYLE('',(#5267,#5270));
#5267 = SURFACE_STYLE_FILL_AREA(#5268);
#5268 = FILL_AREA_STYLE('',(#5269));
#5269 = FILL_AREA_STYLE_COLOUR('',#4801);
#5270 = SURFACE_STYLE_RENDERING_WITH_PROPERTIES(.NORMAL_SHADING.,#4801,(
    #5271));
#5271 = SURFACE_STYLE_TRANSPARENT(0.);
#5272 = OVER_RIDING_STYLED_ITEM('overriding color',(#5273),#2507,#4747);
#5273 = PRESENTATION_STYLE_ASSIGNMENT((#5274));
#5274 = SURFACE_STYLE_USAGE(.BOTH.,#5275);
#5275 = SURFACE_SIDE_STYLE('',(#5276,#5279));
#5276 = SURFACE_STYLE_FILL_AREA(#5277);
#5277 = FILL_AREA_STYLE('',(#5278));
#5278 = FILL_AREA_STYLE_COLOUR('',#4801);
#5279 = SURFACE_STYLE_RENDERING_WITH_PROPERTIES(.NORMAL_SHADING.,#4801,(
    #5280));
#5280 = SURFACE_STYLE_TRANSPARENT(0.);
#5281 = OVER_RIDING_STYLED_ITEM('overriding color',(#5282),#2531,#4747);
#5282 = PRESENTATION_STYLE_ASSIGNMENT((#5283));
#5283 = SURFACE_STYLE_USAGE(.BOTH.,#5284);
#5284 = SURFACE_SIDE_STYLE('',(#5285,#5288));
#5285 = SURFACE_STYLE_FILL_AREA(#5286);
#5286 = FILL_AREA_STYLE('',(#5287));
#5287 = FILL_AREA_STYLE_COLOUR('',#4801);
#5288 = SURFACE_STYLE_RENDERING_WITH_PROPERTIES(.NORMAL_SHADING.,#4801,(
    #5289));
#5289 = SURFACE_STYLE_TRANSPARENT(0.);
#5290 = OVER_RIDING_STYLED_ITEM('overriding color',(#5291),#2556,#4747);
#5291 = PRESENTATION_STYLE_ASSIGNMENT((#5292));
#5292 = SURFACE_STYLE_USAGE(.BOTH.,#5293);
#5293 = SURFACE_SIDE_STYLE('',(#5294,#5297));
#5294 = SURFACE_STYLE_FILL_AREA(#5295);
#5295 = FILL_AREA_STYLE('',(#5296));
#5296 = FILL_AREA_STYLE_COLOUR('',#4801);
#5297 = SURFACE_STYLE_RENDERING_WITH_PROPERTIES(.NORMAL_SHADING.,#4801,(
    #5298));
#5298 = SURFACE_STYLE_TRANSPARENT(0.);
#5299 = OVER_RIDING_STYLED_ITEM('overriding color',(#5300),#2580,#4747);
#5300 = PRESENTATION_STYLE_ASSIGNMENT((#5301));
#5301 = SURFACE_STYLE_USAGE(.BOTH.,#5302);
#5302 = SURFACE_SIDE_STYLE('',(#5303,#5306));
#5303 = SURFACE_STYLE_FILL_AREA(#5304);
#5304 = FILL_AREA_STYLE('',(#5305));
#5305 = FILL_AREA_STYLE_COLOUR('',#4801);
#5306 = SURFACE_STYLE_RENDERING_WITH_PROPERTIES(.NORMAL_SHADING.,#4801,(
    #5307));
#5307 = SURFACE_STYLE_TRANSPARENT(0.);
#5308 = OVER_RIDING_STYLED_ITEM('overriding color',(#5309),#2598,#4747);
#5309 = PRESENTATION_STYLE_ASSIGNMENT((#5310));
#5310 = SURFACE_STYLE_USAGE(.BOTH.,#5311);
#5311 = SURFACE_SIDE_STYLE('',(#5312,#5315));
#5312 = SURFACE_STYLE_FILL_AREA(#5313);
#5313 = FILL_AREA_STYLE('',(#5314));
#5314 = FILL_AREA_STYLE_COLOUR('',#4801);
#5315 = SURFACE_STYLE_RENDERING_WITH_PROPERTIES(.NORMAL_SHADING.,#4801,(
    #5316));
#5316 = SURFACE_STYLE_TRANSPARENT(0.);
#5317 = OVER_RIDING_STYLED_ITEM('overriding color',(#5318),#2616,#4747);
#5318 = PRESENTATION_STYLE_ASSIGNMENT((#5319));
#5319 = SURFACE_STYLE_USAGE(.BOTH.,#5320);
#5320 = SURFACE_SIDE_STYLE('',(#5321,#5324));
#5321 = SURFACE_STYLE_FILL_AREA(#5322);
#5322 = FILL_AREA_STYLE('',(#5323));
#5323 = FILL_AREA_STYLE_COLOUR('',#4801);
#5324 = SURFACE_STYLE_RENDERING_WITH_PROPERTIES(.NORMAL_SHADING.,#4801,(
    #5325));
#5325 = SURFACE_STYLE_TRANSPARENT(0.);
#5326 = OVER_RIDING_STYLED_ITEM('overriding color',(#5327),#2632,#4747);
#5327 = PRESENTATION_STYLE_ASSIGNMENT((#5328));
#5328 = SURFACE_STYLE_USAGE(.BOTH.,#5329);
#5329 = SURFACE_SIDE_STYLE('',(#5330,#5333));
#5330 = SURFACE_STYLE_FILL_AREA(#5331);
#5331 = FILL_AREA_STYLE('',(#5332));
#5332 = FILL_AREA_STYLE_COLOUR('',#4801);
#5333 = SURFACE_STYLE_RENDERING_WITH_PROPERTIES(.NORMAL_SHADING.,#4801,(
    #5334));
#5334 = SURFACE_STYLE_TRANSPARENT(0.);
#5335 = OVER_RIDING_STYLED_ITEM('overriding color',(#5336),#2650,#4747);
#5336 = PRESENTATION_STYLE_ASSIGNMENT((#5337));
#5337 = SURFACE_STYLE_USAGE(.BOTH.,#5338);
#5338 = SURFACE_SIDE_STYLE('',(#5339,#5342));
#5339 = SURFACE_STYLE_FILL_AREA(#5340);
#5340 = FILL_AREA_STYLE('',(#5341));
#5341 = FILL_AREA_STYLE_COLOUR('',#4801);
#5342 = SURFACE_STYLE_RENDERING_WITH_PROPERTIES(.NORMAL_SHADING.,#4801,(
    #5343));
#5343 = SURFACE_STYLE_TRANSPARENT(0.);
#5344 = OVER_RIDING_STYLED_ITEM('overriding color',(#5345),#2668,#4747);
#5345 = PRESENTATION_STYLE_ASSIGNMENT((#5346));
#5346 = SURFACE_STYLE_USAGE(.BOTH.,#5347);
#5347 = SURFACE_SIDE_STYLE('',(#5348,#5351));
#5348 = SURFACE_STYLE_FILL_AREA(#5349);
#5349 = FILL_AREA_STYLE('',(#5350));
#5350 = FILL_AREA_STYLE_COLOUR('',#4801);
#5351 = SURFACE_STYLE_RENDERING_WITH_PROPERTIES(.NORMAL_SHADING.,#4801,(
    #5352));
#5352 = SURFACE_STYLE_TRANSPARENT(0.);
#5353 = OVER_RIDING_STYLED_ITEM('overriding color',(#5354),#2686,#4747);
#5354 = PRESENTATION_STYLE_ASSIGNMENT((#5355));
#5355 = SURFACE_STYLE_USAGE(.BOTH.,#5356);
#5356 = SURFACE_SIDE_STYLE('',(#5357,#5360));
#5357 = SURFACE_STYLE_FILL_AREA(#5358);
#5358 = FILL_AREA_STYLE('',(#5359));
#5359 = FILL_AREA_STYLE_COLOUR('',#4801);
#5360 = SURFACE_STYLE_RENDERING_WITH_PROPERTIES(.NORMAL_SHADING.,#4801,(
    #5361));
#5361 = SURFACE_STYLE_TRANSPARENT(0.);
#5362 = OVER_RIDING_STYLED_ITEM('overriding color',(#5363),#2704,#4747);
#5363 = PRESENTATION_STYLE_ASSIGNMENT((#5364));
#5364 = SURFACE_STYLE_USAGE(.BOTH.,#5365);
#5365 = SURFACE_SIDE_STYLE('',(#5366,#5369));
#5366 = SURFACE_STYLE_FILL_AREA(#5367);
#5367 = FILL_AREA_STYLE('',(#5368));
#5368 = FILL_AREA_STYLE_COLOUR('',#4801);
#5369 = SURFACE_STYLE_RENDERING_WITH_PROPERTIES(.NORMAL_SHADING.,#4801,(
    #5370));
#5370 = SURFACE_STYLE_TRANSPARENT(0.);
#5371 = OVER_RIDING_STYLED_ITEM('overriding color',(#5372),#2716,#4747);
#5372 = PRESENTATION_STYLE_ASSIGNMENT((#5373));
#5373 = SURFACE_STYLE_USAGE(.BOTH.,#5374);
#5374 = SURFACE_SIDE_STYLE('',(#5375,#5378));
#5375 = SURFACE_STYLE_FILL_AREA(#5376);
#5376 = FILL_AREA_STYLE('',(#5377));
#5377 = FILL_AREA_STYLE_COLOUR('',#4801);
#5378 = SURFACE_STYLE_RENDERING_WITH_PROPERTIES(.NORMAL_SHADING.,#4801,(
    #5379));
#5379 = SURFACE_STYLE_TRANSPARENT(0.);
#5380 = OVER_RIDING_STYLED_ITEM('overriding color',(#5381),#2734,#4747);
#5381 = PRESENTATION_STYLE_ASSIGNMENT((#5382));
#5382 = SURFACE_STYLE_USAGE(.BOTH.,#5383);
#5383 = SURFACE_SIDE_STYLE('',(#5384,#5387));
#5384 = SURFACE_STYLE_FILL_AREA(#5385);
#5385 = FILL_AREA_STYLE('',(#5386));
#5386 = FILL_AREA_STYLE_COLOUR('',#4801);
#5387 = SURFACE_STYLE_RENDERING_WITH_PROPERTIES(.NORMAL_SHADING.,#4801,(
    #5388));
#5388 = SURFACE_STYLE_TRANSPARENT(0.);
#5389 = OVER_RIDING_STYLED_ITEM('overriding color',(#5390),#2752,#4747);
#5390 = PRESENTATION_STYLE_ASSIGNMENT((#5391));
#5391 = SURFACE_STYLE_USAGE(.BOTH.,#5392);
#5392 = SURFACE_SIDE_STYLE('',(#5393,#5396));
#5393 = SURFACE_STYLE_FILL_AREA(#5394);
#5394 = FILL_AREA_STYLE('',(#5395));
#5395 = FILL_AREA_STYLE_COLOUR('',#4801);
#5396 = SURFACE_STYLE_RENDERING_WITH_PROPERTIES(.NORMAL_SHADING.,#4801,(
    #5397));
#5397 = SURFACE_STYLE_TRANSPARENT(0.);
#5398 = OVER_RIDING_STYLED_ITEM('overriding color',(#5399),#2770,#4747);
#5399 = PRESENTATION_STYLE_ASSIGNMENT((#5400));
#5400 = SURFACE_STYLE_USAGE(.BOTH.,#5401);
#5401 = SURFACE_SIDE_STYLE('',(#5402,#5405));
#5402 = SURFACE_STYLE_FILL_AREA(#5403);
#5403 = FILL_AREA_STYLE('',(#5404));
#5404 = FILL_AREA_STYLE_COLOUR('',#4801);
#5405 = SURFACE_STYLE_RENDERING_WITH_PROPERTIES(.NORMAL_SHADING.,#4801,(
    #5406));
#5406 = SURFACE_STYLE_TRANSPARENT(0.);
#5407 = OVER_RIDING_STYLED_ITEM('overriding color',(#5408),#2788,#4747);
#5408 = PRESENTATION_STYLE_ASSIGNMENT((#5409));
#5409 = SURFACE_STYLE_USAGE(.BOTH.,#5410);
#5410 = SURFACE_SIDE_STYLE('',(#5411,#5414));
#5411 = SURFACE_STYLE_FILL_AREA(#5412);
#5412 = FILL_AREA_STYLE('',(#5413));
#5413 = FILL_AREA_STYLE_COLOUR('',#4801);
#5414 = SURFACE_STYLE_RENDERING_WITH_PROPERTIES(.NORMAL_SHADING.,#4801,(
    #5415));
#5415 = SURFACE_STYLE_TRANSPARENT(0.);
#5416 = OVER_RIDING_STYLED_ITEM('overriding color',(#5417),#2800,#4747);
#5417 = PRESENTATION_STYLE_ASSIGNMENT((#5418));
#5418 = SURFACE_STYLE_USAGE(.BOTH.,#5419);
#5419 = SURFACE_SIDE_STYLE('',(#5420,#5423));
#5420 = SURFACE_STYLE_FILL_AREA(#5421);
#5421 = FILL_AREA_STYLE('',(#5422));
#5422 = FILL_AREA_STYLE_COLOUR('',#4801);
#5423 = SURFACE_STYLE_RENDERING_WITH_PROPERTIES(.NORMAL_SHADING.,#4801,(
    #5424));
#5424 = SURFACE_STYLE_TRANSPARENT(0.);
#5425 = OVER_RIDING_STYLED_ITEM('overriding color',(#5426),#2818,#4747);
#5426 = PRESENTATION_STYLE_ASSIGNMENT((#5427));
#5427 = SURFACE_STYLE_USAGE(.BOTH.,#5428);
#5428 = SURFACE_SIDE_STYLE('',(#5429,#5432));
#5429 = SURFACE_STYLE_FILL_AREA(#5430);
#5430 = FILL_AREA_STYLE('',(#5431));
#5431 = FILL_AREA_STYLE_COLOUR('',#4801);
#5432 = SURFACE_STYLE_RENDERING_WITH_PROPERTIES(.NORMAL_SHADING.,#4801,(
    #5433));
#5433 = SURFACE_STYLE_TRANSPARENT(0.);
#5434 = OVER_RIDING_STYLED_ITEM('overriding color',(#5435),#2836,#4747);
#5435 = PRESENTATION_STYLE_ASSIGNMENT((#5436));
#5436 = SURFACE_STYLE_USAGE(.BOTH.,#5437);
#5437 = SURFACE_SIDE_STYLE('',(#5438,#5441));
#5438 = SURFACE_STYLE_FILL_AREA(#5439);
#5439 = FILL_AREA_STYLE('',(#5440));
#5440 = FILL_AREA_STYLE_COLOUR('',#4801);
#5441 = SURFACE_STYLE_RENDERING_WITH_PROPERTIES(.NORMAL_SHADING.,#4801,(
    #5442));
#5442 = SURFACE_STYLE_TRANSPARENT(0.);
#5443 = OVER_RIDING_STYLED_ITEM('overriding color',(#5444),#2854,#4747);
#5444 = PRESENTATION_STYLE_ASSIGNMENT((#5445));
#5445 = SURFACE_STYLE_USAGE(.BOTH.,#5446);
#5446 = SURFACE_SIDE_STYLE('',(#5447,#5450));
#5447 = SURFACE_STYLE_FILL_AREA(#5448);
#5448 = FILL_AREA_STYLE('',(#5449));
#5449 = FILL_AREA_STYLE_COLOUR('',#4801);
#5450 = SURFACE_STYLE_RENDERING_WITH_PROPERTIES(.NORMAL_SHADING.,#4801,(
    #5451));
#5451 = SURFACE_STYLE_TRANSPARENT(0.);
#5452 = OVER_RIDING_STYLED_ITEM('overriding color',(#5453),#2872,#4747);
#5453 = PRESENTATION_STYLE_ASSIGNMENT((#5454));
#5454 = SURFACE_STYLE_USAGE(.BOTH.,#5455);
#5455 = SURFACE_SIDE_STYLE('',(#5456,#5459));
#5456 = SURFACE_STYLE_FILL_AREA(#5457);
#5457 = FILL_AREA_STYLE('',(#5458));
#5458 = FILL_AREA_STYLE_COLOUR('',#4801);
#5459 = SURFACE_STYLE_RENDERING_WITH_PROPERTIES(.NORMAL_SHADING.,#4801,(
    #5460));
#5460 = SURFACE_STYLE_TRANSPARENT(0.);
#5461 = OVER_RIDING_STYLED_ITEM('overriding color',(#5462),#2884,#4747);
#5462 = PRESENTATION_STYLE_ASSIGNMENT((#5463));
#5463 = SURFACE_STYLE_USAGE(.BOTH.,#5464);
#5464 = SURFACE_SIDE_STYLE('',(#5465,#5468));
#5465 = SURFACE_STYLE_FILL_AREA(#5466);
#5466 = FILL_AREA_STYLE('',(#5467));
#5467 = FILL_AREA_STYLE_COLOUR('',#4801);
#5468 = SURFACE_STYLE_RENDERING_WITH_PROPERTIES(.NORMAL_SHADING.,#4801,(
    #5469));
#5469 = SURFACE_STYLE_TRANSPARENT(0.);
#5470 = OVER_RIDING_STYLED_ITEM('overriding color',(#5471),#2902,#4747);
#5471 = PRESENTATION_STYLE_ASSIGNMENT((#5472));
#5472 = SURFACE_STYLE_USAGE(.BOTH.,#5473);
#5473 = SURFACE_SIDE_STYLE('',(#5474,#5477));
#5474 = SURFACE_STYLE_FILL_AREA(#5475);
#5475 = FILL_AREA_STYLE('',(#5476));
#5476 = FILL_AREA_STYLE_COLOUR('',#4801);
#5477 = SURFACE_STYLE_RENDERING_WITH_PROPERTIES(.NORMAL_SHADING.,#4801,(
    #5478));
#5478 = SURFACE_STYLE_TRANSPARENT(0.);
#5479 = OVER_RIDING_STYLED_ITEM('overriding color',(#5480),#2920,#4747);
#5480 = PRESENTATION_STYLE_ASSIGNMENT((#5481));
#5481 = SURFACE_STYLE_USAGE(.BOTH.,#5482);
#5482 = SURFACE_SIDE_STYLE('',(#5483,#5486));
#5483 = SURFACE_STYLE_FILL_AREA(#5484);
#5484 = FILL_AREA_STYLE('',(#5485));
#5485 = FILL_AREA_STYLE_COLOUR('',#4801);
#5486 = SURFACE_STYLE_RENDERING_WITH_PROPERTIES(.NORMAL_SHADING.,#4801,(
    #5487));
#5487 = SURFACE_STYLE_TRANSPARENT(0.);
#5488 = OVER_RIDING_STYLED_ITEM('overriding color',(#5489),#2938,#4747);
#5489 = PRESENTATION_STYLE_ASSIGNMENT((#5490));
#5490 = SURFACE_STYLE_USAGE(.BOTH.,#5491);
#5491 = SURFACE_SIDE_STYLE('',(#5492,#5495));
#5492 = SURFACE_STYLE_FILL_AREA(#5493);
#5493 = FILL_AREA_STYLE('',(#5494));
#5494 = FILL_AREA_STYLE_COLOUR('',#4801);
#5495 = SURFACE_STYLE_RENDERING_WITH_PROPERTIES(.NORMAL_SHADING.,#4801,(
    #5496));
#5496 = SURFACE_STYLE_TRANSPARENT(0.);
#5497 = OVER_RIDING_STYLED_ITEM('overriding color',(#5498),#2956,#4747);
#5498 = PRESENTATION_STYLE_ASSIGNMENT((#5499));
#5499 = SURFACE_STYLE_USAGE(.BOTH.,#5500);
#5500 = SURFACE_SIDE_STYLE('',(#5501,#5504));
#5501 = SURFACE_STYLE_FILL_AREA(#5502);
#5502 = FILL_AREA_STYLE('',(#5503));
#5503 = FILL_AREA_STYLE_COLOUR('',#4801);
#5504 = SURFACE_STYLE_RENDERING_WITH_PROPERTIES(.NORMAL_SHADING.,#4801,(
    #5505));
#5505 = SURFACE_STYLE_TRANSPARENT(0.);
#5506 = OVER_RIDING_STYLED_ITEM('overriding color',(#5507),#2968,#4747);
#5507 = PRESENTATION_STYLE_ASSIGNMENT((#5508));
#5508 = SURFACE_STYLE_USAGE(.BOTH.,#5509);
#5509 = SURFACE_SIDE_STYLE('',(#5510,#5513));
#5510 = SURFACE_STYLE_FILL_AREA(#5511);
#5511 = FILL_AREA_STYLE('',(#5512));
#5512 = FILL_AREA_STYLE_COLOUR('',#4801);
#5513 = SURFACE_STYLE_RENDERING_WITH_PROPERTIES(.NORMAL_SHADING.,#4801,(
    #5514));
#5514 = SURFACE_STYLE_TRANSPARENT(0.);
#5515 = OVER_RIDING_STYLED_ITEM('overriding color',(#5516),#2986,#4747);
#5516 = PRESENTATION_STYLE_ASSIGNMENT((#5517));
#5517 = SURFACE_STYLE_USAGE(.BOTH.,#5518);
#5518 = SURFACE_SIDE_STYLE('',(#5519,#5522));
#5519 = SURFACE_STYLE_FILL_AREA(#5520);
#5520 = FILL_AREA_STYLE('',(#5521));
#5521 = FILL_AREA_STYLE_COLOUR('',#4801);
#5522 = SURFACE_STYLE_RENDERING_WITH_PROPERTIES(.NORMAL_SHADING.,#4801,(
    #5523));
#5523 = SURFACE_STYLE_TRANSPARENT(0.);
#5524 = OVER_RIDING_STYLED_ITEM('overriding color',(#5525),#3004,#4747);
#5525 = PRESENTATION_STYLE_ASSIGNMENT((#5526));
#5526 = SURFACE_STYLE_USAGE(.BOTH.,#5527);
#5527 = SURFACE_SIDE_STYLE('',(#5528,#5531));
#5528 = SURFACE_STYLE_FILL_AREA(#5529);
#5529 = FILL_AREA_STYLE('',(#5530));
#5530 = FILL_AREA_STYLE_COLOUR('',#4801);
#5531 = SURFACE_STYLE_RENDERING_WITH_PROPERTIES(.NORMAL_SHADING.,#4801,(
    #5532));
#5532 = SURFACE_STYLE_TRANSPARENT(0.);
#5533 = OVER_RIDING_STYLED_ITEM('overriding color',(#5534),#3022,#4747);
#5534 = PRESENTATION_STYLE_ASSIGNMENT((#5535));
#5535 = SURFACE_STYLE_USAGE(.BOTH.,#5536);
#5536 = SURFACE_SIDE_STYLE('',(#5537,#5540));
#5537 = SURFACE_STYLE_FILL_AREA(#5538);
#5538 = FILL_AREA_STYLE('',(#5539));
#5539 = FILL_AREA_STYLE_COLOUR('',#4801);
#5540 = SURFACE_STYLE_RENDERING_WITH_PROPERTIES(.NORMAL_SHADING.,#4801,(
    #5541));
#5541 = SURFACE_STYLE_TRANSPARENT(0.);
#5542 = OVER_RIDING_STYLED_ITEM('overriding color',(#5543),#3040,#4747);
#5543 = PRESENTATION_STYLE_ASSIGNMENT((#5544));
#5544 = SURFACE_STYLE_USAGE(.BOTH.,#5545);
#5545 = SURFACE_SIDE_STYLE('',(#5546,#5549));
#5546 = SURFACE_STYLE_FILL_AREA(#5547);
#5547 = FILL_AREA_STYLE('',(#5548));
#5548 = FILL_AREA_STYLE_COLOUR('',#4801);
#5549 = SURFACE_STYLE_RENDERING_WITH_PROPERTIES(.NORMAL_SHADING.,#4801,(
    #5550));
#5550 = SURFACE_STYLE_TRANSPARENT(0.);
#5551 = OVER_RIDING_STYLED_ITEM('overriding color',(#5552),#3052,#4747);
#5552 = PRESENTATION_STYLE_ASSIGNMENT((#5553));
#5553 = SURFACE_STYLE_USAGE(.BOTH.,#5554);
#5554 = SURFACE_SIDE_STYLE('',(#5555,#5558));
#5555 = SURFACE_STYLE_FILL_AREA(#5556);
#5556 = FILL_AREA_STYLE('',(#5557));
#5557 = FILL_AREA_STYLE_COLOUR('',#4801);
#5558 = SURFACE_STYLE_RENDERING_WITH_PROPERTIES(.NORMAL_SHADING.,#4801,(
    #5559));
#5559 = SURFACE_STYLE_TRANSPARENT(0.);
#5560 = OVER_RIDING_STYLED_ITEM('overriding color',(#5561),#3064,#4747);
#5561 = PRESENTATION_STYLE_ASSIGNMENT((#5562));
#5562 = SURFACE_STYLE_USAGE(.BOTH.,#5563);
#5563 = SURFACE_SIDE_STYLE('',(#5564,#5567));
#5564 = SURFACE_STYLE_FILL_AREA(#5565);
#5565 = FILL_AREA_STYLE('',(#5566));
#5566 = FILL_AREA_STYLE_COLOUR('',#4754);
#5567 = SURFACE_STYLE_RENDERING_WITH_PROPERTIES(.NORMAL_SHADING.,#4754,(
    #5568));
#5568 = SURFACE_STYLE_TRANSPARENT(0.);
#5569 = OVER_RIDING_STYLED_ITEM('overriding color',(#5570),#3086,#4747);
#5570 = PRESENTATION_STYLE_ASSIGNMENT((#5571));
#5571 = SURFACE_STYLE_USAGE(.BOTH.,#5572);
#5572 = SURFACE_SIDE_STYLE('',(#5573,#5576));
#5573 = SURFACE_STYLE_FILL_AREA(#5574);
#5574 = FILL_AREA_STYLE('',(#5575));
#5575 = FILL_AREA_STYLE_COLOUR('',#4754);
#5576 = SURFACE_STYLE_RENDERING_WITH_PROPERTIES(.NORMAL_SHADING.,#4754,(
    #5577));
#5577 = SURFACE_STYLE_TRANSPARENT(0.);
#5578 = OVER_RIDING_STYLED_ITEM('overriding color',(#5579),#3117,#4747);
#5579 = PRESENTATION_STYLE_ASSIGNMENT((#5580));
#5580 = SURFACE_STYLE_USAGE(.BOTH.,#5581);
#5581 = SURFACE_SIDE_STYLE('',(#5582,#5585));
#5582 = SURFACE_STYLE_FILL_AREA(#5583);
#5583 = FILL_AREA_STYLE('',(#5584));
#5584 = FILL_AREA_STYLE_COLOUR('',#4754);
#5585 = SURFACE_STYLE_RENDERING_WITH_PROPERTIES(.NORMAL_SHADING.,#4754,(
    #5586));
#5586 = SURFACE_STYLE_TRANSPARENT(0.);
#5587 = OVER_RIDING_STYLED_ITEM('overriding color',(#5588),#3202,#4747);
#5588 = PRESENTATION_STYLE_ASSIGNMENT((#5589));
#5589 = SURFACE_STYLE_USAGE(.BOTH.,#5590);
#5590 = SURFACE_SIDE_STYLE('',(#5591,#5594));
#5591 = SURFACE_STYLE_FILL_AREA(#5592);
#5592 = FILL_AREA_STYLE('',(#5593));
#5593 = FILL_AREA_STYLE_COLOUR('',#4754);
#5594 = SURFACE_STYLE_RENDERING_WITH_PROPERTIES(.NORMAL_SHADING.,#4754,(
    #5595));
#5595 = SURFACE_STYLE_TRANSPARENT(0.);
#5596 = OVER_RIDING_STYLED_ITEM('overriding color',(#5597),#3287,#4747);
#5597 = PRESENTATION_STYLE_ASSIGNMENT((#5598));
#5598 = SURFACE_STYLE_USAGE(.BOTH.,#5599);
#5599 = SURFACE_SIDE_STYLE('',(#5600,#5603));
#5600 = SURFACE_STYLE_FILL_AREA(#5601);
#5601 = FILL_AREA_STYLE('',(#5602));
#5602 = FILL_AREA_STYLE_COLOUR('',#4754);
#5603 = SURFACE_STYLE_RENDERING_WITH_PROPERTIES(.NORMAL_SHADING.,#4754,(
    #5604));
#5604 = SURFACE_STYLE_TRANSPARENT(0.);
#5605 = OVER_RIDING_STYLED_ITEM('overriding color',(#5606),#3309,#4747);
#5606 = PRESENTATION_STYLE_ASSIGNMENT((#5607));
#5607 = SURFACE_STYLE_USAGE(.BOTH.,#5608);
#5608 = SURFACE_SIDE_STYLE('',(#5609,#5612));
#5609 = SURFACE_STYLE_FILL_AREA(#5610);
#5610 = FILL_AREA_STYLE('',(#5611));
#5611 = FILL_AREA_STYLE_COLOUR('',#4754);
#5612 = SURFACE_STYLE_RENDERING_WITH_PROPERTIES(.NORMAL_SHADING.,#4754,(
    #5613));
#5613 = SURFACE_STYLE_TRANSPARENT(0.);
#5614 = OVER_RIDING_STYLED_ITEM('overriding color',(#5615),#3326,#4747);
#5615 = PRESENTATION_STYLE_ASSIGNMENT((#5616));
#5616 = SURFACE_STYLE_USAGE(.BOTH.,#5617);
#5617 = SURFACE_SIDE_STYLE('',(#5618,#5621));
#5618 = SURFACE_STYLE_FILL_AREA(#5619);
#5619 = FILL_AREA_STYLE('',(#5620));
#5620 = FILL_AREA_STYLE_COLOUR('',#4754);
#5621 = SURFACE_STYLE_RENDERING_WITH_PROPERTIES(.NORMAL_SHADING.,#4754,(
    #5622));
#5622 = SURFACE_STYLE_TRANSPARENT(0.);
#5623 = OVER_RIDING_STYLED_ITEM('overriding color',(#5624),#3343,#4747);
#5624 = PRESENTATION_STYLE_ASSIGNMENT((#5625));
#5625 = SURFACE_STYLE_USAGE(.BOTH.,#5626);
#5626 = SURFACE_SIDE_STYLE('',(#5627,#5630));
#5627 = SURFACE_STYLE_FILL_AREA(#5628);
#5628 = FILL_AREA_STYLE('',(#5629));
#5629 = FILL_AREA_STYLE_COLOUR('',#4754);
#5630 = SURFACE_STYLE_RENDERING_WITH_PROPERTIES(.NORMAL_SHADING.,#4754,(
    #5631));
#5631 = SURFACE_STYLE_TRANSPARENT(0.);
#5632 = OVER_RIDING_STYLED_ITEM('overriding color',(#5633),#3360,#4747);
#5633 = PRESENTATION_STYLE_ASSIGNMENT((#5634));
#5634 = SURFACE_STYLE_USAGE(.BOTH.,#5635);
#5635 = SURFACE_SIDE_STYLE('',(#5636,#5639));
#5636 = SURFACE_STYLE_FILL_AREA(#5637);
#5637 = FILL_AREA_STYLE('',(#5638));
#5638 = FILL_AREA_STYLE_COLOUR('',#4754);
#5639 = SURFACE_STYLE_RENDERING_WITH_PROPERTIES(.NORMAL_SHADING.,#4754,(
    #5640));
#5640 = SURFACE_STYLE_TRANSPARENT(0.);
#5641 = OVER_RIDING_STYLED_ITEM('overriding color',(#5642),#3377,#4747);
#5642 = PRESENTATION_STYLE_ASSIGNMENT((#5643));
#5643 = SURFACE_STYLE_USAGE(.BOTH.,#5644);
#5644 = SURFACE_SIDE_STYLE('',(#5645,#5648));
#5645 = SURFACE_STYLE_FILL_AREA(#5646);
#5646 = FILL_AREA_STYLE('',(#5647));
#5647 = FILL_AREA_STYLE_COLOUR('',#4754);
#5648 = SURFACE_STYLE_RENDERING_WITH_PROPERTIES(.NORMAL_SHADING.,#4754,(
    #5649));
#5649 = SURFACE_STYLE_TRANSPARENT(0.);
#5650 = OVER_RIDING_STYLED_ITEM('overriding color',(#5651),#3389,#4747);
#5651 = PRESENTATION_STYLE_ASSIGNMENT((#5652));
#5652 = SURFACE_STYLE_USAGE(.BOTH.,#5653);
#5653 = SURFACE_SIDE_STYLE('',(#5654,#5657));
#5654 = SURFACE_STYLE_FILL_AREA(#5655);
#5655 = FILL_AREA_STYLE('',(#5656));
#5656 = FILL_AREA_STYLE_COLOUR('',#4754);
#5657 = SURFACE_STYLE_RENDERING_WITH_PROPERTIES(.NORMAL_SHADING.,#4754,(
    #5658));
#5658 = SURFACE_STYLE_TRANSPARENT(0.);
#5659 = OVER_RIDING_STYLED_ITEM('overriding color',(#5660),#3401,#4747);
#5660 = PRESENTATION_STYLE_ASSIGNMENT((#5661));
#5661 = SURFACE_STYLE_USAGE(.BOTH.,#5662);
#5662 = SURFACE_SIDE_STYLE('',(#5663,#5666));
#5663 = SURFACE_STYLE_FILL_AREA(#5664);
#5664 = FILL_AREA_STYLE('',(#5665));
#5665 = FILL_AREA_STYLE_COLOUR('',#4754);
#5666 = SURFACE_STYLE_RENDERING_WITH_PROPERTIES(.NORMAL_SHADING.,#4754,(
    #5667));
#5667 = SURFACE_STYLE_TRANSPARENT(0.);
#5668 = OVER_RIDING_STYLED_ITEM('overriding color',(#5669),#3418,#4747);
#5669 = PRESENTATION_STYLE_ASSIGNMENT((#5670));
#5670 = SURFACE_STYLE_USAGE(.BOTH.,#5671);
#5671 = SURFACE_SIDE_STYLE('',(#5672,#5675));
#5672 = SURFACE_STYLE_FILL_AREA(#5673);
#5673 = FILL_AREA_STYLE('',(#5674));
#5674 = FILL_AREA_STYLE_COLOUR('',#4754);
#5675 = SURFACE_STYLE_RENDERING_WITH_PROPERTIES(.NORMAL_SHADING.,#4754,(
    #5676));
#5676 = SURFACE_STYLE_TRANSPARENT(0.);
#5677 = OVER_RIDING_STYLED_ITEM('overriding color',(#5678),#3430,#4747);
#5678 = PRESENTATION_STYLE_ASSIGNMENT((#5679));
#5679 = SURFACE_STYLE_USAGE(.BOTH.,#5680);
#5680 = SURFACE_SIDE_STYLE('',(#5681,#5684));
#5681 = SURFACE_STYLE_FILL_AREA(#5682);
#5682 = FILL_AREA_STYLE('',(#5683));
#5683 = FILL_AREA_STYLE_COLOUR('',#4754);
#5684 = SURFACE_STYLE_RENDERING_WITH_PROPERTIES(.NORMAL_SHADING.,#4754,(
    #5685));
#5685 = SURFACE_STYLE_TRANSPARENT(0.);
#5686 = OVER_RIDING_STYLED_ITEM('overriding color',(#5687),#3461,#4747);
#5687 = PRESENTATION_STYLE_ASSIGNMENT((#5688));
#5688 = SURFACE_STYLE_USAGE(.BOTH.,#5689);
#5689 = SURFACE_SIDE_STYLE('',(#5690,#5693));
#5690 = SURFACE_STYLE_FILL_AREA(#5691);
#5691 = FILL_AREA_STYLE('',(#5692));
#5692 = FILL_AREA_STYLE_COLOUR('',#4754);
#5693 = SURFACE_STYLE_RENDERING_WITH_PROPERTIES(.NORMAL_SHADING.,#4754,(
    #5694));
#5694 = SURFACE_STYLE_TRANSPARENT(0.);
#5695 = OVER_RIDING_STYLED_ITEM('overriding color',(#5696),#3492,#4747);
#5696 = PRESENTATION_STYLE_ASSIGNMENT((#5697));
#5697 = SURFACE_STYLE_USAGE(.BOTH.,#5698);
#5698 = SURFACE_SIDE_STYLE('',(#5699,#5702));
#5699 = SURFACE_STYLE_FILL_AREA(#5700);
#5700 = FILL_AREA_STYLE('',(#5701));
#5701 = FILL_AREA_STYLE_COLOUR('',#4754);
#5702 = SURFACE_STYLE_RENDERING_WITH_PROPERTIES(.NORMAL_SHADING.,#4754,(
    #5703));
#5703 = SURFACE_STYLE_TRANSPARENT(0.);
#5704 = OVER_RIDING_STYLED_ITEM('overriding color',(#5705),#3577,#4747);
#5705 = PRESENTATION_STYLE_ASSIGNMENT((#5706));
#5706 = SURFACE_STYLE_USAGE(.BOTH.,#5707);
#5707 = SURFACE_SIDE_STYLE('',(#5708,#5711));
#5708 = SURFACE_STYLE_FILL_AREA(#5709);
#5709 = FILL_AREA_STYLE('',(#5710));
#5710 = FILL_AREA_STYLE_COLOUR('',#4754);
#5711 = SURFACE_STYLE_RENDERING_WITH_PROPERTIES(.NORMAL_SHADING.,#4754,(
    #5712));
#5712 = SURFACE_STYLE_TRANSPARENT(0.);
#5713 = OVER_RIDING_STYLED_ITEM('overriding color',(#5714),#3662,#4747);
#5714 = PRESENTATION_STYLE_ASSIGNMENT((#5715));
#5715 = SURFACE_STYLE_USAGE(.BOTH.,#5716);
#5716 = SURFACE_SIDE_STYLE('',(#5717,#5720));
#5717 = SURFACE_STYLE_FILL_AREA(#5718);
#5718 = FILL_AREA_STYLE('',(#5719));
#5719 = FILL_AREA_STYLE_COLOUR('',#4754);
#5720 = SURFACE_STYLE_RENDERING_WITH_PROPERTIES(.NORMAL_SHADING.,#4754,(
    #5721));
#5721 = SURFACE_STYLE_TRANSPARENT(0.);
#5722 = OVER_RIDING_STYLED_ITEM('overriding color',(#5723),#3684,#4747);
#5723 = PRESENTATION_STYLE_ASSIGNMENT((#5724));
#5724 = SURFACE_STYLE_USAGE(.BOTH.,#5725);
#5725 = SURFACE_SIDE_STYLE('',(#5726,#5729));
#5726 = SURFACE_STYLE_FILL_AREA(#5727);
#5727 = FILL_AREA_STYLE('',(#5728));
#5728 = FILL_AREA_STYLE_COLOUR('',#4754);
#5729 = SURFACE_STYLE_RENDERING_WITH_PROPERTIES(.NORMAL_SHADING.,#4754,(
    #5730));
#5730 = SURFACE_STYLE_TRANSPARENT(0.);
#5731 = OVER_RIDING_STYLED_ITEM('overriding color',(#5732),#3701,#4747);
#5732 = PRESENTATION_STYLE_ASSIGNMENT((#5733));
#5733 = SURFACE_STYLE_USAGE(.BOTH.,#5734);
#5734 = SURFACE_SIDE_STYLE('',(#5735,#5738));
#5735 = SURFACE_STYLE_FILL_AREA(#5736);
#5736 = FILL_AREA_STYLE('',(#5737));
#5737 = FILL_AREA_STYLE_COLOUR('',#4754);
#5738 = SURFACE_STYLE_RENDERING_WITH_PROPERTIES(.NORMAL_SHADING.,#4754,(
    #5739));
#5739 = SURFACE_STYLE_TRANSPARENT(0.);
#5740 = OVER_RIDING_STYLED_ITEM('overriding color',(#5741),#3718,#4747);
#5741 = PRESENTATION_STYLE_ASSIGNMENT((#5742));
#5742 = SURFACE_STYLE_USAGE(.BOTH.,#5743);
#5743 = SURFACE_SIDE_STYLE('',(#5744,#5747));
#5744 = SURFACE_STYLE_FILL_AREA(#5745);
#5745 = FILL_AREA_STYLE('',(#5746));
#5746 = FILL_AREA_STYLE_COLOUR('',#4754);
#5747 = SURFACE_STYLE_RENDERING_WITH_PROPERTIES(.NORMAL_SHADING.,#4754,(
    #5748));
#5748 = SURFACE_STYLE_TRANSPARENT(0.);
#5749 = OVER_RIDING_STYLED_ITEM('overriding color',(#5750),#3730,#4747);
#5750 = PRESENTATION_STYLE_ASSIGNMENT((#5751));
#5751 = SURFACE_STYLE_USAGE(.BOTH.,#5752);
#5752 = SURFACE_SIDE_STYLE('',(#5753,#5756));
#5753 = SURFACE_STYLE_FILL_AREA(#5754);
#5754 = FILL_AREA_STYLE('',(#5755));
#5755 = FILL_AREA_STYLE_COLOUR('',#4754);
#5756 = SURFACE_STYLE_RENDERING_WITH_PROPERTIES(.NORMAL_SHADING.,#4754,(
    #5757));
#5757 = SURFACE_STYLE_TRANSPARENT(0.);
#5758 = OVER_RIDING_STYLED_ITEM('overriding color',(#5759),#3747,#4747);
#5759 = PRESENTATION_STYLE_ASSIGNMENT((#5760));
#5760 = SURFACE_STYLE_USAGE(.BOTH.,#5761);
#5761 = SURFACE_SIDE_STYLE('',(#5762,#5765));
#5762 = SURFACE_STYLE_FILL_AREA(#5763);
#5763 = FILL_AREA_STYLE('',(#5764));
#5764 = FILL_AREA_STYLE_COLOUR('',#4754);
#5765 = SURFACE_STYLE_RENDERING_WITH_PROPERTIES(.NORMAL_SHADING.,#4754,(
    #5766));
#5766 = SURFACE_STYLE_TRANSPARENT(0.);
#5767 = OVER_RIDING_STYLED_ITEM('overriding color',(#5768),#3764,#4747);
#5768 = PRESENTATION_STYLE_ASSIGNMENT((#5769));
#5769 = SURFACE_STYLE_USAGE(.BOTH.,#5770);
#5770 = SURFACE_SIDE_STYLE('',(#5771,#5774));
#5771 = SURFACE_STYLE_FILL_AREA(#5772);
#5772 = FILL_AREA_STYLE('',(#5773));
#5773 = FILL_AREA_STYLE_COLOUR('',#4754);
#5774 = SURFACE_STYLE_RENDERING_WITH_PROPERTIES(.NORMAL_SHADING.,#4754,(
    #5775));
#5775 = SURFACE_STYLE_TRANSPARENT(0.);
#5776 = OVER_RIDING_STYLED_ITEM('overriding color',(#5777),#3781,#4747);
#5777 = PRESENTATION_STYLE_ASSIGNMENT((#5778));
#5778 = SURFACE_STYLE_USAGE(.BOTH.,#5779);
#5779 = SURFACE_SIDE_STYLE('',(#5780,#5783));
#5780 = SURFACE_STYLE_FILL_AREA(#5781);
#5781 = FILL_AREA_STYLE('',(#5782));
#5782 = FILL_AREA_STYLE_COLOUR('',#4754);
#5783 = SURFACE_STYLE_RENDERING_WITH_PROPERTIES(.NORMAL_SHADING.,#4754,(
    #5784));
#5784 = SURFACE_STYLE_TRANSPARENT(0.);
#5785 = OVER_RIDING_STYLED_ITEM('overriding color',(#5786),#3798,#4747);
#5786 = PRESENTATION_STYLE_ASSIGNMENT((#5787));
#5787 = SURFACE_STYLE_USAGE(.BOTH.,#5788);
#5788 = SURFACE_SIDE_STYLE('',(#5789,#5792));
#5789 = SURFACE_STYLE_FILL_AREA(#5790);
#5790 = FILL_AREA_STYLE('',(#5791));
#5791 = FILL_AREA_STYLE_COLOUR('',#4754);
#5792 = SURFACE_STYLE_RENDERING_WITH_PROPERTIES(.NORMAL_SHADING.,#4754,(
    #5793));
#5793 = SURFACE_STYLE_TRANSPARENT(0.);
#5794 = OVER_RIDING_STYLED_ITEM('overriding color',(#5795),#3810,#4747);
#5795 = PRESENTATION_STYLE_ASSIGNMENT((#5796));
#5796 = SURFACE_STYLE_USAGE(.BOTH.,#5797);
#5797 = SURFACE_SIDE_STYLE('',(#5798,#5801));
#5798 = SURFACE_STYLE_FILL_AREA(#5799);
#5799 = FILL_AREA_STYLE('',(#5800));
#5800 = FILL_AREA_STYLE_COLOUR('',#4754);
#5801 = SURFACE_STYLE_RENDERING_WITH_PROPERTIES(.NORMAL_SHADING.,#4754,(
    #5802));
#5802 = SURFACE_STYLE_TRANSPARENT(0.);
#5803 = OVER_RIDING_STYLED_ITEM('overriding color',(#5804),#3832,#4747);
#5804 = PRESENTATION_STYLE_ASSIGNMENT((#5805));
#5805 = SURFACE_STYLE_USAGE(.BOTH.,#5806);
#5806 = SURFACE_SIDE_STYLE('',(#5807,#5810));
#5807 = SURFACE_STYLE_FILL_AREA(#5808);
#5808 = FILL_AREA_STYLE('',(#5809));
#5809 = FILL_AREA_STYLE_COLOUR('',#4754);
#5810 = SURFACE_STYLE_RENDERING_WITH_PROPERTIES(.NORMAL_SHADING.,#4754,(
    #5811));
#5811 = SURFACE_STYLE_TRANSPARENT(0.);
#5812 = OVER_RIDING_STYLED_ITEM('overriding color',(#5813),#3863,#4747);
#5813 = PRESENTATION_STYLE_ASSIGNMENT((#5814));
#5814 = SURFACE_STYLE_USAGE(.BOTH.,#5815);
#5815 = SURFACE_SIDE_STYLE('',(#5816,#5819));
#5816 = SURFACE_STYLE_FILL_AREA(#5817);
#5817 = FILL_AREA_STYLE('',(#5818));
#5818 = FILL_AREA_STYLE_COLOUR('',#4754);
#5819 = SURFACE_STYLE_RENDERING_WITH_PROPERTIES(.NORMAL_SHADING.,#4754,(
    #5820));
#5820 = SURFACE_STYLE_TRANSPARENT(0.);
#5821 = OVER_RIDING_STYLED_ITEM('overriding color',(#5822),#3948,#4747);
#5822 = PRESENTATION_STYLE_ASSIGNMENT((#5823));
#5823 = SURFACE_STYLE_USAGE(.BOTH.,#5824);
#5824 = SURFACE_SIDE_STYLE('',(#5825,#5828));
#5825 = SURFACE_STYLE_FILL_AREA(#5826);
#5826 = FILL_AREA_STYLE('',(#5827));
#5827 = FILL_AREA_STYLE_COLOUR('',#4754);
#5828 = SURFACE_STYLE_RENDERING_WITH_PROPERTIES(.NORMAL_SHADING.,#4754,(
    #5829));
#5829 = SURFACE_STYLE_TRANSPARENT(0.);
#5830 = OVER_RIDING_STYLED_ITEM('overriding color',(#5831),#4033,#4747);
#5831 = PRESENTATION_STYLE_ASSIGNMENT((#5832));
#5832 = SURFACE_STYLE_USAGE(.BOTH.,#5833);
#5833 = SURFACE_SIDE_STYLE('',(#5834,#5837));
#5834 = SURFACE_STYLE_FILL_AREA(#5835);
#5835 = FILL_AREA_STYLE('',(#5836));
#5836 = FILL_AREA_STYLE_COLOUR('',#4754);
#5837 = SURFACE_STYLE_RENDERING_WITH_PROPERTIES(.NORMAL_SHADING.,#4754,(
    #5838));
#5838 = SURFACE_STYLE_TRANSPARENT(0.);
#5839 = OVER_RIDING_STYLED_ITEM('overriding color',(#5840),#4055,#4747);
#5840 = PRESENTATION_STYLE_ASSIGNMENT((#5841));
#5841 = SURFACE_STYLE_USAGE(.BOTH.,#5842);
#5842 = SURFACE_SIDE_STYLE('',(#5843,#5846));
#5843 = SURFACE_STYLE_FILL_AREA(#5844);
#5844 = FILL_AREA_STYLE('',(#5845));
#5845 = FILL_AREA_STYLE_COLOUR('',#4754);
#5846 = SURFACE_STYLE_RENDERING_WITH_PROPERTIES(.NORMAL_SHADING.,#4754,(
    #5847));
#5847 = SURFACE_STYLE_TRANSPARENT(0.);
#5848 = OVER_RIDING_STYLED_ITEM('overriding color',(#5849),#4072,#4747);
#5849 = PRESENTATION_STYLE_ASSIGNMENT((#5850));
#5850 = SURFACE_STYLE_USAGE(.BOTH.,#5851);
#5851 = SURFACE_SIDE_STYLE('',(#5852,#5855));
#5852 = SURFACE_STYLE_FILL_AREA(#5853);
#5853 = FILL_AREA_STYLE('',(#5854));
#5854 = FILL_AREA_STYLE_COLOUR('',#4754);
#5855 = SURFACE_STYLE_RENDERING_WITH_PROPERTIES(.NORMAL_SHADING.,#4754,(
    #5856));
#5856 = SURFACE_STYLE_TRANSPARENT(0.);
#5857 = OVER_RIDING_STYLED_ITEM('overriding color',(#5858),#4089,#4747);
#5858 = PRESENTATION_STYLE_ASSIGNMENT((#5859));
#5859 = SURFACE_STYLE_USAGE(.BOTH.,#5860);
#5860 = SURFACE_SIDE_STYLE('',(#5861,#5864));
#5861 = SURFACE_STYLE_FILL_AREA(#5862);
#5862 = FILL_AREA_STYLE('',(#5863));
#5863 = FILL_AREA_STYLE_COLOUR('',#4754);
#5864 = SURFACE_STYLE_RENDERING_WITH_PROPERTIES(.NORMAL_SHADING.,#4754,(
    #5865));
#5865 = SURFACE_STYLE_TRANSPARENT(0.);
#5866 = OVER_RIDING_STYLED_ITEM('overriding color',(#5867),#4106,#4747);
#5867 = PRESENTATION_STYLE_ASSIGNMENT((#5868));
#5868 = SURFACE_STYLE_USAGE(.BOTH.,#5869);
#5869 = SURFACE_SIDE_STYLE('',(#5870,#5873));
#5870 = SURFACE_STYLE_FILL_AREA(#5871);
#5871 = FILL_AREA_STYLE('',(#5872));
#5872 = FILL_AREA_STYLE_COLOUR('',#4754);
#5873 = SURFACE_STYLE_RENDERING_WITH_PROPERTIES(.NORMAL_SHADING.,#4754,(
    #5874));
#5874 = SURFACE_STYLE_TRANSPARENT(0.);
#5875 = OVER_RIDING_STYLED_ITEM('overriding color',(#5876),#4123,#4747);
#5876 = PRESENTATION_STYLE_ASSIGNMENT((#5877));
#5877 = SURFACE_STYLE_USAGE(.BOTH.,#5878);
#5878 = SURFACE_SIDE_STYLE('',(#5879,#5882));
#5879 = SURFACE_STYLE_FILL_AREA(#5880);
#5880 = FILL_AREA_STYLE('',(#5881));
#5881 = FILL_AREA_STYLE_COLOUR('',#4754);
#5882 = SURFACE_STYLE_RENDERING_WITH_PROPERTIES(.NORMAL_SHADING.,#4754,(
    #5883));
#5883 = SURFACE_STYLE_TRANSPARENT(0.);
#5884 = OVER_RIDING_STYLED_ITEM('overriding color',(#5885),#4135,#4747);
#5885 = PRESENTATION_STYLE_ASSIGNMENT((#5886));
#5886 = SURFACE_STYLE_USAGE(.BOTH.,#5887);
#5887 = SURFACE_SIDE_STYLE('',(#5888,#5891));
#5888 = SURFACE_STYLE_FILL_AREA(#5889);
#5889 = FILL_AREA_STYLE('',(#5890));
#5890 = FILL_AREA_STYLE_COLOUR('',#4754);
#5891 = SURFACE_STYLE_RENDERING_WITH_PROPERTIES(.NORMAL_SHADING.,#4754,(
    #5892));
#5892 = SURFACE_STYLE_TRANSPARENT(0.);
#5893 = OVER_RIDING_STYLED_ITEM('overriding color',(#5894),#4147,#4747);
#5894 = PRESENTATION_STYLE_ASSIGNMENT((#5895));
#5895 = SURFACE_STYLE_USAGE(.BOTH.,#5896);
#5896 = SURFACE_SIDE_STYLE('',(#5897,#5900));
#5897 = SURFACE_STYLE_FILL_AREA(#5898);
#5898 = FILL_AREA_STYLE('',(#5899));
#5899 = FILL_AREA_STYLE_COLOUR('',#4754);
#5900 = SURFACE_STYLE_RENDERING_WITH_PROPERTIES(.NORMAL_SHADING.,#4754,(
    #5901));
#5901 = SURFACE_STYLE_TRANSPARENT(0.);
#5902 = OVER_RIDING_STYLED_ITEM('overriding color',(#5903),#4164,#4747);
#5903 = PRESENTATION_STYLE_ASSIGNMENT((#5904));
#5904 = SURFACE_STYLE_USAGE(.BOTH.,#5905);
#5905 = SURFACE_SIDE_STYLE('',(#5906,#5909));
#5906 = SURFACE_STYLE_FILL_AREA(#5907);
#5907 = FILL_AREA_STYLE('',(#5908));
#5908 = FILL_AREA_STYLE_COLOUR('',#4754);
#5909 = SURFACE_STYLE_RENDERING_WITH_PROPERTIES(.NORMAL_SHADING.,#4754,(
    #5910));
#5910 = SURFACE_STYLE_TRANSPARENT(0.);
#5911 = OVER_RIDING_STYLED_ITEM('overriding color',(#5912),#4176,#4747);
#5912 = PRESENTATION_STYLE_ASSIGNMENT((#5913));
#5913 = SURFACE_STYLE_USAGE(.BOTH.,#5914);
#5914 = SURFACE_SIDE_STYLE('',(#5915,#5918));
#5915 = SURFACE_STYLE_FILL_AREA(#5916);
#5916 = FILL_AREA_STYLE('',(#5917));
#5917 = FILL_AREA_STYLE_COLOUR('',#4754);
#5918 = SURFACE_STYLE_RENDERING_WITH_PROPERTIES(.NORMAL_SHADING.,#4754,(
    #5919));
#5919 = SURFACE_STYLE_TRANSPARENT(0.);
#5920 = OVER_RIDING_STYLED_ITEM('overriding color',(#5921),#4207,#4747);
#5921 = PRESENTATION_STYLE_ASSIGNMENT((#5922));
#5922 = SURFACE_STYLE_USAGE(.BOTH.,#5923);
#5923 = SURFACE_SIDE_STYLE('',(#5924,#5927));
#5924 = SURFACE_STYLE_FILL_AREA(#5925);
#5925 = FILL_AREA_STYLE('',(#5926));
#5926 = FILL_AREA_STYLE_COLOUR('',#4754);
#5927 = SURFACE_STYLE_RENDERING_WITH_PROPERTIES(.NORMAL_SHADING.,#4754,(
    #5928));
#5928 = SURFACE_STYLE_TRANSPARENT(0.);
#5929 = OVER_RIDING_STYLED_ITEM('overriding color',(#5930),#4238,#4747);
#5930 = PRESENTATION_STYLE_ASSIGNMENT((#5931));
#5931 = SURFACE_STYLE_USAGE(.BOTH.,#5932);
#5932 = SURFACE_SIDE_STYLE('',(#5933,#5936));
#5933 = SURFACE_STYLE_FILL_AREA(#5934);
#5934 = FILL_AREA_STYLE('',(#5935));
#5935 = FILL_AREA_STYLE_COLOUR('',#4754);
#5936 = SURFACE_STYLE_RENDERING_WITH_PROPERTIES(.NORMAL_SHADING.,#4754,(
    #5937));
#5937 = SURFACE_STYLE_TRANSPARENT(0.);
#5938 = OVER_RIDING_STYLED_ITEM('overriding color',(#5939),#4323,#4747);
#5939 = PRESENTATION_STYLE_ASSIGNMENT((#5940));
#5940 = SURFACE_STYLE_USAGE(.BOTH.,#5941);
#5941 = SURFACE_SIDE_STYLE('',(#5942,#5945));
#5942 = SURFACE_STYLE_FILL_AREA(#5943);
#5943 = FILL_AREA_STYLE('',(#5944));
#5944 = FILL_AREA_STYLE_COLOUR('',#4754);
#5945 = SURFACE_STYLE_RENDERING_WITH_PROPERTIES(.NORMAL_SHADING.,#4754,(
    #5946));
#5946 = SURFACE_STYLE_TRANSPARENT(0.);
#5947 = OVER_RIDING_STYLED_ITEM('overriding color',(#5948),#4408,#4747);
#5948 = PRESENTATION_STYLE_ASSIGNMENT((#5949));
#5949 = SURFACE_STYLE_USAGE(.BOTH.,#5950);
#5950 = SURFACE_SIDE_STYLE('',(#5951,#5954));
#5951 = SURFACE_STYLE_FILL_AREA(#5952);
#5952 = FILL_AREA_STYLE('',(#5953));
#5953 = FILL_AREA_STYLE_COLOUR('',#4754);
#5954 = SURFACE_STYLE_RENDERING_WITH_PROPERTIES(.NORMAL_SHADING.,#4754,(
    #5955));
#5955 = SURFACE_STYLE_TRANSPARENT(0.);
#5956 = OVER_RIDING_STYLED_ITEM('overriding color',(#5957),#4430,#4747);
#5957 = PRESENTATION_STYLE_ASSIGNMENT((#5958));
#5958 = SURFACE_STYLE_USAGE(.BOTH.,#5959);
#5959 = SURFACE_SIDE_STYLE('',(#5960,#5963));
#5960 = SURFACE_STYLE_FILL_AREA(#5961);
#5961 = FILL_AREA_STYLE('',(#5962));
#5962 = FILL_AREA_STYLE_COLOUR('',#4754);
#5963 = SURFACE_STYLE_RENDERING_WITH_PROPERTIES(.NORMAL_SHADING.,#4754,(
    #5964));
#5964 = SURFACE_STYLE_TRANSPARENT(0.);
#5965 = OVER_RIDING_STYLED_ITEM('overriding color',(#5966),#4447,#4747);
#5966 = PRESENTATION_STYLE_ASSIGNMENT((#5967));
#5967 = SURFACE_STYLE_USAGE(.BOTH.,#5968);
#5968 = SURFACE_SIDE_STYLE('',(#5969,#5972));
#5969 = SURFACE_STYLE_FILL_AREA(#5970);
#5970 = FILL_AREA_STYLE('',(#5971));
#5971 = FILL_AREA_STYLE_COLOUR('',#4754);
#5972 = SURFACE_STYLE_RENDERING_WITH_PROPERTIES(.NORMAL_SHADING.,#4754,(
    #5973));
#5973 = SURFACE_STYLE_TRANSPARENT(0.);
#5974 = OVER_RIDING_STYLED_ITEM('overriding color',(#5975),#4464,#4747);
#5975 = PRESENTATION_STYLE_ASSIGNMENT((#5976));
#5976 = SURFACE_STYLE_USAGE(.BOTH.,#5977);
#5977 = SURFACE_SIDE_STYLE('',(#5978,#5981));
#5978 = SURFACE_STYLE_FILL_AREA(#5979);
#5979 = FILL_AREA_STYLE('',(#5980));
#5980 = FILL_AREA_STYLE_COLOUR('',#4754);
#5981 = SURFACE_STYLE_RENDERING_WITH_PROPERTIES(.NORMAL_SHADING.,#4754,(
    #5982));
#5982 = SURFACE_STYLE_TRANSPARENT(0.);
#5983 = OVER_RIDING_STYLED_ITEM('overriding color',(#5984),#4476,#4747);
#5984 = PRESENTATION_STYLE_ASSIGNMENT((#5985));
#5985 = SURFACE_STYLE_USAGE(.BOTH.,#5986);
#5986 = SURFACE_SIDE_STYLE('',(#5987,#5990));
#5987 = SURFACE_STYLE_FILL_AREA(#5988);
#5988 = FILL_AREA_STYLE('',(#5989));
#5989 = FILL_AREA_STYLE_COLOUR('',#4754);
#5990 = SURFACE_STYLE_RENDERING_WITH_PROPERTIES(.NORMAL_SHADING.,#4754,(
    #5991));
#5991 = SURFACE_STYLE_TRANSPARENT(0.);
#5992 = OVER_RIDING_STYLED_ITEM('overriding color',(#5993),#4493,#4747);
#5993 = PRESENTATION_STYLE_ASSIGNMENT((#5994));
#5994 = SURFACE_STYLE_USAGE(.BOTH.,#5995);
#5995 = SURFACE_SIDE_STYLE('',(#5996,#5999));
#5996 = SURFACE_STYLE_FILL_AREA(#5997);
#5997 = FILL_AREA_STYLE('',(#5998));
#5998 = FILL_AREA_STYLE_COLOUR('',#4754);
#5999 = SURFACE_STYLE_RENDERING_WITH_PROPERTIES(.NORMAL_SHADING.,#4754,(
    #6000));
#6000 = SURFACE_STYLE_TRANSPARENT(0.);
#6001 = OVER_RIDING_STYLED_ITEM('overriding color',(#6002),#4510,#4747);
#6002 = PRESENTATION_STYLE_ASSIGNMENT((#6003));
#6003 = SURFACE_STYLE_USAGE(.BOTH.,#6004);
#6004 = SURFACE_SIDE_STYLE('',(#6005,#6008));
#6005 = SURFACE_STYLE_FILL_AREA(#6006);
#6006 = FILL_AREA_STYLE('',(#6007));
#6007 = FILL_AREA_STYLE_COLOUR('',#4754);
#6008 = SURFACE_STYLE_RENDERING_WITH_PROPERTIES(.NORMAL_SHADING.,#4754,(
    #6009));
#6009 = SURFACE_STYLE_TRANSPARENT(0.);
#6010 = OVER_RIDING_STYLED_ITEM('overriding color',(#6011),#4527,#4747);
#6011 = PRESENTATION_STYLE_ASSIGNMENT((#6012));
#6012 = SURFACE_STYLE_USAGE(.BOTH.,#6013);
#6013 = SURFACE_SIDE_STYLE('',(#6014,#6017));
#6014 = SURFACE_STYLE_FILL_AREA(#6015);
#6015 = FILL_AREA_STYLE('',(#6016));
#6016 = FILL_AREA_STYLE_COLOUR('',#4754);
#6017 = SURFACE_STYLE_RENDERING_WITH_PROPERTIES(.NORMAL_SHADING.,#4754,(
    #6018));
#6018 = SURFACE_STYLE_TRANSPARENT(0.);
#6019 = OVER_RIDING_STYLED_ITEM('overriding color',(#6020),#4544,#4747);
#6020 = PRESENTATION_STYLE_ASSIGNMENT((#6021));
#6021 = SURFACE_STYLE_USAGE(.BOTH.,#6022);
#6022 = SURFACE_SIDE_STYLE('',(#6023,#6026));
#6023 = SURFACE_STYLE_FILL_AREA(#6024);
#6024 = FILL_AREA_STYLE('',(#6025));
#6025 = FILL_AREA_STYLE_COLOUR('',#4754);
#6026 = SURFACE_STYLE_RENDERING_WITH_PROPERTIES(.NORMAL_SHADING.,#4754,(
    #6027));
#6027 = SURFACE_STYLE_TRANSPARENT(0.);
#6028 = OVER_RIDING_STYLED_ITEM('overriding color',(#6029),#4556,#4747);
#6029 = PRESENTATION_STYLE_ASSIGNMENT((#6030));
#6030 = SURFACE_STYLE_USAGE(.BOTH.,#6031);
#6031 = SURFACE_SIDE_STYLE('',(#6032,#6035));
#6032 = SURFACE_STYLE_FILL_AREA(#6033);
#6033 = FILL_AREA_STYLE('',(#6034));
#6034 = FILL_AREA_STYLE_COLOUR('',#4801);
#6035 = SURFACE_STYLE_RENDERING_WITH_PROPERTIES(.NORMAL_SHADING.,#4801,(
    #6036));
#6036 = SURFACE_STYLE_TRANSPARENT(0.);
#6037 = OVER_RIDING_STYLED_ITEM('overriding color',(#6038),#4578,#4747);
#6038 = PRESENTATION_STYLE_ASSIGNMENT((#6039));
#6039 = SURFACE_STYLE_USAGE(.BOTH.,#6040);
#6040 = SURFACE_SIDE_STYLE('',(#6041,#6044));
#6041 = SURFACE_STYLE_FILL_AREA(#6042);
#6042 = FILL_AREA_STYLE('',(#6043));
#6043 = FILL_AREA_STYLE_COLOUR('',#4801);
#6044 = SURFACE_STYLE_RENDERING_WITH_PROPERTIES(.NORMAL_SHADING.,#4801,(
    #6045));
#6045 = SURFACE_STYLE_TRANSPARENT(0.);
#6046 = OVER_RIDING_STYLED_ITEM('overriding color',(#6047),#4590,#4747);
#6047 = PRESENTATION_STYLE_ASSIGNMENT((#6048));
#6048 = SURFACE_STYLE_USAGE(.BOTH.,#6049);
#6049 = SURFACE_SIDE_STYLE('',(#6050,#6053));
#6050 = SURFACE_STYLE_FILL_AREA(#6051);
#6051 = FILL_AREA_STYLE('',(#6052));
#6052 = FILL_AREA_STYLE_COLOUR('',#4801);
#6053 = SURFACE_STYLE_RENDERING_WITH_PROPERTIES(.NORMAL_SHADING.,#4801,(
    #6054));
#6054 = SURFACE_STYLE_TRANSPARENT(0.);
#6055 = OVER_RIDING_STYLED_ITEM('overriding color',(#6056),#4602,#4747);
#6056 = PRESENTATION_STYLE_ASSIGNMENT((#6057));
#6057 = SURFACE_STYLE_USAGE(.BOTH.,#6058);
#6058 = SURFACE_SIDE_STYLE('',(#6059,#6062));
#6059 = SURFACE_STYLE_FILL_AREA(#6060);
#6060 = FILL_AREA_STYLE('',(#6061));
#6061 = FILL_AREA_STYLE_COLOUR('',#4801);
#6062 = SURFACE_STYLE_RENDERING_WITH_PROPERTIES(.NORMAL_SHADING.,#4801,(
    #6063));
#6063 = SURFACE_STYLE_TRANSPARENT(0.);
#6064 = OVER_RIDING_STYLED_ITEM('overriding color',(#6065),#4624,#4747);
#6065 = PRESENTATION_STYLE_ASSIGNMENT((#6066));
#6066 = SURFACE_STYLE_USAGE(.BOTH.,#6067);
#6067 = SURFACE_SIDE_STYLE('',(#6068,#6071));
#6068 = SURFACE_STYLE_FILL_AREA(#6069);
#6069 = FILL_AREA_STYLE('',(#6070));
#6070 = FILL_AREA_STYLE_COLOUR('',#4801);
#6071 = SURFACE_STYLE_RENDERING_WITH_PROPERTIES(.NORMAL_SHADING.,#4801,(
    #6072));
#6072 = SURFACE_STYLE_TRANSPARENT(0.);
#6073 = OVER_RIDING_STYLED_ITEM('overriding color',(#6074),#4636,#4747);
#6074 = PRESENTATION_STYLE_ASSIGNMENT((#6075));
#6075 = SURFACE_STYLE_USAGE(.BOTH.,#6076);
#6076 = SURFACE_SIDE_STYLE('',(#6077,#6080));
#6077 = SURFACE_STYLE_FILL_AREA(#6078);
#6078 = FILL_AREA_STYLE('',(#6079));
#6079 = FILL_AREA_STYLE_COLOUR('',#4801);
#6080 = SURFACE_STYLE_RENDERING_WITH_PROPERTIES(.NORMAL_SHADING.,#4801,(
    #6081));
#6081 = SURFACE_STYLE_TRANSPARENT(0.);
#6082 = OVER_RIDING_STYLED_ITEM('overriding color',(#6083),#4648,#4747);
#6083 = PRESENTATION_STYLE_ASSIGNMENT((#6084));
#6084 = SURFACE_STYLE_USAGE(.BOTH.,#6085);
#6085 = SURFACE_SIDE_STYLE('',(#6086,#6089));
#6086 = SURFACE_STYLE_FILL_AREA(#6087);
#6087 = FILL_AREA_STYLE('',(#6088));
#6088 = FILL_AREA_STYLE_COLOUR('',#4801);
#6089 = SURFACE_STYLE_RENDERING_WITH_PROPERTIES(.NORMAL_SHADING.,#4801,(
    #6090));
#6090 = SURFACE_STYLE_TRANSPARENT(0.);
#6091 = OVER_RIDING_STYLED_ITEM('overriding color',(#6092),#4665,#4747);
#6092 = PRESENTATION_STYLE_ASSIGNMENT((#6093));
#6093 = SURFACE_STYLE_USAGE(.BOTH.,#6094);
#6094 = SURFACE_SIDE_STYLE('',(#6095,#6098));
#6095 = SURFACE_STYLE_FILL_AREA(#6096);
#6096 = FILL_AREA_STYLE('',(#6097));
#6097 = FILL_AREA_STYLE_COLOUR('',#4801);
#6098 = SURFACE_STYLE_RENDERING_WITH_PROPERTIES(.NORMAL_SHADING.,#4801,(
    #6099));
#6099 = SURFACE_STYLE_TRANSPARENT(0.);
#6100 = OVER_RIDING_STYLED_ITEM('overriding color',(#6101),#4682,#4747);
#6101 = PRESENTATION_STYLE_ASSIGNMENT((#6102));
#6102 = SURFACE_STYLE_USAGE(.BOTH.,#6103);
#6103 = SURFACE_SIDE_STYLE('',(#6104,#6107));
#6104 = SURFACE_STYLE_FILL_AREA(#6105);
#6105 = FILL_AREA_STYLE('',(#6106));
#6106 = FILL_AREA_STYLE_COLOUR('',#4801);
#6107 = SURFACE_STYLE_RENDERING_WITH_PROPERTIES(.NORMAL_SHADING.,#4801,(
    #6108));
#6108 = SURFACE_STYLE_TRANSPARENT(0.);
#6109 = OVER_RIDING_STYLED_ITEM('overriding color',(#6110),#4694,#4747);
#6110 = PRESENTATION_STYLE_ASSIGNMENT((#6111));
#6111 = SURFACE_STYLE_USAGE(.BOTH.,#6112);
#6112 = SURFACE_SIDE_STYLE('',(#6113,#6116));
#6113 = SURFACE_STYLE_FILL_AREA(#6114);
#6114 = FILL_AREA_STYLE('',(#6115));
#6115 = FILL_AREA_STYLE_COLOUR('',#4801);
#6116 = SURFACE_STYLE_RENDERING_WITH_PROPERTIES(.NORMAL_SHADING.,#4801,(
    #6117));
#6117 = SURFACE_STYLE_TRANSPARENT(0.);
#6118 = OVER_RIDING_STYLED_ITEM('overriding color',(#6119),#4711,#4747);
#6119 = PRESENTATION_STYLE_ASSIGNMENT((#6120));
#6120 = SURFACE_STYLE_USAGE(.BOTH.,#6121);
#6121 = SURFACE_SIDE_STYLE('',(#6122,#6125));
#6122 = SURFACE_STYLE_FILL_AREA(#6123);
#6123 = FILL_AREA_STYLE('',(#6124));
#6124 = FILL_AREA_STYLE_COLOUR('',#4801);
#6125 = SURFACE_STYLE_RENDERING_WITH_PROPERTIES(.NORMAL_SHADING.,#4801,(
    #6126));
#6126 = SURFACE_STYLE_TRANSPARENT(0.);
#6127 = OVER_RIDING_STYLED_ITEM('overriding color',(#6128),#4728,#4747);
#6128 = PRESENTATION_STYLE_ASSIGNMENT((#6129));
#6129 = SURFACE_STYLE_USAGE(.BOTH.,#6130);
#6130 = SURFACE_SIDE_STYLE('',(#6131,#6134));
#6131 = SURFACE_STYLE_FILL_AREA(#6132);
#6132 = FILL_AREA_STYLE('',(#6133));
#6133 = FILL_AREA_STYLE_COLOUR('',#4801);
#6134 = SURFACE_STYLE_RENDERING_WITH_PROPERTIES(.NORMAL_SHADING.,#4801,(
    #6135));
#6135 = SURFACE_STYLE_TRANSPARENT(0.);
ENDSEC;
END-ISO-10303-21;
