ISO-10303-21;
HEADER;
FILE_DESCRIPTION(('FreeCAD Model'),'2;1');
FILE_NAME('Open CASCADE Shape Model','2026-01-18T01:07:53',(
    'kicad StepUp'),('ksu MCAD'),'Open CASCADE STEP processor 7.8',
  'FreeCAD','Unknown');
FILE_SCHEMA(('AUTOMOTIVE_DESIGN { 1 0 10303 214 1 1 1 1 }'));
ENDSEC;
DATA;
#1 = APPLICATION_PROTOCOL_DEFINITION('international standard',
  'automotive_design',2000,#2);
#2 = APPLICATION_CONTEXT(
  'core data for automotive mechanical design processes');
#3 = SHAPE_DEFINITION_REPRESENTATION(#4,#10);
#4 = PRODUCT_DEFINITION_SHAPE('','',#5);
#5 = PRODUCT_DEFINITION('design','',#6,#9);
#6 = PRODUCT_DEFINITION_FORMATION('','',#7);
#7 = PRODUCT('FC-145','FC-145','',(#8));
#8 = PRODUCT_CONTEXT('',#2,'mechanical');
#9 = PRODUCT_DEFINITION_CONTEXT('part definition',#2,'design');
#10 = SHAPE_REPRESENTATION('',(#11,#15,#19,#23,#27,#31,#35,#39,#43,#47,
    #51),#55);
#11 = AXIS2_PLACEMENT_3D('',#12,#13,#14);
#12 = CARTESIAN_POINT('',(0.,0.,0.));
#13 = DIRECTION('',(0.,0.,1.));
#14 = DIRECTION('',(1.,0.,-0.));
#15 = AXIS2_PLACEMENT_3D('',#16,#17,#18);
#16 = CARTESIAN_POINT('',(0.,0.,0.));
#17 = DIRECTION('',(0.,-1.,2.22044604925E-16));
#18 = DIRECTION('',(1.,0.,0.));
#19 = AXIS2_PLACEMENT_3D('',#20,#21,#22);
#20 = CARTESIAN_POINT('',(0.,0.,0.));
#21 = DIRECTION('',(0.,-1.,2.22044604925E-16));
#22 = DIRECTION('',(1.,0.,0.));
#23 = AXIS2_PLACEMENT_3D('',#24,#25,#26);
#24 = CARTESIAN_POINT('',(0.,0.,0.));
#25 = DIRECTION('',(0.,-1.,2.22044604925E-16));
#26 = DIRECTION('',(1.,0.,0.));
#27 = AXIS2_PLACEMENT_3D('',#28,#29,#30);
#28 = CARTESIAN_POINT('',(0.,0.,0.));
#29 = DIRECTION('',(0.,-1.,2.22044604925E-16));
#30 = DIRECTION('',(1.,0.,0.));
#31 = AXIS2_PLACEMENT_3D('',#32,#33,#34);
#32 = CARTESIAN_POINT('',(0.,0.,0.));
#33 = DIRECTION('',(0.,-1.,2.22044604925E-16));
#34 = DIRECTION('',(1.,0.,0.));
#35 = AXIS2_PLACEMENT_3D('',#36,#37,#38);
#36 = CARTESIAN_POINT('',(0.,0.,0.));
#37 = DIRECTION('',(0.,-1.,2.22044604925E-16));
#38 = DIRECTION('',(1.,0.,0.));
#39 = AXIS2_PLACEMENT_3D('',#40,#41,#42);
#40 = CARTESIAN_POINT('',(0.,0.,0.));
#41 = DIRECTION('',(0.,-1.,2.22044604925E-16));
#42 = DIRECTION('',(1.,0.,0.));
#43 = AXIS2_PLACEMENT_3D('',#44,#45,#46);
#44 = CARTESIAN_POINT('',(0.,0.,0.));
#45 = DIRECTION('',(0.,-1.,2.22044604925E-16));
#46 = DIRECTION('',(1.,0.,0.));
#47 = AXIS2_PLACEMENT_3D('',#48,#49,#50);
#48 = CARTESIAN_POINT('',(0.,0.,0.));
#49 = DIRECTION('',(0.,-1.,2.22044604925E-16));
#50 = DIRECTION('',(1.,0.,0.));
#51 = AXIS2_PLACEMENT_3D('',#52,#53,#54);
#52 = CARTESIAN_POINT('',(0.,0.,0.));
#53 = DIRECTION('',(0.,-1.,2.22044604925E-16));
#54 = DIRECTION('',(1.,0.,0.));
#55 = ( GEOMETRIC_REPRESENTATION_CONTEXT(3) 
GLOBAL_UNCERTAINTY_ASSIGNED_CONTEXT((#59)) GLOBAL_UNIT_ASSIGNED_CONTEXT(
(#56,#57,#58)) REPRESENTATION_CONTEXT('Context #1',
  '3D Context with UNIT and UNCERTAINTY') );
#56 = ( LENGTH_UNIT() NAMED_UNIT(*) SI_UNIT(.MILLI.,.METRE.) );
#57 = ( NAMED_UNIT(*) PLANE_ANGLE_UNIT() SI_UNIT($,.RADIAN.) );
#58 = ( NAMED_UNIT(*) SI_UNIT($,.STERADIAN.) SOLID_ANGLE_UNIT() );
#59 = UNCERTAINTY_MEASURE_WITH_UNIT(LENGTH_MEASURE(2.E-07),#56,
  'distance_accuracy_value','confusion accuracy');
#60 = PRODUCT_RELATED_PRODUCT_CATEGORY('part',$,(#7));
#61 = SHAPE_DEFINITION_REPRESENTATION(#62,#68);
#62 = PRODUCT_DEFINITION_SHAPE('','',#63);
#63 = PRODUCT_DEFINITION('design','',#64,#67);
#64 = PRODUCT_DEFINITION_FORMATION('','',#65);
#65 = PRODUCT('FC-135','FC-135','',(#66));
#66 = PRODUCT_CONTEXT('',#2,'mechanical');
#67 = PRODUCT_DEFINITION_CONTEXT('part definition',#2,'design');
#68 = ADVANCED_BREP_SHAPE_REPRESENTATION('',(#11,#69),#870);
#69 = MANIFOLD_SOLID_BREP('',#70);
#70 = CLOSED_SHELL('',(#71,#113,#239,#281,#323,#354,#385,#416,#447,#497,
    #528,#559,#590,#629,#660,#691,#722,#753,#765,#782,#794,#806,#822,
    #838,#854));
#71 = ADVANCED_FACE('',(#72),#108,.F.);
#72 = FACE_BOUND('',#73,.F.);
#73 = EDGE_LOOP('',(#74,#84,#93,#101));
#74 = ORIENTED_EDGE('',*,*,#75,.T.);
#75 = EDGE_CURVE('',#76,#78,#80,.T.);
#76 = VERTEX_POINT('',#77);
#77 = CARTESIAN_POINT('',(0.,0.15,-0.275));
#78 = VERTEX_POINT('',#79);
#79 = CARTESIAN_POINT('',(0.,0.,-0.275));
#80 = LINE('',#81,#82);
#81 = CARTESIAN_POINT('',(0.,0.681,-0.275));
#82 = VECTOR('',#83,1.);
#83 = DIRECTION('',(-0.,-1.,-0.));
#84 = ORIENTED_EDGE('',*,*,#85,.F.);
#85 = EDGE_CURVE('',#86,#78,#88,.T.);
#86 = VERTEX_POINT('',#87);
#87 = CARTESIAN_POINT('',(3.367778697655E-17,0.,0.275));
#88 = CIRCLE('',#89,0.275);
#89 = AXIS2_PLACEMENT_3D('',#90,#91,#92);
#90 = CARTESIAN_POINT('',(0.,0.,0.));
#91 = DIRECTION('',(0.,-1.,0.));
#92 = DIRECTION('',(0.,0.,-1.));
#93 = ORIENTED_EDGE('',*,*,#94,.F.);
#94 = EDGE_CURVE('',#95,#86,#97,.T.);
#95 = VERTEX_POINT('',#96);
#96 = CARTESIAN_POINT('',(3.367778697655E-17,0.15,0.275));
#97 = LINE('',#98,#99);
#98 = CARTESIAN_POINT('',(3.367778697655E-17,0.681,0.275));
#99 = VECTOR('',#100,1.);
#100 = DIRECTION('',(-0.,-1.,-0.));
#101 = ORIENTED_EDGE('',*,*,#102,.T.);
#102 = EDGE_CURVE('',#95,#76,#103,.T.);
#103 = CIRCLE('',#104,0.275);
#104 = AXIS2_PLACEMENT_3D('',#105,#106,#107);
#105 = CARTESIAN_POINT('',(0.,0.15,0.));
#106 = DIRECTION('',(0.,-1.,0.));
#107 = DIRECTION('',(0.,0.,1.));
#108 = CYLINDRICAL_SURFACE('',#109,0.275);
#109 = AXIS2_PLACEMENT_3D('',#110,#111,#112);
#110 = CARTESIAN_POINT('',(0.,0.681,0.));
#111 = DIRECTION('',(-0.,-1.,-0.));
#112 = DIRECTION('',(0.,0.,-1.));
#113 = ADVANCED_FACE('',(#114,#124),#234,.F.);
#114 = FACE_BOUND('',#115,.T.);
#115 = EDGE_LOOP('',(#116,#123));
#116 = ORIENTED_EDGE('',*,*,#117,.F.);
#117 = EDGE_CURVE('',#78,#86,#118,.T.);
#118 = CIRCLE('',#119,0.275);
#119 = AXIS2_PLACEMENT_3D('',#120,#121,#122);
#120 = CARTESIAN_POINT('',(0.,0.,0.));
#121 = DIRECTION('',(0.,-1.,0.));
#122 = DIRECTION('',(0.,0.,-1.));
#123 = ORIENTED_EDGE('',*,*,#85,.F.);
#124 = FACE_BOUND('',#125,.T.);
#125 = EDGE_LOOP('',(#126,#137,#145,#154,#162,#170,#178,#187,#195,#204,
    #212,#220,#228));
#126 = ORIENTED_EDGE('',*,*,#127,.F.);
#127 = EDGE_CURVE('',#128,#130,#132,.T.);
#128 = VERTEX_POINT('',#129);
#129 = CARTESIAN_POINT('',(-1.45,0.,-0.75));
#130 = VERTEX_POINT('',#131);
#131 = CARTESIAN_POINT('',(-1.488196601125,0.,-0.65));
#132 = CIRCLE('',#133,0.15);
#133 = AXIS2_PLACEMENT_3D('',#134,#135,#136);
#134 = CARTESIAN_POINT('',(-1.6,0.,-0.75));
#135 = DIRECTION('',(-0.,-1.,0.));
#136 = DIRECTION('',(2.891205793295E-15,-0.,1.));
#137 = ORIENTED_EDGE('',*,*,#138,.F.);
#138 = EDGE_CURVE('',#139,#128,#141,.T.);
#139 = VERTEX_POINT('',#140);
#140 = CARTESIAN_POINT('',(1.45,0.,-0.75));
#141 = LINE('',#142,#143);
#142 = CARTESIAN_POINT('',(-1.6,0.,-0.75));
#143 = VECTOR('',#144,1.);
#144 = DIRECTION('',(-1.,-0.,-0.));
#145 = ORIENTED_EDGE('',*,*,#146,.F.);
#146 = EDGE_CURVE('',#147,#139,#149,.T.);
#147 = VERTEX_POINT('',#148);
#148 = CARTESIAN_POINT('',(1.488196601125,0.,-0.65));
#149 = CIRCLE('',#150,0.15);
#150 = AXIS2_PLACEMENT_3D('',#151,#152,#153);
#151 = CARTESIAN_POINT('',(1.6,0.,-0.75));
#152 = DIRECTION('',(-0.,-1.,0.));
#153 = DIRECTION('',(1.445602896647E-15,-0.,1.));
#154 = ORIENTED_EDGE('',*,*,#155,.F.);
#155 = EDGE_CURVE('',#156,#147,#158,.T.);
#156 = VERTEX_POINT('',#157);
#157 = CARTESIAN_POINT('',(0.85,0.,-0.65));
#158 = LINE('',#159,#160);
#159 = CARTESIAN_POINT('',(1.5,0.,-0.65));
#160 = VECTOR('',#161,1.);
#161 = DIRECTION('',(1.,-0.,2.3352046792E-15));
#162 = ORIENTED_EDGE('',*,*,#163,.F.);
#163 = EDGE_CURVE('',#164,#156,#166,.T.);
#164 = VERTEX_POINT('',#165);
#165 = CARTESIAN_POINT('',(0.85,0.,0.65));
#166 = LINE('',#167,#168);
#167 = CARTESIAN_POINT('',(0.85,0.,0.65));
#168 = VECTOR('',#169,1.);
#169 = DIRECTION('',(0.,0.,-1.));
#170 = ORIENTED_EDGE('',*,*,#171,.F.);
#171 = EDGE_CURVE('',#172,#164,#174,.T.);
#172 = VERTEX_POINT('',#173);
#173 = CARTESIAN_POINT('',(1.488196601125,0.,0.65));
#174 = LINE('',#175,#176);
#175 = CARTESIAN_POINT('',(1.5,0.,0.65));
#176 = VECTOR('',#177,1.);
#177 = DIRECTION('',(-1.,0.,-2.3352046792E-15));
#178 = ORIENTED_EDGE('',*,*,#179,.F.);
#179 = EDGE_CURVE('',#180,#172,#182,.T.);
#180 = VERTEX_POINT('',#181);
#181 = CARTESIAN_POINT('',(1.45,0.,0.75));
#182 = CIRCLE('',#183,0.15);
#183 = AXIS2_PLACEMENT_3D('',#184,#185,#186);
#184 = CARTESIAN_POINT('',(1.6,0.,0.75));
#185 = DIRECTION('',(0.,-1.,0.));
#186 = DIRECTION('',(0.,0.,1.));
#187 = ORIENTED_EDGE('',*,*,#188,.F.);
#188 = EDGE_CURVE('',#189,#180,#191,.T.);
#189 = VERTEX_POINT('',#190);
#190 = CARTESIAN_POINT('',(-1.45,0.,0.75));
#191 = LINE('',#192,#193);
#192 = CARTESIAN_POINT('',(-1.6,0.,0.75));
#193 = VECTOR('',#194,1.);
#194 = DIRECTION('',(1.,0.,0.));
#195 = ORIENTED_EDGE('',*,*,#196,.F.);
#196 = EDGE_CURVE('',#197,#189,#199,.T.);
#197 = VERTEX_POINT('',#198);
#198 = CARTESIAN_POINT('',(-1.488196601125,0.,0.65));
#199 = CIRCLE('',#200,0.15);
#200 = AXIS2_PLACEMENT_3D('',#201,#202,#203);
#201 = CARTESIAN_POINT('',(-1.6,0.,0.75));
#202 = DIRECTION('',(0.,-1.,0.));
#203 = DIRECTION('',(0.,0.,1.));
#204 = ORIENTED_EDGE('',*,*,#205,.F.);
#205 = EDGE_CURVE('',#206,#197,#208,.T.);
#206 = VERTEX_POINT('',#207);
#207 = CARTESIAN_POINT('',(-1.05,0.,0.65));
#208 = LINE('',#209,#210);
#209 = CARTESIAN_POINT('',(-1.5,0.,0.65));
#210 = VECTOR('',#211,1.);
#211 = DIRECTION('',(-1.,-0.,-2.409338161079E-16));
#212 = ORIENTED_EDGE('',*,*,#213,.F.);
#213 = EDGE_CURVE('',#214,#206,#216,.T.);
#214 = VERTEX_POINT('',#215);
#215 = CARTESIAN_POINT('',(-0.85,0.,0.45));
#216 = LINE('',#217,#218);
#217 = CARTESIAN_POINT('',(-1.05,0.,0.65));
#218 = VECTOR('',#219,1.);
#219 = DIRECTION('',(-0.707106781187,-0.,0.707106781187));
#220 = ORIENTED_EDGE('',*,*,#221,.F.);
#221 = EDGE_CURVE('',#222,#214,#224,.T.);
#222 = VERTEX_POINT('',#223);
#223 = CARTESIAN_POINT('',(-0.85,0.,-0.65));
#224 = LINE('',#225,#226);
#225 = CARTESIAN_POINT('',(-0.85,0.,0.45));
#226 = VECTOR('',#227,1.);
#227 = DIRECTION('',(-0.,-0.,1.));
#228 = ORIENTED_EDGE('',*,*,#229,.F.);
#229 = EDGE_CURVE('',#130,#222,#230,.T.);
#230 = LINE('',#231,#232);
#231 = CARTESIAN_POINT('',(-1.5,0.,-0.65));
#232 = VECTOR('',#233,1.);
#233 = DIRECTION('',(1.,0.,0.));
#234 = PLANE('',#235);
#235 = AXIS2_PLACEMENT_3D('',#236,#237,#238);
#236 = CARTESIAN_POINT('',(-1.6,0.,0.75));
#237 = DIRECTION('',(0.,1.,0.));
#238 = DIRECTION('',(0.,-0.,1.));
#239 = ADVANCED_FACE('',(#240),#276,.F.);
#240 = FACE_BOUND('',#241,.T.);
#241 = EDGE_LOOP('',(#242,#253,#261,#270));
#242 = ORIENTED_EDGE('',*,*,#243,.F.);
#243 = EDGE_CURVE('',#244,#246,#248,.T.);
#244 = VERTEX_POINT('',#245);
#245 = CARTESIAN_POINT('',(-1.5,0.,-0.638196601125));
#246 = VERTEX_POINT('',#247);
#247 = CARTESIAN_POINT('',(-1.6,0.,-0.6));
#248 = CIRCLE('',#249,0.15);
#249 = AXIS2_PLACEMENT_3D('',#250,#251,#252);
#250 = CARTESIAN_POINT('',(-1.6,0.,-0.75));
#251 = DIRECTION('',(-0.,-1.,0.));
#252 = DIRECTION('',(-2.891205793295E-15,0.,1.));
#253 = ORIENTED_EDGE('',*,*,#254,.F.);
#254 = EDGE_CURVE('',#255,#244,#257,.T.);
#255 = VERTEX_POINT('',#256);
#256 = CARTESIAN_POINT('',(-1.5,0.,0.638196601125));
#257 = LINE('',#258,#259);
#258 = CARTESIAN_POINT('',(-1.5,0.,0.65));
#259 = VECTOR('',#260,1.);
#260 = DIRECTION('',(0.,0.,-1.));
#261 = ORIENTED_EDGE('',*,*,#262,.F.);
#262 = EDGE_CURVE('',#263,#255,#265,.T.);
#263 = VERTEX_POINT('',#264);
#264 = CARTESIAN_POINT('',(-1.6,0.,0.6));
#265 = CIRCLE('',#266,0.15);
#266 = AXIS2_PLACEMENT_3D('',#267,#268,#269);
#267 = CARTESIAN_POINT('',(-1.6,0.,0.75));
#268 = DIRECTION('',(0.,-1.,0.));
#269 = DIRECTION('',(0.,0.,1.));
#270 = ORIENTED_EDGE('',*,*,#271,.F.);
#271 = EDGE_CURVE('',#246,#263,#272,.T.);
#272 = LINE('',#273,#274);
#273 = CARTESIAN_POINT('',(-1.6,0.,-0.75));
#274 = VECTOR('',#275,1.);
#275 = DIRECTION('',(0.,0.,1.));
#276 = PLANE('',#277);
#277 = AXIS2_PLACEMENT_3D('',#278,#279,#280);
#278 = CARTESIAN_POINT('',(-1.6,0.,0.75));
#279 = DIRECTION('',(0.,1.,0.));
#280 = DIRECTION('',(0.,-0.,1.));
#281 = ADVANCED_FACE('',(#282),#318,.F.);
#282 = FACE_BOUND('',#283,.T.);
#283 = EDGE_LOOP('',(#284,#295,#303,#312));
#284 = ORIENTED_EDGE('',*,*,#285,.F.);
#285 = EDGE_CURVE('',#286,#288,#290,.T.);
#286 = VERTEX_POINT('',#287);
#287 = CARTESIAN_POINT('',(1.6,0.,-0.6));
#288 = VERTEX_POINT('',#289);
#289 = CARTESIAN_POINT('',(1.5,0.,-0.638196601125));
#290 = CIRCLE('',#291,0.15);
#291 = AXIS2_PLACEMENT_3D('',#292,#293,#294);
#292 = CARTESIAN_POINT('',(1.6,0.,-0.75));
#293 = DIRECTION('',(0.,-1.,0.));
#294 = DIRECTION('',(0.,0.,1.));
#295 = ORIENTED_EDGE('',*,*,#296,.F.);
#296 = EDGE_CURVE('',#297,#286,#299,.T.);
#297 = VERTEX_POINT('',#298);
#298 = CARTESIAN_POINT('',(1.6,0.,0.6));
#299 = LINE('',#300,#301);
#300 = CARTESIAN_POINT('',(1.6,0.,-0.75));
#301 = VECTOR('',#302,1.);
#302 = DIRECTION('',(-0.,-0.,-1.));
#303 = ORIENTED_EDGE('',*,*,#304,.F.);
#304 = EDGE_CURVE('',#305,#297,#307,.T.);
#305 = VERTEX_POINT('',#306);
#306 = CARTESIAN_POINT('',(1.5,0.,0.638196601125));
#307 = CIRCLE('',#308,0.15);
#308 = AXIS2_PLACEMENT_3D('',#309,#310,#311);
#309 = CARTESIAN_POINT('',(1.6,0.,0.75));
#310 = DIRECTION('',(-0.,-1.,0.));
#311 = DIRECTION('',(2.891205793295E-15,-0.,1.));
#312 = ORIENTED_EDGE('',*,*,#313,.F.);
#313 = EDGE_CURVE('',#288,#305,#314,.T.);
#314 = LINE('',#315,#316);
#315 = CARTESIAN_POINT('',(1.5,0.,0.65));
#316 = VECTOR('',#317,1.);
#317 = DIRECTION('',(-1.000802005371E-15,-0.,1.));
#318 = PLANE('',#319);
#319 = AXIS2_PLACEMENT_3D('',#320,#321,#322);
#320 = CARTESIAN_POINT('',(-1.6,0.,0.75));
#321 = DIRECTION('',(0.,1.,0.));
#322 = DIRECTION('',(0.,-0.,1.));
#323 = ADVANCED_FACE('',(#324),#349,.F.);
#324 = FACE_BOUND('',#325,.T.);
#325 = EDGE_LOOP('',(#326,#334,#335,#343));
#326 = ORIENTED_EDGE('',*,*,#327,.F.);
#327 = EDGE_CURVE('',#246,#328,#330,.T.);
#328 = VERTEX_POINT('',#329);
#329 = CARTESIAN_POINT('',(-1.6,0.15,-0.6));
#330 = LINE('',#331,#332);
#331 = CARTESIAN_POINT('',(-1.6,0.774264068712,-0.6));
#332 = VECTOR('',#333,1.);
#333 = DIRECTION('',(-0.,1.,-0.));
#334 = ORIENTED_EDGE('',*,*,#271,.T.);
#335 = ORIENTED_EDGE('',*,*,#336,.F.);
#336 = EDGE_CURVE('',#337,#263,#339,.T.);
#337 = VERTEX_POINT('',#338);
#338 = CARTESIAN_POINT('',(-1.6,0.15,0.6));
#339 = LINE('',#340,#341);
#340 = CARTESIAN_POINT('',(-1.6,0.774264068712,0.6));
#341 = VECTOR('',#342,1.);
#342 = DIRECTION('',(0.,-1.,0.));
#343 = ORIENTED_EDGE('',*,*,#344,.F.);
#344 = EDGE_CURVE('',#328,#337,#345,.T.);
#345 = LINE('',#346,#347);
#346 = CARTESIAN_POINT('',(-1.6,0.15,-0.75));
#347 = VECTOR('',#348,1.);
#348 = DIRECTION('',(0.,0.,1.));
#349 = PLANE('',#350);
#350 = AXIS2_PLACEMENT_3D('',#351,#352,#353);
#351 = CARTESIAN_POINT('',(-1.6,0.15,-0.75));
#352 = DIRECTION('',(1.,0.,0.));
#353 = DIRECTION('',(0.,0.,-1.));
#354 = ADVANCED_FACE('',(#355),#380,.F.);
#355 = FACE_BOUND('',#356,.T.);
#356 = EDGE_LOOP('',(#357,#365,#373,#379));
#357 = ORIENTED_EDGE('',*,*,#358,.F.);
#358 = EDGE_CURVE('',#359,#180,#361,.T.);
#359 = VERTEX_POINT('',#360);
#360 = CARTESIAN_POINT('',(1.45,0.15,0.75));
#361 = LINE('',#362,#363);
#362 = CARTESIAN_POINT('',(1.45,0.774264068712,0.75));
#363 = VECTOR('',#364,1.);
#364 = DIRECTION('',(0.,-1.,0.));
#365 = ORIENTED_EDGE('',*,*,#366,.F.);
#366 = EDGE_CURVE('',#367,#359,#369,.T.);
#367 = VERTEX_POINT('',#368);
#368 = CARTESIAN_POINT('',(-1.45,0.15,0.75));
#369 = LINE('',#370,#371);
#370 = CARTESIAN_POINT('',(-1.6,0.15,0.75));
#371 = VECTOR('',#372,1.);
#372 = DIRECTION('',(1.,0.,0.));
#373 = ORIENTED_EDGE('',*,*,#374,.F.);
#374 = EDGE_CURVE('',#189,#367,#375,.T.);
#375 = LINE('',#376,#377);
#376 = CARTESIAN_POINT('',(-1.45,0.774264068712,0.75));
#377 = VECTOR('',#378,1.);
#378 = DIRECTION('',(-0.,1.,-0.));
#379 = ORIENTED_EDGE('',*,*,#188,.T.);
#380 = PLANE('',#381);
#381 = AXIS2_PLACEMENT_3D('',#382,#383,#384);
#382 = CARTESIAN_POINT('',(-1.6,0.15,0.75));
#383 = DIRECTION('',(0.,0.,-1.));
#384 = DIRECTION('',(-1.,0.,-0.));
#385 = ADVANCED_FACE('',(#386),#411,.F.);
#386 = FACE_BOUND('',#387,.T.);
#387 = EDGE_LOOP('',(#388,#396,#404,#410));
#388 = ORIENTED_EDGE('',*,*,#389,.F.);
#389 = EDGE_CURVE('',#390,#286,#392,.T.);
#390 = VERTEX_POINT('',#391);
#391 = CARTESIAN_POINT('',(1.6,0.15,-0.6));
#392 = LINE('',#393,#394);
#393 = CARTESIAN_POINT('',(1.6,0.774264068712,-0.6));
#394 = VECTOR('',#395,1.);
#395 = DIRECTION('',(0.,-1.,0.));
#396 = ORIENTED_EDGE('',*,*,#397,.F.);
#397 = EDGE_CURVE('',#398,#390,#400,.T.);
#398 = VERTEX_POINT('',#399);
#399 = CARTESIAN_POINT('',(1.6,0.15,0.6));
#400 = LINE('',#401,#402);
#401 = CARTESIAN_POINT('',(1.6,0.15,-0.75));
#402 = VECTOR('',#403,1.);
#403 = DIRECTION('',(-0.,-0.,-1.));
#404 = ORIENTED_EDGE('',*,*,#405,.F.);
#405 = EDGE_CURVE('',#297,#398,#406,.T.);
#406 = LINE('',#407,#408);
#407 = CARTESIAN_POINT('',(1.6,0.774264068712,0.6));
#408 = VECTOR('',#409,1.);
#409 = DIRECTION('',(-0.,1.,-0.));
#410 = ORIENTED_EDGE('',*,*,#296,.T.);
#411 = PLANE('',#412);
#412 = AXIS2_PLACEMENT_3D('',#413,#414,#415);
#413 = CARTESIAN_POINT('',(1.6,0.15,-0.75));
#414 = DIRECTION('',(-1.,0.,0.));
#415 = DIRECTION('',(0.,0.,1.));
#416 = ADVANCED_FACE('',(#417),#442,.F.);
#417 = FACE_BOUND('',#418,.T.);
#418 = EDGE_LOOP('',(#419,#427,#435,#441));
#419 = ORIENTED_EDGE('',*,*,#420,.F.);
#420 = EDGE_CURVE('',#421,#128,#423,.T.);
#421 = VERTEX_POINT('',#422);
#422 = CARTESIAN_POINT('',(-1.45,0.15,-0.75));
#423 = LINE('',#424,#425);
#424 = CARTESIAN_POINT('',(-1.45,0.774264068712,-0.75));
#425 = VECTOR('',#426,1.);
#426 = DIRECTION('',(0.,-1.,0.));
#427 = ORIENTED_EDGE('',*,*,#428,.F.);
#428 = EDGE_CURVE('',#429,#421,#431,.T.);
#429 = VERTEX_POINT('',#430);
#430 = CARTESIAN_POINT('',(1.45,0.15,-0.75));
#431 = LINE('',#432,#433);
#432 = CARTESIAN_POINT('',(-1.6,0.15,-0.75));
#433 = VECTOR('',#434,1.);
#434 = DIRECTION('',(-1.,-0.,-0.));
#435 = ORIENTED_EDGE('',*,*,#436,.F.);
#436 = EDGE_CURVE('',#139,#429,#437,.T.);
#437 = LINE('',#438,#439);
#438 = CARTESIAN_POINT('',(1.45,0.774264068712,-0.75));
#439 = VECTOR('',#440,1.);
#440 = DIRECTION('',(-0.,1.,-0.));
#441 = ORIENTED_EDGE('',*,*,#138,.T.);
#442 = PLANE('',#443);
#443 = AXIS2_PLACEMENT_3D('',#444,#445,#446);
#444 = CARTESIAN_POINT('',(-1.6,0.15,-0.75));
#445 = DIRECTION('',(0.,0.,1.));
#446 = DIRECTION('',(1.,0.,-0.));
#447 = ADVANCED_FACE('',(#448,#458),#492,.T.);
#448 = FACE_BOUND('',#449,.T.);
#449 = EDGE_LOOP('',(#450,#457));
#450 = ORIENTED_EDGE('',*,*,#451,.T.);
#451 = EDGE_CURVE('',#76,#95,#452,.T.);
#452 = CIRCLE('',#453,0.275);
#453 = AXIS2_PLACEMENT_3D('',#454,#455,#456);
#454 = CARTESIAN_POINT('',(0.,0.15,0.));
#455 = DIRECTION('',(0.,-1.,0.));
#456 = DIRECTION('',(0.,0.,1.));
#457 = ORIENTED_EDGE('',*,*,#102,.T.);
#458 = FACE_BOUND('',#459,.T.);
#459 = EDGE_LOOP('',(#460,#461,#468,#469,#476,#477,#484,#485));
#460 = ORIENTED_EDGE('',*,*,#428,.T.);
#461 = ORIENTED_EDGE('',*,*,#462,.T.);
#462 = EDGE_CURVE('',#421,#328,#463,.T.);
#463 = CIRCLE('',#464,0.15);
#464 = AXIS2_PLACEMENT_3D('',#465,#466,#467);
#465 = CARTESIAN_POINT('',(-1.6,0.15,-0.75));
#466 = DIRECTION('',(0.,-1.,0.));
#467 = DIRECTION('',(0.,0.,1.));
#468 = ORIENTED_EDGE('',*,*,#344,.T.);
#469 = ORIENTED_EDGE('',*,*,#470,.T.);
#470 = EDGE_CURVE('',#337,#367,#471,.T.);
#471 = CIRCLE('',#472,0.15);
#472 = AXIS2_PLACEMENT_3D('',#473,#474,#475);
#473 = CARTESIAN_POINT('',(-1.6,0.15,0.75));
#474 = DIRECTION('',(0.,-1.,0.));
#475 = DIRECTION('',(0.,0.,1.));
#476 = ORIENTED_EDGE('',*,*,#366,.T.);
#477 = ORIENTED_EDGE('',*,*,#478,.T.);
#478 = EDGE_CURVE('',#359,#398,#479,.T.);
#479 = CIRCLE('',#480,0.15);
#480 = AXIS2_PLACEMENT_3D('',#481,#482,#483);
#481 = CARTESIAN_POINT('',(1.6,0.15,0.75));
#482 = DIRECTION('',(0.,-1.,0.));
#483 = DIRECTION('',(0.,0.,1.));
#484 = ORIENTED_EDGE('',*,*,#397,.T.);
#485 = ORIENTED_EDGE('',*,*,#486,.T.);
#486 = EDGE_CURVE('',#390,#429,#487,.T.);
#487 = CIRCLE('',#488,0.15);
#488 = AXIS2_PLACEMENT_3D('',#489,#490,#491);
#489 = CARTESIAN_POINT('',(1.6,0.15,-0.75));
#490 = DIRECTION('',(0.,-1.,0.));
#491 = DIRECTION('',(0.,0.,1.));
#492 = PLANE('',#493);
#493 = AXIS2_PLACEMENT_3D('',#494,#495,#496);
#494 = CARTESIAN_POINT('',(-1.6,0.15,0.75));
#495 = DIRECTION('',(0.,1.,0.));
#496 = DIRECTION('',(0.,-0.,1.));
#497 = ADVANCED_FACE('',(#498),#523,.F.);
#498 = FACE_BOUND('',#499,.T.);
#499 = EDGE_LOOP('',(#500,#508,#516,#522));
#500 = ORIENTED_EDGE('',*,*,#501,.F.);
#501 = EDGE_CURVE('',#502,#197,#504,.T.);
#502 = VERTEX_POINT('',#503);
#503 = CARTESIAN_POINT('',(-1.488196601125,-5.E-03,0.65));
#504 = LINE('',#505,#506);
#505 = CARTESIAN_POINT('',(-1.488196601125,0.774264068712,0.65));
#506 = VECTOR('',#507,1.);
#507 = DIRECTION('',(-0.,1.,-0.));
#508 = ORIENTED_EDGE('',*,*,#509,.F.);
#509 = EDGE_CURVE('',#510,#502,#512,.T.);
#510 = VERTEX_POINT('',#511);
#511 = CARTESIAN_POINT('',(-1.05,-5.E-03,0.65));
#512 = LINE('',#513,#514);
#513 = CARTESIAN_POINT('',(-1.5,-5.E-03,0.65));
#514 = VECTOR('',#515,1.);
#515 = DIRECTION('',(-1.,-0.,-2.409338161079E-16));
#516 = ORIENTED_EDGE('',*,*,#517,.T.);
#517 = EDGE_CURVE('',#510,#206,#518,.T.);
#518 = LINE('',#519,#520);
#519 = CARTESIAN_POINT('',(-1.05,-5.E-03,0.65));
#520 = VECTOR('',#521,1.);
#521 = DIRECTION('',(-0.,1.,-0.));
#522 = ORIENTED_EDGE('',*,*,#205,.T.);
#523 = PLANE('',#524);
#524 = AXIS2_PLACEMENT_3D('',#525,#526,#527);
#525 = CARTESIAN_POINT('',(-1.5,-5.E-03,0.65));
#526 = DIRECTION('',(2.409338161079E-16,0.,-1.));
#527 = DIRECTION('',(-1.,0.,-2.409338161079E-16));
#528 = ADVANCED_FACE('',(#529),#554,.F.);
#529 = FACE_BOUND('',#530,.T.);
#530 = EDGE_LOOP('',(#531,#539,#547,#553));
#531 = ORIENTED_EDGE('',*,*,#532,.F.);
#532 = EDGE_CURVE('',#533,#244,#535,.T.);
#533 = VERTEX_POINT('',#534);
#534 = CARTESIAN_POINT('',(-1.5,-5.E-03,-0.638196601125));
#535 = LINE('',#536,#537);
#536 = CARTESIAN_POINT('',(-1.5,0.774264068712,-0.638196601125));
#537 = VECTOR('',#538,1.);
#538 = DIRECTION('',(-0.,1.,-0.));
#539 = ORIENTED_EDGE('',*,*,#540,.F.);
#540 = EDGE_CURVE('',#541,#533,#543,.T.);
#541 = VERTEX_POINT('',#542);
#542 = CARTESIAN_POINT('',(-1.5,-5.E-03,0.638196601125));
#543 = LINE('',#544,#545);
#544 = CARTESIAN_POINT('',(-1.5,-5.E-03,0.65));
#545 = VECTOR('',#546,1.);
#546 = DIRECTION('',(0.,0.,-1.));
#547 = ORIENTED_EDGE('',*,*,#548,.F.);
#548 = EDGE_CURVE('',#255,#541,#549,.T.);
#549 = LINE('',#550,#551);
#550 = CARTESIAN_POINT('',(-1.5,0.774264068712,0.638196601125));
#551 = VECTOR('',#552,1.);
#552 = DIRECTION('',(0.,-1.,0.));
#553 = ORIENTED_EDGE('',*,*,#254,.T.);
#554 = PLANE('',#555);
#555 = AXIS2_PLACEMENT_3D('',#556,#557,#558);
#556 = CARTESIAN_POINT('',(-1.5,-5.E-03,0.65));
#557 = DIRECTION('',(1.,0.,0.));
#558 = DIRECTION('',(0.,0.,-1.));
#559 = ADVANCED_FACE('',(#560),#585,.F.);
#560 = FACE_BOUND('',#561,.T.);
#561 = EDGE_LOOP('',(#562,#570,#571,#579));
#562 = ORIENTED_EDGE('',*,*,#563,.F.);
#563 = EDGE_CURVE('',#130,#564,#566,.T.);
#564 = VERTEX_POINT('',#565);
#565 = CARTESIAN_POINT('',(-1.488196601125,-5.E-03,-0.65));
#566 = LINE('',#567,#568);
#567 = CARTESIAN_POINT('',(-1.488196601125,0.774264068712,-0.65));
#568 = VECTOR('',#569,1.);
#569 = DIRECTION('',(0.,-1.,0.));
#570 = ORIENTED_EDGE('',*,*,#229,.T.);
#571 = ORIENTED_EDGE('',*,*,#572,.F.);
#572 = EDGE_CURVE('',#573,#222,#575,.T.);
#573 = VERTEX_POINT('',#574);
#574 = CARTESIAN_POINT('',(-0.85,-5.E-03,-0.65));
#575 = LINE('',#576,#577);
#576 = CARTESIAN_POINT('',(-0.85,-5.E-03,-0.65));
#577 = VECTOR('',#578,1.);
#578 = DIRECTION('',(-0.,1.,-0.));
#579 = ORIENTED_EDGE('',*,*,#580,.F.);
#580 = EDGE_CURVE('',#564,#573,#581,.T.);
#581 = LINE('',#582,#583);
#582 = CARTESIAN_POINT('',(-1.5,-5.E-03,-0.65));
#583 = VECTOR('',#584,1.);
#584 = DIRECTION('',(1.,0.,0.));
#585 = PLANE('',#586);
#586 = AXIS2_PLACEMENT_3D('',#587,#588,#589);
#587 = CARTESIAN_POINT('',(-1.5,-5.E-03,-0.65));
#588 = DIRECTION('',(-0.,0.,1.));
#589 = DIRECTION('',(1.,0.,0.));
#590 = ADVANCED_FACE('',(#591),#624,.T.);
#591 = FACE_BOUND('',#592,.T.);
#592 = EDGE_LOOP('',(#593,#594,#601,#602,#610,#616,#617));
#593 = ORIENTED_EDGE('',*,*,#540,.T.);
#594 = ORIENTED_EDGE('',*,*,#595,.T.);
#595 = EDGE_CURVE('',#533,#564,#596,.T.);
#596 = CIRCLE('',#597,0.15);
#597 = AXIS2_PLACEMENT_3D('',#598,#599,#600);
#598 = CARTESIAN_POINT('',(-1.6,-5.E-03,-0.75));
#599 = DIRECTION('',(0.,1.,0.));
#600 = DIRECTION('',(0.,-0.,1.));
#601 = ORIENTED_EDGE('',*,*,#580,.T.);
#602 = ORIENTED_EDGE('',*,*,#603,.T.);
#603 = EDGE_CURVE('',#573,#604,#606,.T.);
#604 = VERTEX_POINT('',#605);
#605 = CARTESIAN_POINT('',(-0.85,-5.E-03,0.45));
#606 = LINE('',#607,#608);
#607 = CARTESIAN_POINT('',(-0.85,-5.E-03,0.45));
#608 = VECTOR('',#609,1.);
#609 = DIRECTION('',(-0.,-0.,1.));
#610 = ORIENTED_EDGE('',*,*,#611,.T.);
#611 = EDGE_CURVE('',#604,#510,#612,.T.);
#612 = LINE('',#613,#614);
#613 = CARTESIAN_POINT('',(-1.05,-5.E-03,0.65));
#614 = VECTOR('',#615,1.);
#615 = DIRECTION('',(-0.707106781187,-0.,0.707106781187));
#616 = ORIENTED_EDGE('',*,*,#509,.T.);
#617 = ORIENTED_EDGE('',*,*,#618,.T.);
#618 = EDGE_CURVE('',#502,#541,#619,.T.);
#619 = CIRCLE('',#620,0.15);
#620 = AXIS2_PLACEMENT_3D('',#621,#622,#623);
#621 = CARTESIAN_POINT('',(-1.6,-5.E-03,0.75));
#622 = DIRECTION('',(0.,1.,0.));
#623 = DIRECTION('',(0.,-0.,1.));
#624 = PLANE('',#625);
#625 = AXIS2_PLACEMENT_3D('',#626,#627,#628);
#626 = CARTESIAN_POINT('',(-0.85,-5.E-03,-0.65));
#627 = DIRECTION('',(0.,-1.,0.));
#628 = DIRECTION('',(0.,-0.,-1.));
#629 = ADVANCED_FACE('',(#630),#655,.F.);
#630 = FACE_BOUND('',#631,.T.);
#631 = EDGE_LOOP('',(#632,#640,#641,#649));
#632 = ORIENTED_EDGE('',*,*,#633,.F.);
#633 = EDGE_CURVE('',#288,#634,#636,.T.);
#634 = VERTEX_POINT('',#635);
#635 = CARTESIAN_POINT('',(1.5,-5.E-03,-0.638196601125));
#636 = LINE('',#637,#638);
#637 = CARTESIAN_POINT('',(1.5,0.774264068712,-0.638196601125));
#638 = VECTOR('',#639,1.);
#639 = DIRECTION('',(0.,-1.,0.));
#640 = ORIENTED_EDGE('',*,*,#313,.T.);
#641 = ORIENTED_EDGE('',*,*,#642,.F.);
#642 = EDGE_CURVE('',#643,#305,#645,.T.);
#643 = VERTEX_POINT('',#644);
#644 = CARTESIAN_POINT('',(1.5,-5.E-03,0.638196601125));
#645 = LINE('',#646,#647);
#646 = CARTESIAN_POINT('',(1.5,0.774264068712,0.638196601125));
#647 = VECTOR('',#648,1.);
#648 = DIRECTION('',(-0.,1.,-0.));
#649 = ORIENTED_EDGE('',*,*,#650,.F.);
#650 = EDGE_CURVE('',#634,#643,#651,.T.);
#651 = LINE('',#652,#653);
#652 = CARTESIAN_POINT('',(1.5,-5.E-03,0.65));
#653 = VECTOR('',#654,1.);
#654 = DIRECTION('',(-1.000802005371E-15,-0.,1.));
#655 = PLANE('',#656);
#656 = AXIS2_PLACEMENT_3D('',#657,#658,#659);
#657 = CARTESIAN_POINT('',(1.5,-5.E-03,0.65));
#658 = DIRECTION('',(-1.,0.,-1.000802005371E-15));
#659 = DIRECTION('',(-1.000802005371E-15,0.,1.));
#660 = ADVANCED_FACE('',(#661),#686,.F.);
#661 = FACE_BOUND('',#662,.T.);
#662 = EDGE_LOOP('',(#663,#671,#672,#680));
#663 = ORIENTED_EDGE('',*,*,#664,.F.);
#664 = EDGE_CURVE('',#172,#665,#667,.T.);
#665 = VERTEX_POINT('',#666);
#666 = CARTESIAN_POINT('',(1.488196601125,-5.E-03,0.65));
#667 = LINE('',#668,#669);
#668 = CARTESIAN_POINT('',(1.488196601125,0.774264068712,0.65));
#669 = VECTOR('',#670,1.);
#670 = DIRECTION('',(0.,-1.,0.));
#671 = ORIENTED_EDGE('',*,*,#171,.T.);
#672 = ORIENTED_EDGE('',*,*,#673,.F.);
#673 = EDGE_CURVE('',#674,#164,#676,.T.);
#674 = VERTEX_POINT('',#675);
#675 = CARTESIAN_POINT('',(0.85,-5.E-03,0.65));
#676 = LINE('',#677,#678);
#677 = CARTESIAN_POINT('',(0.85,-5.E-03,0.65));
#678 = VECTOR('',#679,1.);
#679 = DIRECTION('',(-0.,1.,-0.));
#680 = ORIENTED_EDGE('',*,*,#681,.F.);
#681 = EDGE_CURVE('',#665,#674,#682,.T.);
#682 = LINE('',#683,#684);
#683 = CARTESIAN_POINT('',(1.5,-5.E-03,0.65));
#684 = VECTOR('',#685,1.);
#685 = DIRECTION('',(-1.,0.,-2.3352046792E-15));
#686 = PLANE('',#687);
#687 = AXIS2_PLACEMENT_3D('',#688,#689,#690);
#688 = CARTESIAN_POINT('',(1.5,-5.E-03,0.65));
#689 = DIRECTION('',(2.3352046792E-15,0.,-1.));
#690 = DIRECTION('',(-1.,0.,-2.3352046792E-15));
#691 = ADVANCED_FACE('',(#692),#717,.F.);
#692 = FACE_BOUND('',#693,.T.);
#693 = EDGE_LOOP('',(#694,#702,#710,#716));
#694 = ORIENTED_EDGE('',*,*,#695,.F.);
#695 = EDGE_CURVE('',#696,#147,#698,.T.);
#696 = VERTEX_POINT('',#697);
#697 = CARTESIAN_POINT('',(1.488196601125,-5.E-03,-0.65));
#698 = LINE('',#699,#700);
#699 = CARTESIAN_POINT('',(1.488196601125,0.774264068712,-0.65));
#700 = VECTOR('',#701,1.);
#701 = DIRECTION('',(-0.,1.,-0.));
#702 = ORIENTED_EDGE('',*,*,#703,.F.);
#703 = EDGE_CURVE('',#704,#696,#706,.T.);
#704 = VERTEX_POINT('',#705);
#705 = CARTESIAN_POINT('',(0.85,-5.E-03,-0.65));
#706 = LINE('',#707,#708);
#707 = CARTESIAN_POINT('',(1.5,-5.E-03,-0.65));
#708 = VECTOR('',#709,1.);
#709 = DIRECTION('',(1.,-0.,2.3352046792E-15));
#710 = ORIENTED_EDGE('',*,*,#711,.T.);
#711 = EDGE_CURVE('',#704,#156,#712,.T.);
#712 = LINE('',#713,#714);
#713 = CARTESIAN_POINT('',(0.85,-5.E-03,-0.65));
#714 = VECTOR('',#715,1.);
#715 = DIRECTION('',(-0.,1.,-0.));
#716 = ORIENTED_EDGE('',*,*,#155,.T.);
#717 = PLANE('',#718);
#718 = AXIS2_PLACEMENT_3D('',#719,#720,#721);
#719 = CARTESIAN_POINT('',(1.5,-5.E-03,-0.65));
#720 = DIRECTION('',(-2.3352046792E-15,0.,1.));
#721 = DIRECTION('',(1.,0.,2.3352046792E-15));
#722 = ADVANCED_FACE('',(#723),#748,.F.);
#723 = FACE_BOUND('',#724,.T.);
#724 = EDGE_LOOP('',(#725,#732,#733,#740,#741,#747));
#725 = ORIENTED_EDGE('',*,*,#726,.T.);
#726 = EDGE_CURVE('',#696,#634,#727,.T.);
#727 = CIRCLE('',#728,0.15);
#728 = AXIS2_PLACEMENT_3D('',#729,#730,#731);
#729 = CARTESIAN_POINT('',(1.6,-5.E-03,-0.75));
#730 = DIRECTION('',(0.,1.,0.));
#731 = DIRECTION('',(0.,-0.,1.));
#732 = ORIENTED_EDGE('',*,*,#650,.T.);
#733 = ORIENTED_EDGE('',*,*,#734,.T.);
#734 = EDGE_CURVE('',#643,#665,#735,.T.);
#735 = CIRCLE('',#736,0.15);
#736 = AXIS2_PLACEMENT_3D('',#737,#738,#739);
#737 = CARTESIAN_POINT('',(1.6,-5.E-03,0.75));
#738 = DIRECTION('',(0.,1.,0.));
#739 = DIRECTION('',(0.,-0.,1.));
#740 = ORIENTED_EDGE('',*,*,#681,.T.);
#741 = ORIENTED_EDGE('',*,*,#742,.T.);
#742 = EDGE_CURVE('',#674,#704,#743,.T.);
#743 = LINE('',#744,#745);
#744 = CARTESIAN_POINT('',(0.85,-5.E-03,0.65));
#745 = VECTOR('',#746,1.);
#746 = DIRECTION('',(0.,0.,-1.));
#747 = ORIENTED_EDGE('',*,*,#703,.T.);
#748 = PLANE('',#749);
#749 = AXIS2_PLACEMENT_3D('',#750,#751,#752);
#750 = CARTESIAN_POINT('',(1.5,-5.E-03,-0.65));
#751 = DIRECTION('',(0.,1.,0.));
#752 = DIRECTION('',(0.,-0.,1.));
#753 = ADVANCED_FACE('',(#754),#760,.F.);
#754 = FACE_BOUND('',#755,.F.);
#755 = EDGE_LOOP('',(#756,#757,#758,#759));
#756 = ORIENTED_EDGE('',*,*,#117,.F.);
#757 = ORIENTED_EDGE('',*,*,#75,.F.);
#758 = ORIENTED_EDGE('',*,*,#451,.T.);
#759 = ORIENTED_EDGE('',*,*,#94,.T.);
#760 = CYLINDRICAL_SURFACE('',#761,0.275);
#761 = AXIS2_PLACEMENT_3D('',#762,#763,#764);
#762 = CARTESIAN_POINT('',(0.,0.681,0.));
#763 = DIRECTION('',(-0.,-1.,-0.));
#764 = DIRECTION('',(0.,0.,-1.));
#765 = ADVANCED_FACE('',(#766),#777,.F.);
#766 = FACE_BOUND('',#767,.T.);
#767 = EDGE_LOOP('',(#768,#769,#775,#776));
#768 = ORIENTED_EDGE('',*,*,#221,.T.);
#769 = ORIENTED_EDGE('',*,*,#770,.F.);
#770 = EDGE_CURVE('',#604,#214,#771,.T.);
#771 = LINE('',#772,#773);
#772 = CARTESIAN_POINT('',(-0.85,-5.E-03,0.45));
#773 = VECTOR('',#774,1.);
#774 = DIRECTION('',(-0.,1.,-0.));
#775 = ORIENTED_EDGE('',*,*,#603,.F.);
#776 = ORIENTED_EDGE('',*,*,#572,.T.);
#777 = PLANE('',#778);
#778 = AXIS2_PLACEMENT_3D('',#779,#780,#781);
#779 = CARTESIAN_POINT('',(-0.85,-5.E-03,0.45));
#780 = DIRECTION('',(-1.,0.,-0.));
#781 = DIRECTION('',(0.,0.,1.));
#782 = ADVANCED_FACE('',(#783),#789,.F.);
#783 = FACE_BOUND('',#784,.T.);
#784 = EDGE_LOOP('',(#785,#786,#787,#788));
#785 = ORIENTED_EDGE('',*,*,#213,.T.);
#786 = ORIENTED_EDGE('',*,*,#517,.F.);
#787 = ORIENTED_EDGE('',*,*,#611,.F.);
#788 = ORIENTED_EDGE('',*,*,#770,.T.);
#789 = PLANE('',#790);
#790 = AXIS2_PLACEMENT_3D('',#791,#792,#793);
#791 = CARTESIAN_POINT('',(-1.05,-5.E-03,0.65));
#792 = DIRECTION('',(-0.707106781187,0.,-0.707106781187));
#793 = DIRECTION('',(-0.707106781187,0.,0.707106781187));
#794 = ADVANCED_FACE('',(#795),#801,.F.);
#795 = FACE_BOUND('',#796,.T.);
#796 = EDGE_LOOP('',(#797,#798,#799,#800));
#797 = ORIENTED_EDGE('',*,*,#163,.T.);
#798 = ORIENTED_EDGE('',*,*,#711,.F.);
#799 = ORIENTED_EDGE('',*,*,#742,.F.);
#800 = ORIENTED_EDGE('',*,*,#673,.T.);
#801 = PLANE('',#802);
#802 = AXIS2_PLACEMENT_3D('',#803,#804,#805);
#803 = CARTESIAN_POINT('',(0.85,-5.E-03,0.65));
#804 = DIRECTION('',(1.,0.,0.));
#805 = DIRECTION('',(0.,0.,-1.));
#806 = ADVANCED_FACE('',(#807),#817,.F.);
#807 = FACE_BOUND('',#808,.F.);
#808 = EDGE_LOOP('',(#809,#810,#811,#812,#813,#814,#815,#816));
#809 = ORIENTED_EDGE('',*,*,#734,.T.);
#810 = ORIENTED_EDGE('',*,*,#664,.F.);
#811 = ORIENTED_EDGE('',*,*,#179,.F.);
#812 = ORIENTED_EDGE('',*,*,#358,.F.);
#813 = ORIENTED_EDGE('',*,*,#478,.T.);
#814 = ORIENTED_EDGE('',*,*,#405,.F.);
#815 = ORIENTED_EDGE('',*,*,#304,.F.);
#816 = ORIENTED_EDGE('',*,*,#642,.F.);
#817 = CYLINDRICAL_SURFACE('',#818,0.15);
#818 = AXIS2_PLACEMENT_3D('',#819,#820,#821);
#819 = CARTESIAN_POINT('',(1.6,0.774264068712,0.75));
#820 = DIRECTION('',(0.,-1.,0.));
#821 = DIRECTION('',(0.,0.,-1.));
#822 = ADVANCED_FACE('',(#823),#833,.F.);
#823 = FACE_BOUND('',#824,.F.);
#824 = EDGE_LOOP('',(#825,#826,#827,#828,#829,#830,#831,#832));
#825 = ORIENTED_EDGE('',*,*,#285,.F.);
#826 = ORIENTED_EDGE('',*,*,#389,.F.);
#827 = ORIENTED_EDGE('',*,*,#486,.T.);
#828 = ORIENTED_EDGE('',*,*,#436,.F.);
#829 = ORIENTED_EDGE('',*,*,#146,.F.);
#830 = ORIENTED_EDGE('',*,*,#695,.F.);
#831 = ORIENTED_EDGE('',*,*,#726,.T.);
#832 = ORIENTED_EDGE('',*,*,#633,.F.);
#833 = CYLINDRICAL_SURFACE('',#834,0.15);
#834 = AXIS2_PLACEMENT_3D('',#835,#836,#837);
#835 = CARTESIAN_POINT('',(1.6,0.774264068712,-0.75));
#836 = DIRECTION('',(0.,-1.,0.));
#837 = DIRECTION('',(0.,0.,-1.));
#838 = ADVANCED_FACE('',(#839),#849,.F.);
#839 = FACE_BOUND('',#840,.F.);
#840 = EDGE_LOOP('',(#841,#842,#843,#844,#845,#846,#847,#848));
#841 = ORIENTED_EDGE('',*,*,#618,.T.);
#842 = ORIENTED_EDGE('',*,*,#548,.F.);
#843 = ORIENTED_EDGE('',*,*,#262,.F.);
#844 = ORIENTED_EDGE('',*,*,#336,.F.);
#845 = ORIENTED_EDGE('',*,*,#470,.T.);
#846 = ORIENTED_EDGE('',*,*,#374,.F.);
#847 = ORIENTED_EDGE('',*,*,#196,.F.);
#848 = ORIENTED_EDGE('',*,*,#501,.F.);
#849 = CYLINDRICAL_SURFACE('',#850,0.15);
#850 = AXIS2_PLACEMENT_3D('',#851,#852,#853);
#851 = CARTESIAN_POINT('',(-1.6,0.774264068712,0.75));
#852 = DIRECTION('',(0.,-1.,0.));
#853 = DIRECTION('',(0.,0.,-1.));
#854 = ADVANCED_FACE('',(#855),#865,.F.);
#855 = FACE_BOUND('',#856,.F.);
#856 = EDGE_LOOP('',(#857,#858,#859,#860,#861,#862,#863,#864));
#857 = ORIENTED_EDGE('',*,*,#595,.T.);
#858 = ORIENTED_EDGE('',*,*,#563,.F.);
#859 = ORIENTED_EDGE('',*,*,#127,.F.);
#860 = ORIENTED_EDGE('',*,*,#420,.F.);
#861 = ORIENTED_EDGE('',*,*,#462,.T.);
#862 = ORIENTED_EDGE('',*,*,#327,.F.);
#863 = ORIENTED_EDGE('',*,*,#243,.F.);
#864 = ORIENTED_EDGE('',*,*,#532,.F.);
#865 = CYLINDRICAL_SURFACE('',#866,0.15);
#866 = AXIS2_PLACEMENT_3D('',#867,#868,#869);
#867 = CARTESIAN_POINT('',(-1.6,0.774264068712,-0.75));
#868 = DIRECTION('',(0.,-1.,0.));
#869 = DIRECTION('',(0.,0.,-1.));
#870 = ( GEOMETRIC_REPRESENTATION_CONTEXT(3) 
GLOBAL_UNCERTAINTY_ASSIGNED_CONTEXT((#874)) GLOBAL_UNIT_ASSIGNED_CONTEXT
((#871,#872,#873)) REPRESENTATION_CONTEXT('Context #1',
  '3D Context with UNIT and UNCERTAINTY') );
#871 = ( LENGTH_UNIT() NAMED_UNIT(*) SI_UNIT(.MILLI.,.METRE.) );
#872 = ( NAMED_UNIT(*) PLANE_ANGLE_UNIT() SI_UNIT($,.RADIAN.) );
#873 = ( NAMED_UNIT(*) SI_UNIT($,.STERADIAN.) SOLID_ANGLE_UNIT() );
#874 = UNCERTAINTY_MEASURE_WITH_UNIT(LENGTH_MEASURE(1.E-07),#871,
  'distance_accuracy_value','confusion accuracy');
#875 = CONTEXT_DEPENDENT_SHAPE_REPRESENTATION(#876,#878);
#876 = ( REPRESENTATION_RELATIONSHIP('','',#68,#10) 
REPRESENTATION_RELATIONSHIP_WITH_TRANSFORMATION(#877) 
SHAPE_REPRESENTATION_RELATIONSHIP() );
#877 = ITEM_DEFINED_TRANSFORMATION('','',#11,#15);
#878 = PRODUCT_DEFINITION_SHAPE('Placement','Placement of an item',#879
  );
#879 = NEXT_ASSEMBLY_USAGE_OCCURRENCE('1','FC-135','',#5,#63,$);
#880 = PRODUCT_RELATED_PRODUCT_CATEGORY('part',$,(#65));
#881 = SHAPE_DEFINITION_REPRESENTATION(#882,#888);
#882 = PRODUCT_DEFINITION_SHAPE('','',#883);
#883 = PRODUCT_DEFINITION('design','',#884,#887);
#884 = PRODUCT_DEFINITION_FORMATION('','',#885);
#885 = PRODUCT('FC-136','FC-136','',(#886));
#886 = PRODUCT_CONTEXT('',#2,'mechanical');
#887 = PRODUCT_DEFINITION_CONTEXT('part definition',#2,'design');
#888 = ADVANCED_BREP_SHAPE_REPRESENTATION('',(#11,#889),#1529);
#889 = MANIFOLD_SOLID_BREP('',#890);
#890 = CLOSED_SHELL('',(#891,#933,#973,#1013,#1053,#1093,#1213,#1333,
    #1355,#1372,#1389,#1406,#1423,#1440,#1457,#1469,#1481,#1493,#1505,
    #1517));
#891 = ADVANCED_FACE('',(#892),#928,.F.);
#892 = FACE_BOUND('',#893,.F.);
#893 = EDGE_LOOP('',(#894,#904,#913,#921));
#894 = ORIENTED_EDGE('',*,*,#895,.T.);
#895 = EDGE_CURVE('',#896,#898,#900,.T.);
#896 = VERTEX_POINT('',#897);
#897 = CARTESIAN_POINT('',(0.,0.15,7.5E-02));
#898 = VERTEX_POINT('',#899);
#899 = CARTESIAN_POINT('',(0.,0.35,7.5E-02));
#900 = LINE('',#901,#902);
#901 = CARTESIAN_POINT('',(0.,-1.E-03,7.5E-02));
#902 = VECTOR('',#903,1.);
#903 = DIRECTION('',(-0.,1.,-0.));
#904 = ORIENTED_EDGE('',*,*,#905,.F.);
#905 = EDGE_CURVE('',#906,#898,#908,.T.);
#906 = VERTEX_POINT('',#907);
#907 = CARTESIAN_POINT('',(9.184850993605E-18,0.35,-7.5E-02));
#908 = CIRCLE('',#909,7.5E-02);
#909 = AXIS2_PLACEMENT_3D('',#910,#911,#912);
#910 = CARTESIAN_POINT('',(0.,0.35,0.));
#911 = DIRECTION('',(0.,1.,0.));
#912 = DIRECTION('',(0.,-0.,1.));
#913 = ORIENTED_EDGE('',*,*,#914,.F.);
#914 = EDGE_CURVE('',#915,#906,#917,.T.);
#915 = VERTEX_POINT('',#916);
#916 = CARTESIAN_POINT('',(9.184850993605E-18,0.15,-7.5E-02));
#917 = LINE('',#918,#919);
#918 = CARTESIAN_POINT('',(9.184850993605E-18,-1.E-03,-7.5E-02));
#919 = VECTOR('',#920,1.);
#920 = DIRECTION('',(-0.,1.,-0.));
#921 = ORIENTED_EDGE('',*,*,#922,.F.);
#922 = EDGE_CURVE('',#896,#915,#923,.T.);
#923 = CIRCLE('',#924,7.5E-02);
#924 = AXIS2_PLACEMENT_3D('',#925,#926,#927);
#925 = CARTESIAN_POINT('',(0.,0.15,0.));
#926 = DIRECTION('',(0.,-1.,0.));
#927 = DIRECTION('',(0.,0.,1.));
#928 = CYLINDRICAL_SURFACE('',#929,7.5E-02);
#929 = AXIS2_PLACEMENT_3D('',#930,#931,#932);
#930 = CARTESIAN_POINT('',(0.,-1.E-03,0.));
#931 = DIRECTION('',(-0.,1.,-0.));
#932 = DIRECTION('',(0.,0.,1.));
#933 = ADVANCED_FACE('',(#934),#968,.F.);
#934 = FACE_BOUND('',#935,.T.);
#935 = EDGE_LOOP('',(#936,#946,#954,#962));
#936 = ORIENTED_EDGE('',*,*,#937,.F.);
#937 = EDGE_CURVE('',#938,#940,#942,.T.);
#938 = VERTEX_POINT('',#939);
#939 = CARTESIAN_POINT('',(-1.6,0.15,-0.6));
#940 = VERTEX_POINT('',#941);
#941 = CARTESIAN_POINT('',(-1.6,0.35,-0.6));
#942 = LINE('',#943,#944);
#943 = CARTESIAN_POINT('',(-1.6,0.774264068712,-0.6));
#944 = VECTOR('',#945,1.);
#945 = DIRECTION('',(-0.,1.,-0.));
#946 = ORIENTED_EDGE('',*,*,#947,.T.);
#947 = EDGE_CURVE('',#938,#948,#950,.T.);
#948 = VERTEX_POINT('',#949);
#949 = CARTESIAN_POINT('',(-1.6,0.15,0.6));
#950 = LINE('',#951,#952);
#951 = CARTESIAN_POINT('',(-1.6,0.15,-0.75));
#952 = VECTOR('',#953,1.);
#953 = DIRECTION('',(0.,0.,1.));
#954 = ORIENTED_EDGE('',*,*,#955,.F.);
#955 = EDGE_CURVE('',#956,#948,#958,.T.);
#956 = VERTEX_POINT('',#957);
#957 = CARTESIAN_POINT('',(-1.6,0.35,0.6));
#958 = LINE('',#959,#960);
#959 = CARTESIAN_POINT('',(-1.6,0.774264068712,0.6));
#960 = VECTOR('',#961,1.);
#961 = DIRECTION('',(0.,-1.,0.));
#962 = ORIENTED_EDGE('',*,*,#963,.F.);
#963 = EDGE_CURVE('',#940,#956,#964,.T.);
#964 = LINE('',#965,#966);
#965 = CARTESIAN_POINT('',(-1.6,0.35,-0.75));
#966 = VECTOR('',#967,1.);
#967 = DIRECTION('',(0.,0.,1.));
#968 = PLANE('',#969);
#969 = AXIS2_PLACEMENT_3D('',#970,#971,#972);
#970 = CARTESIAN_POINT('',(-1.6,0.35,-0.75));
#971 = DIRECTION('',(1.,0.,0.));
#972 = DIRECTION('',(0.,0.,-1.));
#973 = ADVANCED_FACE('',(#974),#1008,.F.);
#974 = FACE_BOUND('',#975,.T.);
#975 = EDGE_LOOP('',(#976,#986,#994,#1002));
#976 = ORIENTED_EDGE('',*,*,#977,.F.);
#977 = EDGE_CURVE('',#978,#980,#982,.T.);
#978 = VERTEX_POINT('',#979);
#979 = CARTESIAN_POINT('',(1.45,0.35,0.75));
#980 = VERTEX_POINT('',#981);
#981 = CARTESIAN_POINT('',(1.45,0.15,0.75));
#982 = LINE('',#983,#984);
#983 = CARTESIAN_POINT('',(1.45,0.774264068712,0.75));
#984 = VECTOR('',#985,1.);
#985 = DIRECTION('',(0.,-1.,0.));
#986 = ORIENTED_EDGE('',*,*,#987,.F.);
#987 = EDGE_CURVE('',#988,#978,#990,.T.);
#988 = VERTEX_POINT('',#989);
#989 = CARTESIAN_POINT('',(-1.45,0.35,0.75));
#990 = LINE('',#991,#992);
#991 = CARTESIAN_POINT('',(-1.6,0.35,0.75));
#992 = VECTOR('',#993,1.);
#993 = DIRECTION('',(1.,0.,0.));
#994 = ORIENTED_EDGE('',*,*,#995,.F.);
#995 = EDGE_CURVE('',#996,#988,#998,.T.);
#996 = VERTEX_POINT('',#997);
#997 = CARTESIAN_POINT('',(-1.45,0.15,0.75));
#998 = LINE('',#999,#1000);
#999 = CARTESIAN_POINT('',(-1.45,0.774264068712,0.75));
#1000 = VECTOR('',#1001,1.);
#1001 = DIRECTION('',(-0.,1.,-0.));
#1002 = ORIENTED_EDGE('',*,*,#1003,.T.);
#1003 = EDGE_CURVE('',#996,#980,#1004,.T.);
#1004 = LINE('',#1005,#1006);
#1005 = CARTESIAN_POINT('',(-1.6,0.15,0.75));
#1006 = VECTOR('',#1007,1.);
#1007 = DIRECTION('',(1.,0.,0.));
#1008 = PLANE('',#1009);
#1009 = AXIS2_PLACEMENT_3D('',#1010,#1011,#1012);
#1010 = CARTESIAN_POINT('',(-1.6,0.35,0.75));
#1011 = DIRECTION('',(0.,0.,-1.));
#1012 = DIRECTION('',(-1.,0.,-0.));
#1013 = ADVANCED_FACE('',(#1014),#1048,.F.);
#1014 = FACE_BOUND('',#1015,.T.);
#1015 = EDGE_LOOP('',(#1016,#1026,#1034,#1042));
#1016 = ORIENTED_EDGE('',*,*,#1017,.F.);
#1017 = EDGE_CURVE('',#1018,#1020,#1022,.T.);
#1018 = VERTEX_POINT('',#1019);
#1019 = CARTESIAN_POINT('',(1.6,0.35,-0.6));
#1020 = VERTEX_POINT('',#1021);
#1021 = CARTESIAN_POINT('',(1.6,0.15,-0.6));
#1022 = LINE('',#1023,#1024);
#1023 = CARTESIAN_POINT('',(1.6,0.774264068712,-0.6));
#1024 = VECTOR('',#1025,1.);
#1025 = DIRECTION('',(0.,-1.,0.));
#1026 = ORIENTED_EDGE('',*,*,#1027,.F.);
#1027 = EDGE_CURVE('',#1028,#1018,#1030,.T.);
#1028 = VERTEX_POINT('',#1029);
#1029 = CARTESIAN_POINT('',(1.6,0.35,0.6));
#1030 = LINE('',#1031,#1032);
#1031 = CARTESIAN_POINT('',(1.6,0.35,-0.75));
#1032 = VECTOR('',#1033,1.);
#1033 = DIRECTION('',(-0.,-0.,-1.));
#1034 = ORIENTED_EDGE('',*,*,#1035,.F.);
#1035 = EDGE_CURVE('',#1036,#1028,#1038,.T.);
#1036 = VERTEX_POINT('',#1037);
#1037 = CARTESIAN_POINT('',(1.6,0.15,0.6));
#1038 = LINE('',#1039,#1040);
#1039 = CARTESIAN_POINT('',(1.6,0.774264068712,0.6));
#1040 = VECTOR('',#1041,1.);
#1041 = DIRECTION('',(-0.,1.,-0.));
#1042 = ORIENTED_EDGE('',*,*,#1043,.T.);
#1043 = EDGE_CURVE('',#1036,#1020,#1044,.T.);
#1044 = LINE('',#1045,#1046);
#1045 = CARTESIAN_POINT('',(1.6,0.15,-0.75));
#1046 = VECTOR('',#1047,1.);
#1047 = DIRECTION('',(-0.,-0.,-1.));
#1048 = PLANE('',#1049);
#1049 = AXIS2_PLACEMENT_3D('',#1050,#1051,#1052);
#1050 = CARTESIAN_POINT('',(1.6,0.35,-0.75));
#1051 = DIRECTION('',(-1.,0.,0.));
#1052 = DIRECTION('',(0.,0.,1.));
#1053 = ADVANCED_FACE('',(#1054),#1088,.F.);
#1054 = FACE_BOUND('',#1055,.T.);
#1055 = EDGE_LOOP('',(#1056,#1066,#1074,#1082));
#1056 = ORIENTED_EDGE('',*,*,#1057,.F.);
#1057 = EDGE_CURVE('',#1058,#1060,#1062,.T.);
#1058 = VERTEX_POINT('',#1059);
#1059 = CARTESIAN_POINT('',(-1.45,0.35,-0.75));
#1060 = VERTEX_POINT('',#1061);
#1061 = CARTESIAN_POINT('',(-1.45,0.15,-0.75));
#1062 = LINE('',#1063,#1064);
#1063 = CARTESIAN_POINT('',(-1.45,0.774264068712,-0.75));
#1064 = VECTOR('',#1065,1.);
#1065 = DIRECTION('',(0.,-1.,0.));
#1066 = ORIENTED_EDGE('',*,*,#1067,.F.);
#1067 = EDGE_CURVE('',#1068,#1058,#1070,.T.);
#1068 = VERTEX_POINT('',#1069);
#1069 = CARTESIAN_POINT('',(1.45,0.35,-0.75));
#1070 = LINE('',#1071,#1072);
#1071 = CARTESIAN_POINT('',(-1.6,0.35,-0.75));
#1072 = VECTOR('',#1073,1.);
#1073 = DIRECTION('',(-1.,-0.,-0.));
#1074 = ORIENTED_EDGE('',*,*,#1075,.F.);
#1075 = EDGE_CURVE('',#1076,#1068,#1078,.T.);
#1076 = VERTEX_POINT('',#1077);
#1077 = CARTESIAN_POINT('',(1.45,0.15,-0.75));
#1078 = LINE('',#1079,#1080);
#1079 = CARTESIAN_POINT('',(1.45,0.774264068712,-0.75));
#1080 = VECTOR('',#1081,1.);
#1081 = DIRECTION('',(-0.,1.,-0.));
#1082 = ORIENTED_EDGE('',*,*,#1083,.T.);
#1083 = EDGE_CURVE('',#1076,#1060,#1084,.T.);
#1084 = LINE('',#1085,#1086);
#1085 = CARTESIAN_POINT('',(-1.6,0.15,-0.75));
#1086 = VECTOR('',#1087,1.);
#1087 = DIRECTION('',(-1.,-0.,-0.));
#1088 = PLANE('',#1089);
#1089 = AXIS2_PLACEMENT_3D('',#1090,#1091,#1092);
#1090 = CARTESIAN_POINT('',(-1.6,0.35,-0.75));
#1091 = DIRECTION('',(0.,0.,1.));
#1092 = DIRECTION('',(1.,0.,-0.));
#1093 = ADVANCED_FACE('',(#1094,#1104,#1174),#1208,.T.);
#1094 = FACE_BOUND('',#1095,.T.);
#1095 = EDGE_LOOP('',(#1096,#1103));
#1096 = ORIENTED_EDGE('',*,*,#1097,.F.);
#1097 = EDGE_CURVE('',#898,#906,#1098,.T.);
#1098 = CIRCLE('',#1099,7.5E-02);
#1099 = AXIS2_PLACEMENT_3D('',#1100,#1101,#1102);
#1100 = CARTESIAN_POINT('',(0.,0.35,0.));
#1101 = DIRECTION('',(0.,1.,0.));
#1102 = DIRECTION('',(0.,-0.,1.));
#1103 = ORIENTED_EDGE('',*,*,#905,.F.);
#1104 = FACE_BOUND('',#1105,.T.);
#1105 = EDGE_LOOP('',(#1106,#1117,#1125,#1134,#1142,#1151,#1159,#1168));
#1106 = ORIENTED_EDGE('',*,*,#1107,.F.);
#1107 = EDGE_CURVE('',#1108,#1110,#1112,.T.);
#1108 = VERTEX_POINT('',#1109);
#1109 = CARTESIAN_POINT('',(0.45,0.35,0.25));
#1110 = VERTEX_POINT('',#1111);
#1111 = CARTESIAN_POINT('',(0.55,0.35,0.35));
#1112 = CIRCLE('',#1113,1.E-01);
#1113 = AXIS2_PLACEMENT_3D('',#1114,#1115,#1116);
#1114 = CARTESIAN_POINT('',(0.55,0.35,0.25));
#1115 = DIRECTION('',(-0.,1.,0.));
#1116 = DIRECTION('',(0.,0.,-1.));
#1117 = ORIENTED_EDGE('',*,*,#1118,.F.);
#1118 = EDGE_CURVE('',#1119,#1108,#1121,.T.);
#1119 = VERTEX_POINT('',#1120);
#1120 = CARTESIAN_POINT('',(0.45,0.35,-0.25));
#1121 = LINE('',#1122,#1123);
#1122 = CARTESIAN_POINT('',(0.45,0.35,-0.25));
#1123 = VECTOR('',#1124,1.);
#1124 = DIRECTION('',(0.,0.,1.));
#1125 = ORIENTED_EDGE('',*,*,#1126,.F.);
#1126 = EDGE_CURVE('',#1127,#1119,#1129,.T.);
#1127 = VERTEX_POINT('',#1128);
#1128 = CARTESIAN_POINT('',(0.55,0.35,-0.35));
#1129 = CIRCLE('',#1130,0.1);
#1130 = AXIS2_PLACEMENT_3D('',#1131,#1132,#1133);
#1131 = CARTESIAN_POINT('',(0.55,0.35,-0.25));
#1132 = DIRECTION('',(-0.,1.,0.));
#1133 = DIRECTION('',(0.,0.,-1.));
#1134 = ORIENTED_EDGE('',*,*,#1135,.F.);
#1135 = EDGE_CURVE('',#1136,#1127,#1138,.T.);
#1136 = VERTEX_POINT('',#1137);
#1137 = CARTESIAN_POINT('',(1.1,0.35,-0.35));
#1138 = LINE('',#1139,#1140);
#1139 = CARTESIAN_POINT('',(0.55,0.35,-0.35));
#1140 = VECTOR('',#1141,1.);
#1141 = DIRECTION('',(-1.,-0.,-4.928191693116E-16));
#1142 = ORIENTED_EDGE('',*,*,#1143,.F.);
#1143 = EDGE_CURVE('',#1144,#1136,#1146,.T.);
#1144 = VERTEX_POINT('',#1145);
#1145 = CARTESIAN_POINT('',(1.2,0.35,-0.25));
#1146 = CIRCLE('',#1147,0.1);
#1147 = AXIS2_PLACEMENT_3D('',#1148,#1149,#1150);
#1148 = CARTESIAN_POINT('',(1.1,0.35,-0.25));
#1149 = DIRECTION('',(0.,1.,0.));
#1150 = DIRECTION('',(0.,-0.,1.));
#1151 = ORIENTED_EDGE('',*,*,#1152,.F.);
#1152 = EDGE_CURVE('',#1153,#1144,#1155,.T.);
#1153 = VERTEX_POINT('',#1154);
#1154 = CARTESIAN_POINT('',(1.2,0.35,0.25));
#1155 = LINE('',#1156,#1157);
#1156 = CARTESIAN_POINT('',(1.2,0.35,-0.25));
#1157 = VECTOR('',#1158,1.);
#1158 = DIRECTION('',(-0.,-0.,-1.));
#1159 = ORIENTED_EDGE('',*,*,#1160,.F.);
#1160 = EDGE_CURVE('',#1161,#1153,#1163,.T.);
#1161 = VERTEX_POINT('',#1162);
#1162 = CARTESIAN_POINT('',(1.1,0.35,0.35));
#1163 = CIRCLE('',#1164,0.1);
#1164 = AXIS2_PLACEMENT_3D('',#1165,#1166,#1167);
#1165 = CARTESIAN_POINT('',(1.1,0.35,0.25));
#1166 = DIRECTION('',(0.,1.,0.));
#1167 = DIRECTION('',(0.,-0.,1.));
#1168 = ORIENTED_EDGE('',*,*,#1169,.F.);
#1169 = EDGE_CURVE('',#1110,#1161,#1170,.T.);
#1170 = LINE('',#1171,#1172);
#1171 = CARTESIAN_POINT('',(1.1,0.35,0.35));
#1172 = VECTOR('',#1173,1.);
#1173 = DIRECTION('',(1.,-0.,6.899468370362E-16));
#1174 = FACE_BOUND('',#1175,.T.);
#1175 = EDGE_LOOP('',(#1176,#1177,#1184,#1185,#1192,#1193,#1200,#1201));
#1176 = ORIENTED_EDGE('',*,*,#1067,.T.);
#1177 = ORIENTED_EDGE('',*,*,#1178,.F.);
#1178 = EDGE_CURVE('',#940,#1058,#1179,.T.);
#1179 = CIRCLE('',#1180,0.15);
#1180 = AXIS2_PLACEMENT_3D('',#1181,#1182,#1183);
#1181 = CARTESIAN_POINT('',(-1.6,0.35,-0.75));
#1182 = DIRECTION('',(0.,1.,0.));
#1183 = DIRECTION('',(0.,-0.,1.));
#1184 = ORIENTED_EDGE('',*,*,#963,.T.);
#1185 = ORIENTED_EDGE('',*,*,#1186,.F.);
#1186 = EDGE_CURVE('',#988,#956,#1187,.T.);
#1187 = CIRCLE('',#1188,0.15);
#1188 = AXIS2_PLACEMENT_3D('',#1189,#1190,#1191);
#1189 = CARTESIAN_POINT('',(-1.6,0.35,0.75));
#1190 = DIRECTION('',(0.,1.,0.));
#1191 = DIRECTION('',(0.,-0.,1.));
#1192 = ORIENTED_EDGE('',*,*,#987,.T.);
#1193 = ORIENTED_EDGE('',*,*,#1194,.F.);
#1194 = EDGE_CURVE('',#1028,#978,#1195,.T.);
#1195 = CIRCLE('',#1196,0.15);
#1196 = AXIS2_PLACEMENT_3D('',#1197,#1198,#1199);
#1197 = CARTESIAN_POINT('',(1.6,0.35,0.75));
#1198 = DIRECTION('',(0.,1.,0.));
#1199 = DIRECTION('',(0.,-0.,1.));
#1200 = ORIENTED_EDGE('',*,*,#1027,.T.);
#1201 = ORIENTED_EDGE('',*,*,#1202,.F.);
#1202 = EDGE_CURVE('',#1068,#1018,#1203,.T.);
#1203 = CIRCLE('',#1204,0.15);
#1204 = AXIS2_PLACEMENT_3D('',#1205,#1206,#1207);
#1205 = CARTESIAN_POINT('',(1.6,0.35,-0.75));
#1206 = DIRECTION('',(0.,1.,0.));
#1207 = DIRECTION('',(0.,-0.,1.));
#1208 = PLANE('',#1209);
#1209 = AXIS2_PLACEMENT_3D('',#1210,#1211,#1212);
#1210 = CARTESIAN_POINT('',(-1.6,0.35,0.75));
#1211 = DIRECTION('',(0.,1.,0.));
#1212 = DIRECTION('',(0.,-0.,1.));
#1213 = ADVANCED_FACE('',(#1214,#1284,#1294),#1328,.F.);
#1214 = FACE_BOUND('',#1215,.T.);
#1215 = EDGE_LOOP('',(#1216,#1226,#1235,#1243,#1252,#1260,#1269,#1277));
#1216 = ORIENTED_EDGE('',*,*,#1217,.F.);
#1217 = EDGE_CURVE('',#1218,#1220,#1222,.T.);
#1218 = VERTEX_POINT('',#1219);
#1219 = CARTESIAN_POINT('',(0.45,0.15,0.25));
#1220 = VERTEX_POINT('',#1221);
#1221 = CARTESIAN_POINT('',(0.45,0.15,-0.25));
#1222 = LINE('',#1223,#1224);
#1223 = CARTESIAN_POINT('',(0.45,0.15,-0.25));
#1224 = VECTOR('',#1225,1.);
#1225 = DIRECTION('',(0.,0.,-1.));
#1226 = ORIENTED_EDGE('',*,*,#1227,.F.);
#1227 = EDGE_CURVE('',#1228,#1218,#1230,.T.);
#1228 = VERTEX_POINT('',#1229);
#1229 = CARTESIAN_POINT('',(0.55,0.15,0.35));
#1230 = CIRCLE('',#1231,1.E-01);
#1231 = AXIS2_PLACEMENT_3D('',#1232,#1233,#1234);
#1232 = CARTESIAN_POINT('',(0.55,0.15,0.25));
#1233 = DIRECTION('',(0.,-1.,0.));
#1234 = DIRECTION('',(0.,0.,1.));
#1235 = ORIENTED_EDGE('',*,*,#1236,.F.);
#1236 = EDGE_CURVE('',#1237,#1228,#1239,.T.);
#1237 = VERTEX_POINT('',#1238);
#1238 = CARTESIAN_POINT('',(1.1,0.15,0.35));
#1239 = LINE('',#1240,#1241);
#1240 = CARTESIAN_POINT('',(1.1,0.15,0.35));
#1241 = VECTOR('',#1242,1.);
#1242 = DIRECTION('',(-1.,0.,-6.899468370362E-16));
#1243 = ORIENTED_EDGE('',*,*,#1244,.F.);
#1244 = EDGE_CURVE('',#1245,#1237,#1247,.T.);
#1245 = VERTEX_POINT('',#1246);
#1246 = CARTESIAN_POINT('',(1.2,0.15,0.25));
#1247 = CIRCLE('',#1248,0.1);
#1248 = AXIS2_PLACEMENT_3D('',#1249,#1250,#1251);
#1249 = CARTESIAN_POINT('',(1.1,0.15,0.25));
#1250 = DIRECTION('',(-0.,-1.,0.));
#1251 = DIRECTION('',(1.301042606983E-14,-0.,1.));
#1252 = ORIENTED_EDGE('',*,*,#1253,.F.);
#1253 = EDGE_CURVE('',#1254,#1245,#1256,.T.);
#1254 = VERTEX_POINT('',#1255);
#1255 = CARTESIAN_POINT('',(1.2,0.15,-0.25));
#1256 = LINE('',#1257,#1258);
#1257 = CARTESIAN_POINT('',(1.2,0.15,-0.25));
#1258 = VECTOR('',#1259,1.);
#1259 = DIRECTION('',(0.,0.,1.));
#1260 = ORIENTED_EDGE('',*,*,#1261,.F.);
#1261 = EDGE_CURVE('',#1262,#1254,#1264,.T.);
#1262 = VERTEX_POINT('',#1263);
#1263 = CARTESIAN_POINT('',(1.1,0.15,-0.35));
#1264 = CIRCLE('',#1265,0.1);
#1265 = AXIS2_PLACEMENT_3D('',#1266,#1267,#1268);
#1266 = CARTESIAN_POINT('',(1.1,0.15,-0.25));
#1267 = DIRECTION('',(0.,-1.,0.));
#1268 = DIRECTION('',(0.,0.,1.));
#1269 = ORIENTED_EDGE('',*,*,#1270,.F.);
#1270 = EDGE_CURVE('',#1271,#1262,#1273,.T.);
#1271 = VERTEX_POINT('',#1272);
#1272 = CARTESIAN_POINT('',(0.55,0.15,-0.35));
#1273 = LINE('',#1274,#1275);
#1274 = CARTESIAN_POINT('',(0.55,0.15,-0.35));
#1275 = VECTOR('',#1276,1.);
#1276 = DIRECTION('',(1.,0.,4.928191693116E-16));
#1277 = ORIENTED_EDGE('',*,*,#1278,.F.);
#1278 = EDGE_CURVE('',#1220,#1271,#1279,.T.);
#1279 = CIRCLE('',#1280,0.1);
#1280 = AXIS2_PLACEMENT_3D('',#1281,#1282,#1283);
#1281 = CARTESIAN_POINT('',(0.55,0.15,-0.25));
#1282 = DIRECTION('',(0.,-1.,0.));
#1283 = DIRECTION('',(0.,0.,1.));
#1284 = FACE_BOUND('',#1285,.T.);
#1285 = EDGE_LOOP('',(#1286,#1287));
#1286 = ORIENTED_EDGE('',*,*,#922,.F.);
#1287 = ORIENTED_EDGE('',*,*,#1288,.F.);
#1288 = EDGE_CURVE('',#915,#896,#1289,.T.);
#1289 = CIRCLE('',#1290,7.5E-02);
#1290 = AXIS2_PLACEMENT_3D('',#1291,#1292,#1293);
#1291 = CARTESIAN_POINT('',(0.,0.15,0.));
#1292 = DIRECTION('',(0.,-1.,0.));
#1293 = DIRECTION('',(0.,0.,1.));
#1294 = FACE_BOUND('',#1295,.T.);
#1295 = EDGE_LOOP('',(#1296,#1303,#1304,#1311,#1312,#1319,#1320,#1327));
#1296 = ORIENTED_EDGE('',*,*,#1297,.F.);
#1297 = EDGE_CURVE('',#1060,#938,#1298,.T.);
#1298 = CIRCLE('',#1299,0.15);
#1299 = AXIS2_PLACEMENT_3D('',#1300,#1301,#1302);
#1300 = CARTESIAN_POINT('',(-1.6,0.15,-0.75));
#1301 = DIRECTION('',(0.,-1.,0.));
#1302 = DIRECTION('',(0.,0.,1.));
#1303 = ORIENTED_EDGE('',*,*,#1083,.F.);
#1304 = ORIENTED_EDGE('',*,*,#1305,.F.);
#1305 = EDGE_CURVE('',#1020,#1076,#1306,.T.);
#1306 = CIRCLE('',#1307,0.15);
#1307 = AXIS2_PLACEMENT_3D('',#1308,#1309,#1310);
#1308 = CARTESIAN_POINT('',(1.6,0.15,-0.75));
#1309 = DIRECTION('',(0.,-1.,0.));
#1310 = DIRECTION('',(0.,0.,1.));
#1311 = ORIENTED_EDGE('',*,*,#1043,.F.);
#1312 = ORIENTED_EDGE('',*,*,#1313,.F.);
#1313 = EDGE_CURVE('',#980,#1036,#1314,.T.);
#1314 = CIRCLE('',#1315,0.15);
#1315 = AXIS2_PLACEMENT_3D('',#1316,#1317,#1318);
#1316 = CARTESIAN_POINT('',(1.6,0.15,0.75));
#1317 = DIRECTION('',(0.,-1.,0.));
#1318 = DIRECTION('',(0.,0.,1.));
#1319 = ORIENTED_EDGE('',*,*,#1003,.F.);
#1320 = ORIENTED_EDGE('',*,*,#1321,.F.);
#1321 = EDGE_CURVE('',#948,#996,#1322,.T.);
#1322 = CIRCLE('',#1323,0.15);
#1323 = AXIS2_PLACEMENT_3D('',#1324,#1325,#1326);
#1324 = CARTESIAN_POINT('',(-1.6,0.15,0.75));
#1325 = DIRECTION('',(0.,-1.,0.));
#1326 = DIRECTION('',(0.,0.,1.));
#1327 = ORIENTED_EDGE('',*,*,#947,.F.);
#1328 = PLANE('',#1329);
#1329 = AXIS2_PLACEMENT_3D('',#1330,#1331,#1332);
#1330 = CARTESIAN_POINT('',(-1.6,0.15,0.75));
#1331 = DIRECTION('',(0.,1.,0.));
#1332 = DIRECTION('',(0.,-0.,1.));
#1333 = ADVANCED_FACE('',(#1334),#1350,.F.);
#1334 = FACE_BOUND('',#1335,.F.);
#1335 = EDGE_LOOP('',(#1336,#1342,#1343,#1349));
#1336 = ORIENTED_EDGE('',*,*,#1337,.T.);
#1337 = EDGE_CURVE('',#1228,#1110,#1338,.T.);
#1338 = LINE('',#1339,#1340);
#1339 = CARTESIAN_POINT('',(0.55,-1.E-03,0.35));
#1340 = VECTOR('',#1341,1.);
#1341 = DIRECTION('',(-0.,1.,-0.));
#1342 = ORIENTED_EDGE('',*,*,#1107,.F.);
#1343 = ORIENTED_EDGE('',*,*,#1344,.F.);
#1344 = EDGE_CURVE('',#1218,#1108,#1345,.T.);
#1345 = LINE('',#1346,#1347);
#1346 = CARTESIAN_POINT('',(0.45,-1.E-03,0.25));
#1347 = VECTOR('',#1348,1.);
#1348 = DIRECTION('',(-0.,1.,-0.));
#1349 = ORIENTED_EDGE('',*,*,#1227,.F.);
#1350 = CYLINDRICAL_SURFACE('',#1351,1.E-01);
#1351 = AXIS2_PLACEMENT_3D('',#1352,#1353,#1354);
#1352 = CARTESIAN_POINT('',(0.55,-1.E-03,0.25));
#1353 = DIRECTION('',(-0.,1.,-0.));
#1354 = DIRECTION('',(0.,0.,1.));
#1355 = ADVANCED_FACE('',(#1356),#1367,.F.);
#1356 = FACE_BOUND('',#1357,.T.);
#1357 = EDGE_LOOP('',(#1358,#1359,#1365,#1366));
#1358 = ORIENTED_EDGE('',*,*,#1217,.T.);
#1359 = ORIENTED_EDGE('',*,*,#1360,.T.);
#1360 = EDGE_CURVE('',#1220,#1119,#1361,.T.);
#1361 = LINE('',#1362,#1363);
#1362 = CARTESIAN_POINT('',(0.45,-1.E-03,-0.25));
#1363 = VECTOR('',#1364,1.);
#1364 = DIRECTION('',(-0.,1.,-0.));
#1365 = ORIENTED_EDGE('',*,*,#1118,.T.);
#1366 = ORIENTED_EDGE('',*,*,#1344,.F.);
#1367 = PLANE('',#1368);
#1368 = AXIS2_PLACEMENT_3D('',#1369,#1370,#1371);
#1369 = CARTESIAN_POINT('',(0.45,-1.E-03,-0.25));
#1370 = DIRECTION('',(-1.,0.,0.));
#1371 = DIRECTION('',(0.,0.,1.));
#1372 = ADVANCED_FACE('',(#1373),#1384,.F.);
#1373 = FACE_BOUND('',#1374,.F.);
#1374 = EDGE_LOOP('',(#1375,#1376,#1377,#1383));
#1375 = ORIENTED_EDGE('',*,*,#1360,.T.);
#1376 = ORIENTED_EDGE('',*,*,#1126,.F.);
#1377 = ORIENTED_EDGE('',*,*,#1378,.F.);
#1378 = EDGE_CURVE('',#1271,#1127,#1379,.T.);
#1379 = LINE('',#1380,#1381);
#1380 = CARTESIAN_POINT('',(0.55,-1.E-03,-0.35));
#1381 = VECTOR('',#1382,1.);
#1382 = DIRECTION('',(-0.,1.,-0.));
#1383 = ORIENTED_EDGE('',*,*,#1278,.F.);
#1384 = CYLINDRICAL_SURFACE('',#1385,0.1);
#1385 = AXIS2_PLACEMENT_3D('',#1386,#1387,#1388);
#1386 = CARTESIAN_POINT('',(0.55,-1.E-03,-0.25));
#1387 = DIRECTION('',(-0.,1.,-0.));
#1388 = DIRECTION('',(0.,0.,1.));
#1389 = ADVANCED_FACE('',(#1390),#1401,.F.);
#1390 = FACE_BOUND('',#1391,.T.);
#1391 = EDGE_LOOP('',(#1392,#1393,#1399,#1400));
#1392 = ORIENTED_EDGE('',*,*,#1270,.T.);
#1393 = ORIENTED_EDGE('',*,*,#1394,.T.);
#1394 = EDGE_CURVE('',#1262,#1136,#1395,.T.);
#1395 = LINE('',#1396,#1397);
#1396 = CARTESIAN_POINT('',(1.1,-1.E-03,-0.35));
#1397 = VECTOR('',#1398,1.);
#1398 = DIRECTION('',(-0.,1.,-0.));
#1399 = ORIENTED_EDGE('',*,*,#1135,.T.);
#1400 = ORIENTED_EDGE('',*,*,#1378,.F.);
#1401 = PLANE('',#1402);
#1402 = AXIS2_PLACEMENT_3D('',#1403,#1404,#1405);
#1403 = CARTESIAN_POINT('',(0.55,-1.E-03,-0.35));
#1404 = DIRECTION('',(4.928191693116E-16,0.,-1.));
#1405 = DIRECTION('',(-1.,0.,-4.928191693116E-16));
#1406 = ADVANCED_FACE('',(#1407),#1418,.F.);
#1407 = FACE_BOUND('',#1408,.F.);
#1408 = EDGE_LOOP('',(#1409,#1410,#1411,#1417));
#1409 = ORIENTED_EDGE('',*,*,#1394,.T.);
#1410 = ORIENTED_EDGE('',*,*,#1143,.F.);
#1411 = ORIENTED_EDGE('',*,*,#1412,.F.);
#1412 = EDGE_CURVE('',#1254,#1144,#1413,.T.);
#1413 = LINE('',#1414,#1415);
#1414 = CARTESIAN_POINT('',(1.2,-1.E-03,-0.25));
#1415 = VECTOR('',#1416,1.);
#1416 = DIRECTION('',(-0.,1.,-0.));
#1417 = ORIENTED_EDGE('',*,*,#1261,.F.);
#1418 = CYLINDRICAL_SURFACE('',#1419,0.1);
#1419 = AXIS2_PLACEMENT_3D('',#1420,#1421,#1422);
#1420 = CARTESIAN_POINT('',(1.1,-1.E-03,-0.25));
#1421 = DIRECTION('',(-0.,1.,-0.));
#1422 = DIRECTION('',(0.,0.,1.));
#1423 = ADVANCED_FACE('',(#1424),#1435,.F.);
#1424 = FACE_BOUND('',#1425,.T.);
#1425 = EDGE_LOOP('',(#1426,#1427,#1433,#1434));
#1426 = ORIENTED_EDGE('',*,*,#1253,.T.);
#1427 = ORIENTED_EDGE('',*,*,#1428,.T.);
#1428 = EDGE_CURVE('',#1245,#1153,#1429,.T.);
#1429 = LINE('',#1430,#1431);
#1430 = CARTESIAN_POINT('',(1.2,-1.E-03,0.25));
#1431 = VECTOR('',#1432,1.);
#1432 = DIRECTION('',(-0.,1.,-0.));
#1433 = ORIENTED_EDGE('',*,*,#1152,.T.);
#1434 = ORIENTED_EDGE('',*,*,#1412,.F.);
#1435 = PLANE('',#1436);
#1436 = AXIS2_PLACEMENT_3D('',#1437,#1438,#1439);
#1437 = CARTESIAN_POINT('',(1.2,-1.E-03,-0.25));
#1438 = DIRECTION('',(1.,0.,-0.));
#1439 = DIRECTION('',(-0.,0.,-1.));
#1440 = ADVANCED_FACE('',(#1441),#1452,.F.);
#1441 = FACE_BOUND('',#1442,.F.);
#1442 = EDGE_LOOP('',(#1443,#1444,#1445,#1451));
#1443 = ORIENTED_EDGE('',*,*,#1428,.T.);
#1444 = ORIENTED_EDGE('',*,*,#1160,.F.);
#1445 = ORIENTED_EDGE('',*,*,#1446,.F.);
#1446 = EDGE_CURVE('',#1237,#1161,#1447,.T.);
#1447 = LINE('',#1448,#1449);
#1448 = CARTESIAN_POINT('',(1.1,-1.E-03,0.35));
#1449 = VECTOR('',#1450,1.);
#1450 = DIRECTION('',(-0.,1.,-0.));
#1451 = ORIENTED_EDGE('',*,*,#1244,.F.);
#1452 = CYLINDRICAL_SURFACE('',#1453,0.1);
#1453 = AXIS2_PLACEMENT_3D('',#1454,#1455,#1456);
#1454 = CARTESIAN_POINT('',(1.1,-1.E-03,0.25));
#1455 = DIRECTION('',(-0.,1.,-0.));
#1456 = DIRECTION('',(0.,0.,1.));
#1457 = ADVANCED_FACE('',(#1458),#1464,.F.);
#1458 = FACE_BOUND('',#1459,.T.);
#1459 = EDGE_LOOP('',(#1460,#1461,#1462,#1463));
#1460 = ORIENTED_EDGE('',*,*,#1236,.T.);
#1461 = ORIENTED_EDGE('',*,*,#1337,.T.);
#1462 = ORIENTED_EDGE('',*,*,#1169,.T.);
#1463 = ORIENTED_EDGE('',*,*,#1446,.F.);
#1464 = PLANE('',#1465);
#1465 = AXIS2_PLACEMENT_3D('',#1466,#1467,#1468);
#1466 = CARTESIAN_POINT('',(1.1,-1.E-03,0.35));
#1467 = DIRECTION('',(-6.899468370362E-16,0.,1.));
#1468 = DIRECTION('',(1.,0.,6.899468370362E-16));
#1469 = ADVANCED_FACE('',(#1470),#1476,.F.);
#1470 = FACE_BOUND('',#1471,.F.);
#1471 = EDGE_LOOP('',(#1472,#1473,#1474,#1475));
#1472 = ORIENTED_EDGE('',*,*,#1097,.F.);
#1473 = ORIENTED_EDGE('',*,*,#895,.F.);
#1474 = ORIENTED_EDGE('',*,*,#1288,.F.);
#1475 = ORIENTED_EDGE('',*,*,#914,.T.);
#1476 = CYLINDRICAL_SURFACE('',#1477,7.5E-02);
#1477 = AXIS2_PLACEMENT_3D('',#1478,#1479,#1480);
#1478 = CARTESIAN_POINT('',(0.,-1.E-03,0.));
#1479 = DIRECTION('',(-0.,1.,-0.));
#1480 = DIRECTION('',(0.,0.,1.));
#1481 = ADVANCED_FACE('',(#1482),#1488,.F.);
#1482 = FACE_BOUND('',#1483,.F.);
#1483 = EDGE_LOOP('',(#1484,#1485,#1486,#1487));
#1484 = ORIENTED_EDGE('',*,*,#1186,.F.);
#1485 = ORIENTED_EDGE('',*,*,#995,.F.);
#1486 = ORIENTED_EDGE('',*,*,#1321,.F.);
#1487 = ORIENTED_EDGE('',*,*,#955,.F.);
#1488 = CYLINDRICAL_SURFACE('',#1489,0.15);
#1489 = AXIS2_PLACEMENT_3D('',#1490,#1491,#1492);
#1490 = CARTESIAN_POINT('',(-1.6,0.774264068712,0.75));
#1491 = DIRECTION('',(0.,-1.,0.));
#1492 = DIRECTION('',(0.,0.,-1.));
#1493 = ADVANCED_FACE('',(#1494),#1500,.F.);
#1494 = FACE_BOUND('',#1495,.F.);
#1495 = EDGE_LOOP('',(#1496,#1497,#1498,#1499));
#1496 = ORIENTED_EDGE('',*,*,#1194,.F.);
#1497 = ORIENTED_EDGE('',*,*,#1035,.F.);
#1498 = ORIENTED_EDGE('',*,*,#1313,.F.);
#1499 = ORIENTED_EDGE('',*,*,#977,.F.);
#1500 = CYLINDRICAL_SURFACE('',#1501,0.15);
#1501 = AXIS2_PLACEMENT_3D('',#1502,#1503,#1504);
#1502 = CARTESIAN_POINT('',(1.6,0.774264068712,0.75));
#1503 = DIRECTION('',(0.,-1.,0.));
#1504 = DIRECTION('',(0.,0.,-1.));
#1505 = ADVANCED_FACE('',(#1506),#1512,.F.);
#1506 = FACE_BOUND('',#1507,.F.);
#1507 = EDGE_LOOP('',(#1508,#1509,#1510,#1511));
#1508 = ORIENTED_EDGE('',*,*,#1202,.F.);
#1509 = ORIENTED_EDGE('',*,*,#1075,.F.);
#1510 = ORIENTED_EDGE('',*,*,#1305,.F.);
#1511 = ORIENTED_EDGE('',*,*,#1017,.F.);
#1512 = CYLINDRICAL_SURFACE('',#1513,0.15);
#1513 = AXIS2_PLACEMENT_3D('',#1514,#1515,#1516);
#1514 = CARTESIAN_POINT('',(1.6,0.774264068712,-0.75));
#1515 = DIRECTION('',(0.,-1.,0.));
#1516 = DIRECTION('',(0.,0.,-1.));
#1517 = ADVANCED_FACE('',(#1518),#1524,.F.);
#1518 = FACE_BOUND('',#1519,.F.);
#1519 = EDGE_LOOP('',(#1520,#1521,#1522,#1523));
#1520 = ORIENTED_EDGE('',*,*,#1297,.F.);
#1521 = ORIENTED_EDGE('',*,*,#1057,.F.);
#1522 = ORIENTED_EDGE('',*,*,#1178,.F.);
#1523 = ORIENTED_EDGE('',*,*,#937,.F.);
#1524 = CYLINDRICAL_SURFACE('',#1525,0.15);
#1525 = AXIS2_PLACEMENT_3D('',#1526,#1527,#1528);
#1526 = CARTESIAN_POINT('',(-1.6,0.774264068712,-0.75));
#1527 = DIRECTION('',(0.,-1.,0.));
#1528 = DIRECTION('',(0.,0.,-1.));
#1529 = ( GEOMETRIC_REPRESENTATION_CONTEXT(3) 
GLOBAL_UNCERTAINTY_ASSIGNED_CONTEXT((#1533)) 
GLOBAL_UNIT_ASSIGNED_CONTEXT((#1530,#1531,#1532)) REPRESENTATION_CONTEXT
('Context #1','3D Context with UNIT and UNCERTAINTY') );
#1530 = ( LENGTH_UNIT() NAMED_UNIT(*) SI_UNIT(.MILLI.,.METRE.) );
#1531 = ( NAMED_UNIT(*) PLANE_ANGLE_UNIT() SI_UNIT($,.RADIAN.) );
#1532 = ( NAMED_UNIT(*) SI_UNIT($,.STERADIAN.) SOLID_ANGLE_UNIT() );
#1533 = UNCERTAINTY_MEASURE_WITH_UNIT(LENGTH_MEASURE(1.E-07),#1530,
  'distance_accuracy_value','confusion accuracy');
#1534 = CONTEXT_DEPENDENT_SHAPE_REPRESENTATION(#1535,#1537);
#1535 = ( REPRESENTATION_RELATIONSHIP('','',#888,#10) 
REPRESENTATION_RELATIONSHIP_WITH_TRANSFORMATION(#1536) 
SHAPE_REPRESENTATION_RELATIONSHIP() );
#1536 = ITEM_DEFINED_TRANSFORMATION('','',#11,#19);
#1537 = PRODUCT_DEFINITION_SHAPE('Placement','Placement of an item',
  #1538);
#1538 = NEXT_ASSEMBLY_USAGE_OCCURRENCE('2','FC-136','',#5,#883,$);
#1539 = PRODUCT_RELATED_PRODUCT_CATEGORY('part',$,(#885));
#1540 = SHAPE_DEFINITION_REPRESENTATION(#1541,#1547);
#1541 = PRODUCT_DEFINITION_SHAPE('','',#1542);
#1542 = PRODUCT_DEFINITION('design','',#1543,#1546);
#1543 = PRODUCT_DEFINITION_FORMATION('','',#1544);
#1544 = PRODUCT('FC-137','FC-137','',(#1545));
#1545 = PRODUCT_CONTEXT('',#2,'mechanical');
#1546 = PRODUCT_DEFINITION_CONTEXT('part definition',#2,'design');
#1547 = ADVANCED_BREP_SHAPE_REPRESENTATION('',(#11,#1548),#2114);
#1548 = MANIFOLD_SOLID_BREP('',#1549);
#1549 = CLOSED_SHELL('',(#1550,#1590,#1630,#1670,#1710,#1820,#1930,#1952
    ,#1969,#1986,#2003,#2020,#2037,#2054,#2066,#2078,#2090,#2102));
#1550 = ADVANCED_FACE('',(#1551),#1585,.F.);
#1551 = FACE_BOUND('',#1552,.T.);
#1552 = EDGE_LOOP('',(#1553,#1563,#1571,#1579));
#1553 = ORIENTED_EDGE('',*,*,#1554,.F.);
#1554 = EDGE_CURVE('',#1555,#1557,#1559,.T.);
#1555 = VERTEX_POINT('',#1556);
#1556 = CARTESIAN_POINT('',(-1.6,0.6,-0.65));
#1557 = VERTEX_POINT('',#1558);
#1558 = CARTESIAN_POINT('',(-1.6,0.6,0.65));
#1559 = LINE('',#1560,#1561);
#1560 = CARTESIAN_POINT('',(-1.6,0.6,-0.75));
#1561 = VECTOR('',#1562,1.);
#1562 = DIRECTION('',(0.,0.,1.));
#1563 = ORIENTED_EDGE('',*,*,#1564,.T.);
#1564 = EDGE_CURVE('',#1555,#1565,#1567,.T.);
#1565 = VERTEX_POINT('',#1566);
#1566 = CARTESIAN_POINT('',(-1.6,0.35,-0.65));
#1567 = LINE('',#1568,#1569);
#1568 = CARTESIAN_POINT('',(-1.6,-5.E-03,-0.65));
#1569 = VECTOR('',#1570,1.);
#1570 = DIRECTION('',(0.,-1.,0.));
#1571 = ORIENTED_EDGE('',*,*,#1572,.T.);
#1572 = EDGE_CURVE('',#1565,#1573,#1575,.T.);
#1573 = VERTEX_POINT('',#1574);
#1574 = CARTESIAN_POINT('',(-1.6,0.35,0.65));
#1575 = LINE('',#1576,#1577);
#1576 = CARTESIAN_POINT('',(-1.6,0.35,-0.75));
#1577 = VECTOR('',#1578,1.);
#1578 = DIRECTION('',(0.,0.,1.));
#1579 = ORIENTED_EDGE('',*,*,#1580,.T.);
#1580 = EDGE_CURVE('',#1573,#1557,#1581,.T.);
#1581 = LINE('',#1582,#1583);
#1582 = CARTESIAN_POINT('',(-1.6,-5.E-03,0.65));
#1583 = VECTOR('',#1584,1.);
#1584 = DIRECTION('',(-0.,1.,-0.));
#1585 = PLANE('',#1586);
#1586 = AXIS2_PLACEMENT_3D('',#1587,#1588,#1589);
#1587 = CARTESIAN_POINT('',(-1.6,0.6,-0.75));
#1588 = DIRECTION('',(1.,0.,0.));
#1589 = DIRECTION('',(0.,0.,-1.));
#1590 = ADVANCED_FACE('',(#1591),#1625,.F.);
#1591 = FACE_BOUND('',#1592,.T.);
#1592 = EDGE_LOOP('',(#1593,#1603,#1611,#1619));
#1593 = ORIENTED_EDGE('',*,*,#1594,.F.);
#1594 = EDGE_CURVE('',#1595,#1597,#1599,.T.);
#1595 = VERTEX_POINT('',#1596);
#1596 = CARTESIAN_POINT('',(-1.5,0.6,0.75));
#1597 = VERTEX_POINT('',#1598);
#1598 = CARTESIAN_POINT('',(1.5,0.6,0.75));
#1599 = LINE('',#1600,#1601);
#1600 = CARTESIAN_POINT('',(-1.6,0.6,0.75));
#1601 = VECTOR('',#1602,1.);
#1602 = DIRECTION('',(1.,0.,0.));
#1603 = ORIENTED_EDGE('',*,*,#1604,.T.);
#1604 = EDGE_CURVE('',#1595,#1605,#1607,.T.);
#1605 = VERTEX_POINT('',#1606);
#1606 = CARTESIAN_POINT('',(-1.5,0.35,0.75));
#1607 = LINE('',#1608,#1609);
#1608 = CARTESIAN_POINT('',(-1.5,-5.E-03,0.75));
#1609 = VECTOR('',#1610,1.);
#1610 = DIRECTION('',(0.,-1.,0.));
#1611 = ORIENTED_EDGE('',*,*,#1612,.T.);
#1612 = EDGE_CURVE('',#1605,#1613,#1615,.T.);
#1613 = VERTEX_POINT('',#1614);
#1614 = CARTESIAN_POINT('',(1.5,0.35,0.75));
#1615 = LINE('',#1616,#1617);
#1616 = CARTESIAN_POINT('',(-1.6,0.35,0.75));
#1617 = VECTOR('',#1618,1.);
#1618 = DIRECTION('',(1.,0.,0.));
#1619 = ORIENTED_EDGE('',*,*,#1620,.T.);
#1620 = EDGE_CURVE('',#1613,#1597,#1621,.T.);
#1621 = LINE('',#1622,#1623);
#1622 = CARTESIAN_POINT('',(1.5,-5.E-03,0.75));
#1623 = VECTOR('',#1624,1.);
#1624 = DIRECTION('',(-0.,1.,-0.));
#1625 = PLANE('',#1626);
#1626 = AXIS2_PLACEMENT_3D('',#1627,#1628,#1629);
#1627 = CARTESIAN_POINT('',(-1.6,0.6,0.75));
#1628 = DIRECTION('',(0.,0.,-1.));
#1629 = DIRECTION('',(-1.,0.,-0.));
#1630 = ADVANCED_FACE('',(#1631),#1665,.F.);
#1631 = FACE_BOUND('',#1632,.T.);
#1632 = EDGE_LOOP('',(#1633,#1643,#1651,#1659));
#1633 = ORIENTED_EDGE('',*,*,#1634,.T.);
#1634 = EDGE_CURVE('',#1635,#1637,#1639,.T.);
#1635 = VERTEX_POINT('',#1636);
#1636 = CARTESIAN_POINT('',(1.6,0.35,0.65));
#1637 = VERTEX_POINT('',#1638);
#1638 = CARTESIAN_POINT('',(1.6,0.35,-0.65));
#1639 = LINE('',#1640,#1641);
#1640 = CARTESIAN_POINT('',(1.6,0.35,-0.75));
#1641 = VECTOR('',#1642,1.);
#1642 = DIRECTION('',(-0.,-0.,-1.));
#1643 = ORIENTED_EDGE('',*,*,#1644,.T.);
#1644 = EDGE_CURVE('',#1637,#1645,#1647,.T.);
#1645 = VERTEX_POINT('',#1646);
#1646 = CARTESIAN_POINT('',(1.6,0.6,-0.65));
#1647 = LINE('',#1648,#1649);
#1648 = CARTESIAN_POINT('',(1.6,-5.E-03,-0.65));
#1649 = VECTOR('',#1650,1.);
#1650 = DIRECTION('',(-0.,1.,-0.));
#1651 = ORIENTED_EDGE('',*,*,#1652,.F.);
#1652 = EDGE_CURVE('',#1653,#1645,#1655,.T.);
#1653 = VERTEX_POINT('',#1654);
#1654 = CARTESIAN_POINT('',(1.6,0.6,0.65));
#1655 = LINE('',#1656,#1657);
#1656 = CARTESIAN_POINT('',(1.6,0.6,-0.75));
#1657 = VECTOR('',#1658,1.);
#1658 = DIRECTION('',(-0.,-0.,-1.));
#1659 = ORIENTED_EDGE('',*,*,#1660,.T.);
#1660 = EDGE_CURVE('',#1653,#1635,#1661,.T.);
#1661 = LINE('',#1662,#1663);
#1662 = CARTESIAN_POINT('',(1.6,-5.E-03,0.65));
#1663 = VECTOR('',#1664,1.);
#1664 = DIRECTION('',(0.,-1.,0.));
#1665 = PLANE('',#1666);
#1666 = AXIS2_PLACEMENT_3D('',#1667,#1668,#1669);
#1667 = CARTESIAN_POINT('',(1.6,0.6,-0.75));
#1668 = DIRECTION('',(-1.,0.,0.));
#1669 = DIRECTION('',(0.,0.,1.));
#1670 = ADVANCED_FACE('',(#1671),#1705,.F.);
#1671 = FACE_BOUND('',#1672,.T.);
#1672 = EDGE_LOOP('',(#1673,#1683,#1691,#1699));
#1673 = ORIENTED_EDGE('',*,*,#1674,.T.);
#1674 = EDGE_CURVE('',#1675,#1677,#1679,.T.);
#1675 = VERTEX_POINT('',#1676);
#1676 = CARTESIAN_POINT('',(1.5,0.35,-0.75));
#1677 = VERTEX_POINT('',#1678);
#1678 = CARTESIAN_POINT('',(-1.5,0.35,-0.75));
#1679 = LINE('',#1680,#1681);
#1680 = CARTESIAN_POINT('',(-1.6,0.35,-0.75));
#1681 = VECTOR('',#1682,1.);
#1682 = DIRECTION('',(-1.,-0.,-0.));
#1683 = ORIENTED_EDGE('',*,*,#1684,.T.);
#1684 = EDGE_CURVE('',#1677,#1685,#1687,.T.);
#1685 = VERTEX_POINT('',#1686);
#1686 = CARTESIAN_POINT('',(-1.5,0.6,-0.75));
#1687 = LINE('',#1688,#1689);
#1688 = CARTESIAN_POINT('',(-1.5,-5.E-03,-0.75));
#1689 = VECTOR('',#1690,1.);
#1690 = DIRECTION('',(-0.,1.,-0.));
#1691 = ORIENTED_EDGE('',*,*,#1692,.F.);
#1692 = EDGE_CURVE('',#1693,#1685,#1695,.T.);
#1693 = VERTEX_POINT('',#1694);
#1694 = CARTESIAN_POINT('',(1.5,0.6,-0.75));
#1695 = LINE('',#1696,#1697);
#1696 = CARTESIAN_POINT('',(-1.6,0.6,-0.75));
#1697 = VECTOR('',#1698,1.);
#1698 = DIRECTION('',(-1.,-0.,-0.));
#1699 = ORIENTED_EDGE('',*,*,#1700,.T.);
#1700 = EDGE_CURVE('',#1693,#1675,#1701,.T.);
#1701 = LINE('',#1702,#1703);
#1702 = CARTESIAN_POINT('',(1.5,-5.E-03,-0.75));
#1703 = VECTOR('',#1704,1.);
#1704 = DIRECTION('',(0.,-1.,0.));
#1705 = PLANE('',#1706);
#1706 = AXIS2_PLACEMENT_3D('',#1707,#1708,#1709);
#1707 = CARTESIAN_POINT('',(-1.6,0.6,-0.75));
#1708 = DIRECTION('',(0.,0.,1.));
#1709 = DIRECTION('',(1.,0.,-0.));
#1710 = ADVANCED_FACE('',(#1711,#1781),#1815,.T.);
#1711 = FACE_BOUND('',#1712,.T.);
#1712 = EDGE_LOOP('',(#1713,#1723,#1732,#1740,#1749,#1757,#1766,#1774));
#1713 = ORIENTED_EDGE('',*,*,#1714,.F.);
#1714 = EDGE_CURVE('',#1715,#1717,#1719,.T.);
#1715 = VERTEX_POINT('',#1716);
#1716 = CARTESIAN_POINT('',(-1.1,0.6,0.35));
#1717 = VERTEX_POINT('',#1718);
#1718 = CARTESIAN_POINT('',(1.1,0.6,0.35));
#1719 = LINE('',#1720,#1721);
#1720 = CARTESIAN_POINT('',(-1.1,0.6,0.35));
#1721 = VECTOR('',#1722,1.);
#1722 = DIRECTION('',(1.,0.,0.));
#1723 = ORIENTED_EDGE('',*,*,#1724,.F.);
#1724 = EDGE_CURVE('',#1725,#1715,#1727,.T.);
#1725 = VERTEX_POINT('',#1726);
#1726 = CARTESIAN_POINT('',(-1.2,0.6,0.25));
#1727 = CIRCLE('',#1728,0.1);
#1728 = AXIS2_PLACEMENT_3D('',#1729,#1730,#1731);
#1729 = CARTESIAN_POINT('',(-1.1,0.6,0.25));
#1730 = DIRECTION('',(-0.,1.,0.));
#1731 = DIRECTION('',(0.,0.,-1.));
#1732 = ORIENTED_EDGE('',*,*,#1733,.F.);
#1733 = EDGE_CURVE('',#1734,#1725,#1736,.T.);
#1734 = VERTEX_POINT('',#1735);
#1735 = CARTESIAN_POINT('',(-1.2,0.6,-0.25));
#1736 = LINE('',#1737,#1738);
#1737 = CARTESIAN_POINT('',(-1.2,0.6,-0.25));
#1738 = VECTOR('',#1739,1.);
#1739 = DIRECTION('',(0.,0.,1.));
#1740 = ORIENTED_EDGE('',*,*,#1741,.F.);
#1741 = EDGE_CURVE('',#1742,#1734,#1744,.T.);
#1742 = VERTEX_POINT('',#1743);
#1743 = CARTESIAN_POINT('',(-1.1,0.6,-0.35));
#1744 = CIRCLE('',#1745,0.1);
#1745 = AXIS2_PLACEMENT_3D('',#1746,#1747,#1748);
#1746 = CARTESIAN_POINT('',(-1.1,0.6,-0.25));
#1747 = DIRECTION('',(-0.,1.,0.));
#1748 = DIRECTION('',(0.,0.,-1.));
#1749 = ORIENTED_EDGE('',*,*,#1750,.F.);
#1750 = EDGE_CURVE('',#1751,#1742,#1753,.T.);
#1751 = VERTEX_POINT('',#1752);
#1752 = CARTESIAN_POINT('',(1.1,0.6,-0.35));
#1753 = LINE('',#1754,#1755);
#1754 = CARTESIAN_POINT('',(-1.1,0.6,-0.35));
#1755 = VECTOR('',#1756,1.);
#1756 = DIRECTION('',(-1.,-0.,-7.392287539674E-17));
#1757 = ORIENTED_EDGE('',*,*,#1758,.F.);
#1758 = EDGE_CURVE('',#1759,#1751,#1761,.T.);
#1759 = VERTEX_POINT('',#1760);
#1760 = CARTESIAN_POINT('',(1.2,0.6,-0.25));
#1761 = CIRCLE('',#1762,1.E-01);
#1762 = AXIS2_PLACEMENT_3D('',#1763,#1764,#1765);
#1763 = CARTESIAN_POINT('',(1.1,0.6,-0.25));
#1764 = DIRECTION('',(-0.,1.,0.));
#1765 = DIRECTION('',(0.,0.,-1.));
#1766 = ORIENTED_EDGE('',*,*,#1767,.F.);
#1767 = EDGE_CURVE('',#1768,#1759,#1770,.T.);
#1768 = VERTEX_POINT('',#1769);
#1769 = CARTESIAN_POINT('',(1.2,0.6,0.25));
#1770 = LINE('',#1771,#1772);
#1771 = CARTESIAN_POINT('',(1.2,0.6,-0.25));
#1772 = VECTOR('',#1773,1.);
#1773 = DIRECTION('',(-0.,-0.,-1.));
#1774 = ORIENTED_EDGE('',*,*,#1775,.F.);
#1775 = EDGE_CURVE('',#1717,#1768,#1776,.T.);
#1776 = CIRCLE('',#1777,0.1);
#1777 = AXIS2_PLACEMENT_3D('',#1778,#1779,#1780);
#1778 = CARTESIAN_POINT('',(1.1,0.6,0.25));
#1779 = DIRECTION('',(-0.,1.,0.));
#1780 = DIRECTION('',(0.,0.,-1.));
#1781 = FACE_BOUND('',#1782,.T.);
#1782 = EDGE_LOOP('',(#1783,#1790,#1791,#1798,#1799,#1806,#1807,#1814));
#1783 = ORIENTED_EDGE('',*,*,#1784,.F.);
#1784 = EDGE_CURVE('',#1555,#1685,#1785,.T.);
#1785 = CIRCLE('',#1786,0.1);
#1786 = AXIS2_PLACEMENT_3D('',#1787,#1788,#1789);
#1787 = CARTESIAN_POINT('',(-1.6,0.6,-0.75));
#1788 = DIRECTION('',(0.,1.,0.));
#1789 = DIRECTION('',(0.,-0.,1.));
#1790 = ORIENTED_EDGE('',*,*,#1554,.T.);
#1791 = ORIENTED_EDGE('',*,*,#1792,.F.);
#1792 = EDGE_CURVE('',#1595,#1557,#1793,.T.);
#1793 = CIRCLE('',#1794,0.1);
#1794 = AXIS2_PLACEMENT_3D('',#1795,#1796,#1797);
#1795 = CARTESIAN_POINT('',(-1.6,0.6,0.75));
#1796 = DIRECTION('',(0.,1.,0.));
#1797 = DIRECTION('',(0.,-0.,1.));
#1798 = ORIENTED_EDGE('',*,*,#1594,.T.);
#1799 = ORIENTED_EDGE('',*,*,#1800,.F.);
#1800 = EDGE_CURVE('',#1653,#1597,#1801,.T.);
#1801 = CIRCLE('',#1802,0.1);
#1802 = AXIS2_PLACEMENT_3D('',#1803,#1804,#1805);
#1803 = CARTESIAN_POINT('',(1.6,0.6,0.75));
#1804 = DIRECTION('',(0.,1.,0.));
#1805 = DIRECTION('',(0.,-0.,1.));
#1806 = ORIENTED_EDGE('',*,*,#1652,.T.);
#1807 = ORIENTED_EDGE('',*,*,#1808,.F.);
#1808 = EDGE_CURVE('',#1693,#1645,#1809,.T.);
#1809 = CIRCLE('',#1810,0.1);
#1810 = AXIS2_PLACEMENT_3D('',#1811,#1812,#1813);
#1811 = CARTESIAN_POINT('',(1.6,0.6,-0.75));
#1812 = DIRECTION('',(0.,1.,0.));
#1813 = DIRECTION('',(0.,-0.,1.));
#1814 = ORIENTED_EDGE('',*,*,#1692,.T.);
#1815 = PLANE('',#1816);
#1816 = AXIS2_PLACEMENT_3D('',#1817,#1818,#1819);
#1817 = CARTESIAN_POINT('',(-1.6,0.6,0.75));
#1818 = DIRECTION('',(0.,1.,0.));
#1819 = DIRECTION('',(0.,-0.,1.));
#1820 = ADVANCED_FACE('',(#1821,#1891),#1925,.F.);
#1821 = FACE_BOUND('',#1822,.T.);
#1822 = EDGE_LOOP('',(#1823,#1833,#1842,#1850,#1859,#1867,#1876,#1884));
#1823 = ORIENTED_EDGE('',*,*,#1824,.F.);
#1824 = EDGE_CURVE('',#1825,#1827,#1829,.T.);
#1825 = VERTEX_POINT('',#1826);
#1826 = CARTESIAN_POINT('',(1.1,0.35,0.35));
#1827 = VERTEX_POINT('',#1828);
#1828 = CARTESIAN_POINT('',(-1.1,0.35,0.35));
#1829 = LINE('',#1830,#1831);
#1830 = CARTESIAN_POINT('',(-1.1,0.35,0.35));
#1831 = VECTOR('',#1832,1.);
#1832 = DIRECTION('',(-1.,0.,0.));
#1833 = ORIENTED_EDGE('',*,*,#1834,.F.);
#1834 = EDGE_CURVE('',#1835,#1825,#1837,.T.);
#1835 = VERTEX_POINT('',#1836);
#1836 = CARTESIAN_POINT('',(1.2,0.35,0.25));
#1837 = CIRCLE('',#1838,0.1);
#1838 = AXIS2_PLACEMENT_3D('',#1839,#1840,#1841);
#1839 = CARTESIAN_POINT('',(1.1,0.35,0.25));
#1840 = DIRECTION('',(-0.,-1.,0.));
#1841 = DIRECTION('',(4.336808689942E-15,-0.,1.));
#1842 = ORIENTED_EDGE('',*,*,#1843,.F.);
#1843 = EDGE_CURVE('',#1844,#1835,#1846,.T.);
#1844 = VERTEX_POINT('',#1845);
#1845 = CARTESIAN_POINT('',(1.2,0.35,-0.25));
#1846 = LINE('',#1847,#1848);
#1847 = CARTESIAN_POINT('',(1.2,0.35,-0.25));
#1848 = VECTOR('',#1849,1.);
#1849 = DIRECTION('',(0.,0.,1.));
#1850 = ORIENTED_EDGE('',*,*,#1851,.F.);
#1851 = EDGE_CURVE('',#1852,#1844,#1854,.T.);
#1852 = VERTEX_POINT('',#1853);
#1853 = CARTESIAN_POINT('',(1.1,0.35,-0.35));
#1854 = CIRCLE('',#1855,1.E-01);
#1855 = AXIS2_PLACEMENT_3D('',#1856,#1857,#1858);
#1856 = CARTESIAN_POINT('',(1.1,0.35,-0.25));
#1857 = DIRECTION('',(0.,-1.,0.));
#1858 = DIRECTION('',(0.,0.,1.));
#1859 = ORIENTED_EDGE('',*,*,#1860,.F.);
#1860 = EDGE_CURVE('',#1861,#1852,#1863,.T.);
#1861 = VERTEX_POINT('',#1862);
#1862 = CARTESIAN_POINT('',(-1.1,0.35,-0.35));
#1863 = LINE('',#1864,#1865);
#1864 = CARTESIAN_POINT('',(-1.1,0.35,-0.35));
#1865 = VECTOR('',#1866,1.);
#1866 = DIRECTION('',(1.,0.,7.392287539674E-17));
#1867 = ORIENTED_EDGE('',*,*,#1868,.F.);
#1868 = EDGE_CURVE('',#1869,#1861,#1871,.T.);
#1869 = VERTEX_POINT('',#1870);
#1870 = CARTESIAN_POINT('',(-1.2,0.35,-0.25));
#1871 = CIRCLE('',#1872,0.1);
#1872 = AXIS2_PLACEMENT_3D('',#1873,#1874,#1875);
#1873 = CARTESIAN_POINT('',(-1.1,0.35,-0.25));
#1874 = DIRECTION('',(0.,-1.,0.));
#1875 = DIRECTION('',(0.,0.,1.));
#1876 = ORIENTED_EDGE('',*,*,#1877,.F.);
#1877 = EDGE_CURVE('',#1878,#1869,#1880,.T.);
#1878 = VERTEX_POINT('',#1879);
#1879 = CARTESIAN_POINT('',(-1.2,0.35,0.25));
#1880 = LINE('',#1881,#1882);
#1881 = CARTESIAN_POINT('',(-1.2,0.35,-0.25));
#1882 = VECTOR('',#1883,1.);
#1883 = DIRECTION('',(0.,0.,-1.));
#1884 = ORIENTED_EDGE('',*,*,#1885,.F.);
#1885 = EDGE_CURVE('',#1827,#1878,#1886,.T.);
#1886 = CIRCLE('',#1887,0.1);
#1887 = AXIS2_PLACEMENT_3D('',#1888,#1889,#1890);
#1888 = CARTESIAN_POINT('',(-1.1,0.35,0.25));
#1889 = DIRECTION('',(0.,-1.,0.));
#1890 = DIRECTION('',(0.,0.,1.));
#1891 = FACE_BOUND('',#1892,.T.);
#1892 = EDGE_LOOP('',(#1893,#1894,#1901,#1902,#1909,#1910,#1917,#1918));
#1893 = ORIENTED_EDGE('',*,*,#1572,.F.);
#1894 = ORIENTED_EDGE('',*,*,#1895,.T.);
#1895 = EDGE_CURVE('',#1565,#1677,#1896,.T.);
#1896 = CIRCLE('',#1897,0.1);
#1897 = AXIS2_PLACEMENT_3D('',#1898,#1899,#1900);
#1898 = CARTESIAN_POINT('',(-1.6,0.35,-0.75));
#1899 = DIRECTION('',(0.,1.,0.));
#1900 = DIRECTION('',(0.,-0.,1.));
#1901 = ORIENTED_EDGE('',*,*,#1674,.F.);
#1902 = ORIENTED_EDGE('',*,*,#1903,.T.);
#1903 = EDGE_CURVE('',#1675,#1637,#1904,.T.);
#1904 = CIRCLE('',#1905,0.1);
#1905 = AXIS2_PLACEMENT_3D('',#1906,#1907,#1908);
#1906 = CARTESIAN_POINT('',(1.6,0.35,-0.75));
#1907 = DIRECTION('',(0.,1.,0.));
#1908 = DIRECTION('',(0.,-0.,1.));
#1909 = ORIENTED_EDGE('',*,*,#1634,.F.);
#1910 = ORIENTED_EDGE('',*,*,#1911,.T.);
#1911 = EDGE_CURVE('',#1635,#1613,#1912,.T.);
#1912 = CIRCLE('',#1913,0.1);
#1913 = AXIS2_PLACEMENT_3D('',#1914,#1915,#1916);
#1914 = CARTESIAN_POINT('',(1.6,0.35,0.75));
#1915 = DIRECTION('',(0.,1.,0.));
#1916 = DIRECTION('',(0.,-0.,1.));
#1917 = ORIENTED_EDGE('',*,*,#1612,.F.);
#1918 = ORIENTED_EDGE('',*,*,#1919,.T.);
#1919 = EDGE_CURVE('',#1605,#1573,#1920,.T.);
#1920 = CIRCLE('',#1921,0.1);
#1921 = AXIS2_PLACEMENT_3D('',#1922,#1923,#1924);
#1922 = CARTESIAN_POINT('',(-1.6,0.35,0.75));
#1923 = DIRECTION('',(0.,1.,0.));
#1924 = DIRECTION('',(0.,-0.,1.));
#1925 = PLANE('',#1926);
#1926 = AXIS2_PLACEMENT_3D('',#1927,#1928,#1929);
#1927 = CARTESIAN_POINT('',(-1.6,0.35,0.75));
#1928 = DIRECTION('',(0.,1.,0.));
#1929 = DIRECTION('',(0.,-0.,1.));
#1930 = ADVANCED_FACE('',(#1931),#1947,.F.);
#1931 = FACE_BOUND('',#1932,.F.);
#1932 = EDGE_LOOP('',(#1933,#1939,#1940,#1946));
#1933 = ORIENTED_EDGE('',*,*,#1934,.T.);
#1934 = EDGE_CURVE('',#1835,#1768,#1935,.T.);
#1935 = LINE('',#1936,#1937);
#1936 = CARTESIAN_POINT('',(1.2,-2.15,0.25));
#1937 = VECTOR('',#1938,1.);
#1938 = DIRECTION('',(-0.,1.,-0.));
#1939 = ORIENTED_EDGE('',*,*,#1775,.F.);
#1940 = ORIENTED_EDGE('',*,*,#1941,.F.);
#1941 = EDGE_CURVE('',#1825,#1717,#1942,.T.);
#1942 = LINE('',#1943,#1944);
#1943 = CARTESIAN_POINT('',(1.1,-2.15,0.35));
#1944 = VECTOR('',#1945,1.);
#1945 = DIRECTION('',(-0.,1.,-0.));
#1946 = ORIENTED_EDGE('',*,*,#1834,.F.);
#1947 = CYLINDRICAL_SURFACE('',#1948,0.1);
#1948 = AXIS2_PLACEMENT_3D('',#1949,#1950,#1951);
#1949 = CARTESIAN_POINT('',(1.1,-2.15,0.25));
#1950 = DIRECTION('',(-0.,1.,-0.));
#1951 = DIRECTION('',(0.,0.,1.));
#1952 = ADVANCED_FACE('',(#1953),#1964,.F.);
#1953 = FACE_BOUND('',#1954,.T.);
#1954 = EDGE_LOOP('',(#1955,#1956,#1962,#1963));
#1955 = ORIENTED_EDGE('',*,*,#1824,.T.);
#1956 = ORIENTED_EDGE('',*,*,#1957,.T.);
#1957 = EDGE_CURVE('',#1827,#1715,#1958,.T.);
#1958 = LINE('',#1959,#1960);
#1959 = CARTESIAN_POINT('',(-1.1,-2.15,0.35));
#1960 = VECTOR('',#1961,1.);
#1961 = DIRECTION('',(-0.,1.,-0.));
#1962 = ORIENTED_EDGE('',*,*,#1714,.T.);
#1963 = ORIENTED_EDGE('',*,*,#1941,.F.);
#1964 = PLANE('',#1965);
#1965 = AXIS2_PLACEMENT_3D('',#1966,#1967,#1968);
#1966 = CARTESIAN_POINT('',(-1.1,-2.15,0.35));
#1967 = DIRECTION('',(-0.,0.,1.));
#1968 = DIRECTION('',(1.,0.,0.));
#1969 = ADVANCED_FACE('',(#1970),#1981,.F.);
#1970 = FACE_BOUND('',#1971,.F.);
#1971 = EDGE_LOOP('',(#1972,#1973,#1974,#1980));
#1972 = ORIENTED_EDGE('',*,*,#1957,.T.);
#1973 = ORIENTED_EDGE('',*,*,#1724,.F.);
#1974 = ORIENTED_EDGE('',*,*,#1975,.F.);
#1975 = EDGE_CURVE('',#1878,#1725,#1976,.T.);
#1976 = LINE('',#1977,#1978);
#1977 = CARTESIAN_POINT('',(-1.2,-2.15,0.25));
#1978 = VECTOR('',#1979,1.);
#1979 = DIRECTION('',(-0.,1.,-0.));
#1980 = ORIENTED_EDGE('',*,*,#1885,.F.);
#1981 = CYLINDRICAL_SURFACE('',#1982,0.1);
#1982 = AXIS2_PLACEMENT_3D('',#1983,#1984,#1985);
#1983 = CARTESIAN_POINT('',(-1.1,-2.15,0.25));
#1984 = DIRECTION('',(-0.,1.,-0.));
#1985 = DIRECTION('',(0.,0.,1.));
#1986 = ADVANCED_FACE('',(#1987),#1998,.F.);
#1987 = FACE_BOUND('',#1988,.T.);
#1988 = EDGE_LOOP('',(#1989,#1990,#1996,#1997));
#1989 = ORIENTED_EDGE('',*,*,#1877,.T.);
#1990 = ORIENTED_EDGE('',*,*,#1991,.T.);
#1991 = EDGE_CURVE('',#1869,#1734,#1992,.T.);
#1992 = LINE('',#1993,#1994);
#1993 = CARTESIAN_POINT('',(-1.2,-2.15,-0.25));
#1994 = VECTOR('',#1995,1.);
#1995 = DIRECTION('',(-0.,1.,-0.));
#1996 = ORIENTED_EDGE('',*,*,#1733,.T.);
#1997 = ORIENTED_EDGE('',*,*,#1975,.F.);
#1998 = PLANE('',#1999);
#1999 = AXIS2_PLACEMENT_3D('',#2000,#2001,#2002);
#2000 = CARTESIAN_POINT('',(-1.2,-2.15,-0.25));
#2001 = DIRECTION('',(-1.,0.,0.));
#2002 = DIRECTION('',(0.,0.,1.));
#2003 = ADVANCED_FACE('',(#2004),#2015,.F.);
#2004 = FACE_BOUND('',#2005,.F.);
#2005 = EDGE_LOOP('',(#2006,#2007,#2008,#2014));
#2006 = ORIENTED_EDGE('',*,*,#1991,.T.);
#2007 = ORIENTED_EDGE('',*,*,#1741,.F.);
#2008 = ORIENTED_EDGE('',*,*,#2009,.F.);
#2009 = EDGE_CURVE('',#1861,#1742,#2010,.T.);
#2010 = LINE('',#2011,#2012);
#2011 = CARTESIAN_POINT('',(-1.1,-2.15,-0.35));
#2012 = VECTOR('',#2013,1.);
#2013 = DIRECTION('',(-0.,1.,-0.));
#2014 = ORIENTED_EDGE('',*,*,#1868,.F.);
#2015 = CYLINDRICAL_SURFACE('',#2016,0.1);
#2016 = AXIS2_PLACEMENT_3D('',#2017,#2018,#2019);
#2017 = CARTESIAN_POINT('',(-1.1,-2.15,-0.25));
#2018 = DIRECTION('',(-0.,1.,-0.));
#2019 = DIRECTION('',(0.,0.,1.));
#2020 = ADVANCED_FACE('',(#2021),#2032,.F.);
#2021 = FACE_BOUND('',#2022,.T.);
#2022 = EDGE_LOOP('',(#2023,#2024,#2030,#2031));
#2023 = ORIENTED_EDGE('',*,*,#1860,.T.);
#2024 = ORIENTED_EDGE('',*,*,#2025,.T.);
#2025 = EDGE_CURVE('',#1852,#1751,#2026,.T.);
#2026 = LINE('',#2027,#2028);
#2027 = CARTESIAN_POINT('',(1.1,-2.15,-0.35));
#2028 = VECTOR('',#2029,1.);
#2029 = DIRECTION('',(-0.,1.,-0.));
#2030 = ORIENTED_EDGE('',*,*,#1750,.T.);
#2031 = ORIENTED_EDGE('',*,*,#2009,.F.);
#2032 = PLANE('',#2033);
#2033 = AXIS2_PLACEMENT_3D('',#2034,#2035,#2036);
#2034 = CARTESIAN_POINT('',(-1.1,-2.15,-0.35));
#2035 = DIRECTION('',(7.392287539674E-17,0.,-1.));
#2036 = DIRECTION('',(-1.,0.,-7.392287539674E-17));
#2037 = ADVANCED_FACE('',(#2038),#2049,.F.);
#2038 = FACE_BOUND('',#2039,.F.);
#2039 = EDGE_LOOP('',(#2040,#2041,#2042,#2048));
#2040 = ORIENTED_EDGE('',*,*,#2025,.T.);
#2041 = ORIENTED_EDGE('',*,*,#1758,.F.);
#2042 = ORIENTED_EDGE('',*,*,#2043,.F.);
#2043 = EDGE_CURVE('',#1844,#1759,#2044,.T.);
#2044 = LINE('',#2045,#2046);
#2045 = CARTESIAN_POINT('',(1.2,-2.15,-0.25));
#2046 = VECTOR('',#2047,1.);
#2047 = DIRECTION('',(-0.,1.,-0.));
#2048 = ORIENTED_EDGE('',*,*,#1851,.F.);
#2049 = CYLINDRICAL_SURFACE('',#2050,1.E-01);
#2050 = AXIS2_PLACEMENT_3D('',#2051,#2052,#2053);
#2051 = CARTESIAN_POINT('',(1.1,-2.15,-0.25));
#2052 = DIRECTION('',(-0.,1.,-0.));
#2053 = DIRECTION('',(0.,0.,1.));
#2054 = ADVANCED_FACE('',(#2055),#2061,.F.);
#2055 = FACE_BOUND('',#2056,.T.);
#2056 = EDGE_LOOP('',(#2057,#2058,#2059,#2060));
#2057 = ORIENTED_EDGE('',*,*,#1843,.T.);
#2058 = ORIENTED_EDGE('',*,*,#1934,.T.);
#2059 = ORIENTED_EDGE('',*,*,#1767,.T.);
#2060 = ORIENTED_EDGE('',*,*,#2043,.F.);
#2061 = PLANE('',#2062);
#2062 = AXIS2_PLACEMENT_3D('',#2063,#2064,#2065);
#2063 = CARTESIAN_POINT('',(1.2,-2.15,-0.25));
#2064 = DIRECTION('',(1.,0.,-0.));
#2065 = DIRECTION('',(-0.,0.,-1.));
#2066 = ADVANCED_FACE('',(#2067),#2073,.F.);
#2067 = FACE_BOUND('',#2068,.F.);
#2068 = EDGE_LOOP('',(#2069,#2070,#2071,#2072));
#2069 = ORIENTED_EDGE('',*,*,#1620,.T.);
#2070 = ORIENTED_EDGE('',*,*,#1800,.F.);
#2071 = ORIENTED_EDGE('',*,*,#1660,.T.);
#2072 = ORIENTED_EDGE('',*,*,#1911,.T.);
#2073 = CYLINDRICAL_SURFACE('',#2074,0.1);
#2074 = AXIS2_PLACEMENT_3D('',#2075,#2076,#2077);
#2075 = CARTESIAN_POINT('',(1.6,-5.E-03,0.75));
#2076 = DIRECTION('',(-0.,1.,-0.));
#2077 = DIRECTION('',(0.,0.,1.));
#2078 = ADVANCED_FACE('',(#2079),#2085,.F.);
#2079 = FACE_BOUND('',#2080,.F.);
#2080 = EDGE_LOOP('',(#2081,#2082,#2083,#2084));
#2081 = ORIENTED_EDGE('',*,*,#1644,.T.);
#2082 = ORIENTED_EDGE('',*,*,#1808,.F.);
#2083 = ORIENTED_EDGE('',*,*,#1700,.T.);
#2084 = ORIENTED_EDGE('',*,*,#1903,.T.);
#2085 = CYLINDRICAL_SURFACE('',#2086,0.1);
#2086 = AXIS2_PLACEMENT_3D('',#2087,#2088,#2089);
#2087 = CARTESIAN_POINT('',(1.6,-5.E-03,-0.75));
#2088 = DIRECTION('',(-0.,1.,-0.));
#2089 = DIRECTION('',(0.,0.,1.));
#2090 = ADVANCED_FACE('',(#2091),#2097,.F.);
#2091 = FACE_BOUND('',#2092,.F.);
#2092 = EDGE_LOOP('',(#2093,#2094,#2095,#2096));
#2093 = ORIENTED_EDGE('',*,*,#1580,.T.);
#2094 = ORIENTED_EDGE('',*,*,#1792,.F.);
#2095 = ORIENTED_EDGE('',*,*,#1604,.T.);
#2096 = ORIENTED_EDGE('',*,*,#1919,.T.);
#2097 = CYLINDRICAL_SURFACE('',#2098,0.1);
#2098 = AXIS2_PLACEMENT_3D('',#2099,#2100,#2101);
#2099 = CARTESIAN_POINT('',(-1.6,-5.E-03,0.75));
#2100 = DIRECTION('',(-0.,1.,-0.));
#2101 = DIRECTION('',(0.,0.,1.));
#2102 = ADVANCED_FACE('',(#2103),#2109,.F.);
#2103 = FACE_BOUND('',#2104,.F.);
#2104 = EDGE_LOOP('',(#2105,#2106,#2107,#2108));
#2105 = ORIENTED_EDGE('',*,*,#1564,.T.);
#2106 = ORIENTED_EDGE('',*,*,#1895,.T.);
#2107 = ORIENTED_EDGE('',*,*,#1684,.T.);
#2108 = ORIENTED_EDGE('',*,*,#1784,.F.);
#2109 = CYLINDRICAL_SURFACE('',#2110,0.1);
#2110 = AXIS2_PLACEMENT_3D('',#2111,#2112,#2113);
#2111 = CARTESIAN_POINT('',(-1.6,-5.E-03,-0.75));
#2112 = DIRECTION('',(-0.,1.,-0.));
#2113 = DIRECTION('',(0.,0.,1.));
#2114 = ( GEOMETRIC_REPRESENTATION_CONTEXT(3) 
GLOBAL_UNCERTAINTY_ASSIGNED_CONTEXT((#2118)) 
GLOBAL_UNIT_ASSIGNED_CONTEXT((#2115,#2116,#2117)) REPRESENTATION_CONTEXT
('Context #1','3D Context with UNIT and UNCERTAINTY') );
#2115 = ( LENGTH_UNIT() NAMED_UNIT(*) SI_UNIT(.MILLI.,.METRE.) );
#2116 = ( NAMED_UNIT(*) PLANE_ANGLE_UNIT() SI_UNIT($,.RADIAN.) );
#2117 = ( NAMED_UNIT(*) SI_UNIT($,.STERADIAN.) SOLID_ANGLE_UNIT() );
#2118 = UNCERTAINTY_MEASURE_WITH_UNIT(LENGTH_MEASURE(1.E-07),#2115,
  'distance_accuracy_value','confusion accuracy');
#2119 = CONTEXT_DEPENDENT_SHAPE_REPRESENTATION(#2120,#2122);
#2120 = ( REPRESENTATION_RELATIONSHIP('','',#1547,#10) 
REPRESENTATION_RELATIONSHIP_WITH_TRANSFORMATION(#2121) 
SHAPE_REPRESENTATION_RELATIONSHIP() );
#2121 = ITEM_DEFINED_TRANSFORMATION('','',#11,#23);
#2122 = PRODUCT_DEFINITION_SHAPE('Placement','Placement of an item',
  #2123);
#2123 = NEXT_ASSEMBLY_USAGE_OCCURRENCE('3','FC-137','',#5,#1542,$);
#2124 = PRODUCT_RELATED_PRODUCT_CATEGORY('part',$,(#1544));
#2125 = SHAPE_DEFINITION_REPRESENTATION(#2126,#2132);
#2126 = PRODUCT_DEFINITION_SHAPE('','',#2127);
#2127 = PRODUCT_DEFINITION('design','',#2128,#2131);
#2128 = PRODUCT_DEFINITION_FORMATION('','',#2129);
#2129 = PRODUCT('FC-138','FC-138','',(#2130));
#2130 = PRODUCT_CONTEXT('',#2,'mechanical');
#2131 = PRODUCT_DEFINITION_CONTEXT('part definition',#2,'design');
#2132 = ADVANCED_BREP_SHAPE_REPRESENTATION('',(#11,#2133),#2318);
#2133 = MANIFOLD_SOLID_BREP('',#2134);
#2134 = CLOSED_SHELL('',(#2135,#2175,#2208,#2239,#2270,#2292,#2305));
#2135 = ADVANCED_FACE('',(#2136),#2170,.F.);
#2136 = FACE_BOUND('',#2137,.T.);
#2137 = EDGE_LOOP('',(#2138,#2148,#2156,#2164));
#2138 = ORIENTED_EDGE('',*,*,#2139,.T.);
#2139 = EDGE_CURVE('',#2140,#2142,#2144,.T.);
#2140 = VERTEX_POINT('',#2141);
#2141 = CARTESIAN_POINT('',(-1.2,0.35,6.E-02));
#2142 = VERTEX_POINT('',#2143);
#2143 = CARTESIAN_POINT('',(-1.2,0.35,0.25));
#2144 = LINE('',#2145,#2146);
#2145 = CARTESIAN_POINT('',(-1.2,0.35,0.25));
#2146 = VECTOR('',#2147,1.);
#2147 = DIRECTION('',(-0.,-0.,1.));
#2148 = ORIENTED_EDGE('',*,*,#2149,.F.);
#2149 = EDGE_CURVE('',#2150,#2142,#2152,.T.);
#2150 = VERTEX_POINT('',#2151);
#2151 = CARTESIAN_POINT('',(-1.2,0.37,0.25));
#2152 = LINE('',#2153,#2154);
#2153 = CARTESIAN_POINT('',(-1.2,0.37,0.25));
#2154 = VECTOR('',#2155,1.);
#2155 = DIRECTION('',(-0.,-1.,-0.));
#2156 = ORIENTED_EDGE('',*,*,#2157,.F.);
#2157 = EDGE_CURVE('',#2158,#2150,#2160,.T.);
#2158 = VERTEX_POINT('',#2159);
#2159 = CARTESIAN_POINT('',(-1.2,0.37,6.E-02));
#2160 = LINE('',#2161,#2162);
#2161 = CARTESIAN_POINT('',(-1.2,0.37,0.25));
#2162 = VECTOR('',#2163,1.);
#2163 = DIRECTION('',(-0.,-0.,1.));
#2164 = ORIENTED_EDGE('',*,*,#2165,.T.);
#2165 = EDGE_CURVE('',#2158,#2140,#2166,.T.);
#2166 = LINE('',#2167,#2168);
#2167 = CARTESIAN_POINT('',(-1.2,0.37,6.E-02));
#2168 = VECTOR('',#2169,1.);
#2169 = DIRECTION('',(-0.,-1.,-0.));
#2170 = PLANE('',#2171);
#2171 = AXIS2_PLACEMENT_3D('',#2172,#2173,#2174);
#2172 = CARTESIAN_POINT('',(-1.2,0.37,0.25));
#2173 = DIRECTION('',(1.,-0.,0.));
#2174 = DIRECTION('',(0.,0.,-1.));
#2175 = ADVANCED_FACE('',(#2176),#2203,.T.);
#2176 = FACE_BOUND('',#2177,.T.);
#2177 = EDGE_LOOP('',(#2178,#2187,#2195,#2202));
#2178 = ORIENTED_EDGE('',*,*,#2179,.T.);
#2179 = EDGE_CURVE('',#2142,#2180,#2182,.T.);
#2180 = VERTEX_POINT('',#2181);
#2181 = CARTESIAN_POINT('',(-1.1,0.35,0.35));
#2182 = CIRCLE('',#2183,0.1);
#2183 = AXIS2_PLACEMENT_3D('',#2184,#2185,#2186);
#2184 = CARTESIAN_POINT('',(-1.1,0.35,0.25));
#2185 = DIRECTION('',(0.,1.,0.));
#2186 = DIRECTION('',(0.,-0.,1.));
#2187 = ORIENTED_EDGE('',*,*,#2188,.F.);
#2188 = EDGE_CURVE('',#2189,#2180,#2191,.T.);
#2189 = VERTEX_POINT('',#2190);
#2190 = CARTESIAN_POINT('',(-1.1,0.37,0.35));
#2191 = LINE('',#2192,#2193);
#2192 = CARTESIAN_POINT('',(-1.1,0.37,0.35));
#2193 = VECTOR('',#2194,1.);
#2194 = DIRECTION('',(-0.,-1.,-0.));
#2195 = ORIENTED_EDGE('',*,*,#2196,.F.);
#2196 = EDGE_CURVE('',#2150,#2189,#2197,.T.);
#2197 = CIRCLE('',#2198,0.1);
#2198 = AXIS2_PLACEMENT_3D('',#2199,#2200,#2201);
#2199 = CARTESIAN_POINT('',(-1.1,0.37,0.25));
#2200 = DIRECTION('',(0.,1.,0.));
#2201 = DIRECTION('',(0.,-0.,1.));
#2202 = ORIENTED_EDGE('',*,*,#2149,.T.);
#2203 = CYLINDRICAL_SURFACE('',#2204,0.1);
#2204 = AXIS2_PLACEMENT_3D('',#2205,#2206,#2207);
#2205 = CARTESIAN_POINT('',(-1.1,0.37,0.25));
#2206 = DIRECTION('',(-0.,-1.,-0.));
#2207 = DIRECTION('',(0.,0.,-1.));
#2208 = ADVANCED_FACE('',(#2209),#2234,.F.);
#2209 = FACE_BOUND('',#2210,.T.);
#2210 = EDGE_LOOP('',(#2211,#2219,#2227,#2233));
#2211 = ORIENTED_EDGE('',*,*,#2212,.T.);
#2212 = EDGE_CURVE('',#2180,#2213,#2215,.T.);
#2213 = VERTEX_POINT('',#2214);
#2214 = CARTESIAN_POINT('',(-0.75,0.35,0.35));
#2215 = LINE('',#2216,#2217);
#2216 = CARTESIAN_POINT('',(-0.75,0.35,0.35));
#2217 = VECTOR('',#2218,1.);
#2218 = DIRECTION('',(1.,-0.,-1.548860246408E-16));
#2219 = ORIENTED_EDGE('',*,*,#2220,.F.);
#2220 = EDGE_CURVE('',#2221,#2213,#2223,.T.);
#2221 = VERTEX_POINT('',#2222);
#2222 = CARTESIAN_POINT('',(-0.75,0.37,0.35));
#2223 = LINE('',#2224,#2225);
#2224 = CARTESIAN_POINT('',(-0.75,0.37,0.35));
#2225 = VECTOR('',#2226,1.);
#2226 = DIRECTION('',(-0.,-1.,-0.));
#2227 = ORIENTED_EDGE('',*,*,#2228,.F.);
#2228 = EDGE_CURVE('',#2189,#2221,#2229,.T.);
#2229 = LINE('',#2230,#2231);
#2230 = CARTESIAN_POINT('',(-0.75,0.37,0.35));
#2231 = VECTOR('',#2232,1.);
#2232 = DIRECTION('',(1.,-0.,-1.548860246408E-16));
#2233 = ORIENTED_EDGE('',*,*,#2188,.T.);
#2234 = PLANE('',#2235);
#2235 = AXIS2_PLACEMENT_3D('',#2236,#2237,#2238);
#2236 = CARTESIAN_POINT('',(-0.75,0.37,0.35));
#2237 = DIRECTION('',(-1.548860246408E-16,0.,-1.));
#2238 = DIRECTION('',(-1.,0.,1.548860246408E-16));
#2239 = ADVANCED_FACE('',(#2240),#2265,.F.);
#2240 = FACE_BOUND('',#2241,.T.);
#2241 = EDGE_LOOP('',(#2242,#2250,#2258,#2264));
#2242 = ORIENTED_EDGE('',*,*,#2243,.T.);
#2243 = EDGE_CURVE('',#2213,#2244,#2246,.T.);
#2244 = VERTEX_POINT('',#2245);
#2245 = CARTESIAN_POINT('',(-0.75,0.35,6.E-02));
#2246 = LINE('',#2247,#2248);
#2247 = CARTESIAN_POINT('',(-0.75,0.35,6.E-02));
#2248 = VECTOR('',#2249,1.);
#2249 = DIRECTION('',(-0.,-0.,-1.));
#2250 = ORIENTED_EDGE('',*,*,#2251,.F.);
#2251 = EDGE_CURVE('',#2252,#2244,#2254,.T.);
#2252 = VERTEX_POINT('',#2253);
#2253 = CARTESIAN_POINT('',(-0.75,0.37,6.E-02));
#2254 = LINE('',#2255,#2256);
#2255 = CARTESIAN_POINT('',(-0.75,0.37,6.E-02));
#2256 = VECTOR('',#2257,1.);
#2257 = DIRECTION('',(-0.,-1.,-0.));
#2258 = ORIENTED_EDGE('',*,*,#2259,.F.);
#2259 = EDGE_CURVE('',#2221,#2252,#2260,.T.);
#2260 = LINE('',#2261,#2262);
#2261 = CARTESIAN_POINT('',(-0.75,0.37,6.E-02));
#2262 = VECTOR('',#2263,1.);
#2263 = DIRECTION('',(-0.,-0.,-1.));
#2264 = ORIENTED_EDGE('',*,*,#2220,.T.);
#2265 = PLANE('',#2266);
#2266 = AXIS2_PLACEMENT_3D('',#2267,#2268,#2269);
#2267 = CARTESIAN_POINT('',(-0.75,0.37,6.E-02));
#2268 = DIRECTION('',(-1.,0.,0.));
#2269 = DIRECTION('',(0.,0.,1.));
#2270 = ADVANCED_FACE('',(#2271),#2287,.F.);
#2271 = FACE_BOUND('',#2272,.T.);
#2272 = EDGE_LOOP('',(#2273,#2279,#2280,#2286));
#2273 = ORIENTED_EDGE('',*,*,#2274,.T.);
#2274 = EDGE_CURVE('',#2244,#2140,#2275,.T.);
#2275 = LINE('',#2276,#2277);
#2276 = CARTESIAN_POINT('',(-0.75,0.35,6.E-02));
#2277 = VECTOR('',#2278,1.);
#2278 = DIRECTION('',(-1.,0.,0.));
#2279 = ORIENTED_EDGE('',*,*,#2165,.F.);
#2280 = ORIENTED_EDGE('',*,*,#2281,.F.);
#2281 = EDGE_CURVE('',#2252,#2158,#2282,.T.);
#2282 = LINE('',#2283,#2284);
#2283 = CARTESIAN_POINT('',(-0.75,0.37,6.E-02));
#2284 = VECTOR('',#2285,1.);
#2285 = DIRECTION('',(-1.,0.,0.));
#2286 = ORIENTED_EDGE('',*,*,#2251,.T.);
#2287 = PLANE('',#2288);
#2288 = AXIS2_PLACEMENT_3D('',#2289,#2290,#2291);
#2289 = CARTESIAN_POINT('',(-0.75,0.37,6.E-02));
#2290 = DIRECTION('',(0.,-0.,1.));
#2291 = DIRECTION('',(1.,0.,0.));
#2292 = ADVANCED_FACE('',(#2293),#2300,.T.);
#2293 = FACE_BOUND('',#2294,.T.);
#2294 = EDGE_LOOP('',(#2295,#2296,#2297,#2298,#2299));
#2295 = ORIENTED_EDGE('',*,*,#2157,.T.);
#2296 = ORIENTED_EDGE('',*,*,#2196,.T.);
#2297 = ORIENTED_EDGE('',*,*,#2228,.T.);
#2298 = ORIENTED_EDGE('',*,*,#2259,.T.);
#2299 = ORIENTED_EDGE('',*,*,#2281,.T.);
#2300 = PLANE('',#2301);
#2301 = AXIS2_PLACEMENT_3D('',#2302,#2303,#2304);
#2302 = CARTESIAN_POINT('',(-1.1,0.37,0.25));
#2303 = DIRECTION('',(0.,1.,0.));
#2304 = DIRECTION('',(0.,-0.,1.));
#2305 = ADVANCED_FACE('',(#2306),#2313,.F.);
#2306 = FACE_BOUND('',#2307,.T.);
#2307 = EDGE_LOOP('',(#2308,#2309,#2310,#2311,#2312));
#2308 = ORIENTED_EDGE('',*,*,#2139,.F.);
#2309 = ORIENTED_EDGE('',*,*,#2274,.F.);
#2310 = ORIENTED_EDGE('',*,*,#2243,.F.);
#2311 = ORIENTED_EDGE('',*,*,#2212,.F.);
#2312 = ORIENTED_EDGE('',*,*,#2179,.F.);
#2313 = PLANE('',#2314);
#2314 = AXIS2_PLACEMENT_3D('',#2315,#2316,#2317);
#2315 = CARTESIAN_POINT('',(-1.1,0.35,0.25));
#2316 = DIRECTION('',(0.,1.,0.));
#2317 = DIRECTION('',(0.,-0.,1.));
#2318 = ( GEOMETRIC_REPRESENTATION_CONTEXT(3) 
GLOBAL_UNCERTAINTY_ASSIGNED_CONTEXT((#2322)) 
GLOBAL_UNIT_ASSIGNED_CONTEXT((#2319,#2320,#2321)) REPRESENTATION_CONTEXT
('Context #1','3D Context with UNIT and UNCERTAINTY') );
#2319 = ( LENGTH_UNIT() NAMED_UNIT(*) SI_UNIT(.MILLI.,.METRE.) );
#2320 = ( NAMED_UNIT(*) PLANE_ANGLE_UNIT() SI_UNIT($,.RADIAN.) );
#2321 = ( NAMED_UNIT(*) SI_UNIT($,.STERADIAN.) SOLID_ANGLE_UNIT() );
#2322 = UNCERTAINTY_MEASURE_WITH_UNIT(LENGTH_MEASURE(1.E-07),#2319,
  'distance_accuracy_value','confusion accuracy');
#2323 = CONTEXT_DEPENDENT_SHAPE_REPRESENTATION(#2324,#2326);
#2324 = ( REPRESENTATION_RELATIONSHIP('','',#2132,#10) 
REPRESENTATION_RELATIONSHIP_WITH_TRANSFORMATION(#2325) 
SHAPE_REPRESENTATION_RELATIONSHIP() );
#2325 = ITEM_DEFINED_TRANSFORMATION('','',#11,#27);
#2326 = PRODUCT_DEFINITION_SHAPE('Placement','Placement of an item',
  #2327);
#2327 = NEXT_ASSEMBLY_USAGE_OCCURRENCE('4','FC-138','',#5,#2127,$);
#2328 = PRODUCT_RELATED_PRODUCT_CATEGORY('part',$,(#2129));
#2329 = SHAPE_DEFINITION_REPRESENTATION(#2330,#2336);
#2330 = PRODUCT_DEFINITION_SHAPE('','',#2331);
#2331 = PRODUCT_DEFINITION('design','',#2332,#2335);
#2332 = PRODUCT_DEFINITION_FORMATION('','',#2333);
#2333 = PRODUCT('FC-139','FC-139','',(#2334));
#2334 = PRODUCT_CONTEXT('',#2,'mechanical');
#2335 = PRODUCT_DEFINITION_CONTEXT('part definition',#2,'design');
#2336 = ADVANCED_BREP_SHAPE_REPRESENTATION('',(#11,#2337),#2522);
#2337 = MANIFOLD_SOLID_BREP('',#2338);
#2338 = CLOSED_SHELL('',(#2339,#2379,#2412,#2443,#2474,#2496,#2509));
#2339 = ADVANCED_FACE('',(#2340),#2374,.F.);
#2340 = FACE_BOUND('',#2341,.T.);
#2341 = EDGE_LOOP('',(#2342,#2352,#2360,#2368));
#2342 = ORIENTED_EDGE('',*,*,#2343,.T.);
#2343 = EDGE_CURVE('',#2344,#2346,#2348,.T.);
#2344 = VERTEX_POINT('',#2345);
#2345 = CARTESIAN_POINT('',(-0.75,0.35,-0.35));
#2346 = VERTEX_POINT('',#2347);
#2347 = CARTESIAN_POINT('',(-1.1,0.35,-0.35));
#2348 = LINE('',#2349,#2350);
#2349 = CARTESIAN_POINT('',(-1.1,0.35,-0.35));
#2350 = VECTOR('',#2351,1.);
#2351 = DIRECTION('',(-1.,-0.,-1.548860246408E-16));
#2352 = ORIENTED_EDGE('',*,*,#2353,.F.);
#2353 = EDGE_CURVE('',#2354,#2346,#2356,.T.);
#2354 = VERTEX_POINT('',#2355);
#2355 = CARTESIAN_POINT('',(-1.1,0.37,-0.35));
#2356 = LINE('',#2357,#2358);
#2357 = CARTESIAN_POINT('',(-1.1,0.37,-0.35));
#2358 = VECTOR('',#2359,1.);
#2359 = DIRECTION('',(-0.,-1.,-0.));
#2360 = ORIENTED_EDGE('',*,*,#2361,.F.);
#2361 = EDGE_CURVE('',#2362,#2354,#2364,.T.);
#2362 = VERTEX_POINT('',#2363);
#2363 = CARTESIAN_POINT('',(-0.75,0.37,-0.35));
#2364 = LINE('',#2365,#2366);
#2365 = CARTESIAN_POINT('',(-1.1,0.37,-0.35));
#2366 = VECTOR('',#2367,1.);
#2367 = DIRECTION('',(-1.,-0.,-1.548860246408E-16));
#2368 = ORIENTED_EDGE('',*,*,#2369,.T.);
#2369 = EDGE_CURVE('',#2362,#2344,#2370,.T.);
#2370 = LINE('',#2371,#2372);
#2371 = CARTESIAN_POINT('',(-0.75,0.37,-0.35));
#2372 = VECTOR('',#2373,1.);
#2373 = DIRECTION('',(-0.,-1.,-0.));
#2374 = PLANE('',#2375);
#2375 = AXIS2_PLACEMENT_3D('',#2376,#2377,#2378);
#2376 = CARTESIAN_POINT('',(-1.1,0.37,-0.35));
#2377 = DIRECTION('',(-1.548860246408E-16,0.,1.));
#2378 = DIRECTION('',(1.,0.,1.548860246408E-16));
#2379 = ADVANCED_FACE('',(#2380),#2407,.T.);
#2380 = FACE_BOUND('',#2381,.T.);
#2381 = EDGE_LOOP('',(#2382,#2391,#2399,#2406));
#2382 = ORIENTED_EDGE('',*,*,#2383,.T.);
#2383 = EDGE_CURVE('',#2346,#2384,#2386,.T.);
#2384 = VERTEX_POINT('',#2385);
#2385 = CARTESIAN_POINT('',(-1.2,0.35,-0.25));
#2386 = CIRCLE('',#2387,0.1);
#2387 = AXIS2_PLACEMENT_3D('',#2388,#2389,#2390);
#2388 = CARTESIAN_POINT('',(-1.1,0.35,-0.25));
#2389 = DIRECTION('',(0.,1.,0.));
#2390 = DIRECTION('',(0.,-0.,1.));
#2391 = ORIENTED_EDGE('',*,*,#2392,.F.);
#2392 = EDGE_CURVE('',#2393,#2384,#2395,.T.);
#2393 = VERTEX_POINT('',#2394);
#2394 = CARTESIAN_POINT('',(-1.2,0.37,-0.25));
#2395 = LINE('',#2396,#2397);
#2396 = CARTESIAN_POINT('',(-1.2,0.37,-0.25));
#2397 = VECTOR('',#2398,1.);
#2398 = DIRECTION('',(-0.,-1.,-0.));
#2399 = ORIENTED_EDGE('',*,*,#2400,.F.);
#2400 = EDGE_CURVE('',#2354,#2393,#2401,.T.);
#2401 = CIRCLE('',#2402,0.1);
#2402 = AXIS2_PLACEMENT_3D('',#2403,#2404,#2405);
#2403 = CARTESIAN_POINT('',(-1.1,0.37,-0.25));
#2404 = DIRECTION('',(0.,1.,0.));
#2405 = DIRECTION('',(0.,-0.,1.));
#2406 = ORIENTED_EDGE('',*,*,#2353,.T.);
#2407 = CYLINDRICAL_SURFACE('',#2408,0.1);
#2408 = AXIS2_PLACEMENT_3D('',#2409,#2410,#2411);
#2409 = CARTESIAN_POINT('',(-1.1,0.37,-0.25));
#2410 = DIRECTION('',(-0.,-1.,-0.));
#2411 = DIRECTION('',(0.,0.,-1.));
#2412 = ADVANCED_FACE('',(#2413),#2438,.F.);
#2413 = FACE_BOUND('',#2414,.T.);
#2414 = EDGE_LOOP('',(#2415,#2423,#2431,#2437));
#2415 = ORIENTED_EDGE('',*,*,#2416,.T.);
#2416 = EDGE_CURVE('',#2384,#2417,#2419,.T.);
#2417 = VERTEX_POINT('',#2418);
#2418 = CARTESIAN_POINT('',(-1.2,0.35,-6.E-02));
#2419 = LINE('',#2420,#2421);
#2420 = CARTESIAN_POINT('',(-1.2,0.35,-6.E-02));
#2421 = VECTOR('',#2422,1.);
#2422 = DIRECTION('',(-0.,-0.,1.));
#2423 = ORIENTED_EDGE('',*,*,#2424,.F.);
#2424 = EDGE_CURVE('',#2425,#2417,#2427,.T.);
#2425 = VERTEX_POINT('',#2426);
#2426 = CARTESIAN_POINT('',(-1.2,0.37,-6.E-02));
#2427 = LINE('',#2428,#2429);
#2428 = CARTESIAN_POINT('',(-1.2,0.37,-6.E-02));
#2429 = VECTOR('',#2430,1.);
#2430 = DIRECTION('',(-0.,-1.,-0.));
#2431 = ORIENTED_EDGE('',*,*,#2432,.F.);
#2432 = EDGE_CURVE('',#2393,#2425,#2433,.T.);
#2433 = LINE('',#2434,#2435);
#2434 = CARTESIAN_POINT('',(-1.2,0.37,-6.E-02));
#2435 = VECTOR('',#2436,1.);
#2436 = DIRECTION('',(-0.,-0.,1.));
#2437 = ORIENTED_EDGE('',*,*,#2392,.T.);
#2438 = PLANE('',#2439);
#2439 = AXIS2_PLACEMENT_3D('',#2440,#2441,#2442);
#2440 = CARTESIAN_POINT('',(-1.2,0.37,-6.E-02));
#2441 = DIRECTION('',(1.,-0.,0.));
#2442 = DIRECTION('',(0.,0.,-1.));
#2443 = ADVANCED_FACE('',(#2444),#2469,.F.);
#2444 = FACE_BOUND('',#2445,.T.);
#2445 = EDGE_LOOP('',(#2446,#2454,#2462,#2468));
#2446 = ORIENTED_EDGE('',*,*,#2447,.T.);
#2447 = EDGE_CURVE('',#2417,#2448,#2450,.T.);
#2448 = VERTEX_POINT('',#2449);
#2449 = CARTESIAN_POINT('',(-0.75,0.35,-6.E-02));
#2450 = LINE('',#2451,#2452);
#2451 = CARTESIAN_POINT('',(-0.75,0.35,-6.E-02));
#2452 = VECTOR('',#2453,1.);
#2453 = DIRECTION('',(1.,-0.,-0.));
#2454 = ORIENTED_EDGE('',*,*,#2455,.F.);
#2455 = EDGE_CURVE('',#2456,#2448,#2458,.T.);
#2456 = VERTEX_POINT('',#2457);
#2457 = CARTESIAN_POINT('',(-0.75,0.37,-6.E-02));
#2458 = LINE('',#2459,#2460);
#2459 = CARTESIAN_POINT('',(-0.75,0.37,-6.E-02));
#2460 = VECTOR('',#2461,1.);
#2461 = DIRECTION('',(-0.,-1.,-0.));
#2462 = ORIENTED_EDGE('',*,*,#2463,.F.);
#2463 = EDGE_CURVE('',#2425,#2456,#2464,.T.);
#2464 = LINE('',#2465,#2466);
#2465 = CARTESIAN_POINT('',(-0.75,0.37,-6.E-02));
#2466 = VECTOR('',#2467,1.);
#2467 = DIRECTION('',(1.,-0.,-0.));
#2468 = ORIENTED_EDGE('',*,*,#2424,.T.);
#2469 = PLANE('',#2470);
#2470 = AXIS2_PLACEMENT_3D('',#2471,#2472,#2473);
#2471 = CARTESIAN_POINT('',(-0.75,0.37,-6.E-02));
#2472 = DIRECTION('',(0.,0.,-1.));
#2473 = DIRECTION('',(-1.,0.,-0.));
#2474 = ADVANCED_FACE('',(#2475),#2491,.F.);
#2475 = FACE_BOUND('',#2476,.T.);
#2476 = EDGE_LOOP('',(#2477,#2483,#2484,#2490));
#2477 = ORIENTED_EDGE('',*,*,#2478,.T.);
#2478 = EDGE_CURVE('',#2448,#2344,#2479,.T.);
#2479 = LINE('',#2480,#2481);
#2480 = CARTESIAN_POINT('',(-0.75,0.35,-0.35));
#2481 = VECTOR('',#2482,1.);
#2482 = DIRECTION('',(-0.,-0.,-1.));
#2483 = ORIENTED_EDGE('',*,*,#2369,.F.);
#2484 = ORIENTED_EDGE('',*,*,#2485,.F.);
#2485 = EDGE_CURVE('',#2456,#2362,#2486,.T.);
#2486 = LINE('',#2487,#2488);
#2487 = CARTESIAN_POINT('',(-0.75,0.37,-0.35));
#2488 = VECTOR('',#2489,1.);
#2489 = DIRECTION('',(-0.,-0.,-1.));
#2490 = ORIENTED_EDGE('',*,*,#2455,.T.);
#2491 = PLANE('',#2492);
#2492 = AXIS2_PLACEMENT_3D('',#2493,#2494,#2495);
#2493 = CARTESIAN_POINT('',(-0.75,0.37,-0.35));
#2494 = DIRECTION('',(-1.,0.,0.));
#2495 = DIRECTION('',(0.,0.,1.));
#2496 = ADVANCED_FACE('',(#2497),#2504,.T.);
#2497 = FACE_BOUND('',#2498,.T.);
#2498 = EDGE_LOOP('',(#2499,#2500,#2501,#2502,#2503));
#2499 = ORIENTED_EDGE('',*,*,#2361,.T.);
#2500 = ORIENTED_EDGE('',*,*,#2400,.T.);
#2501 = ORIENTED_EDGE('',*,*,#2432,.T.);
#2502 = ORIENTED_EDGE('',*,*,#2463,.T.);
#2503 = ORIENTED_EDGE('',*,*,#2485,.T.);
#2504 = PLANE('',#2505);
#2505 = AXIS2_PLACEMENT_3D('',#2506,#2507,#2508);
#2506 = CARTESIAN_POINT('',(-1.1,0.37,-0.25));
#2507 = DIRECTION('',(0.,1.,0.));
#2508 = DIRECTION('',(0.,-0.,1.));
#2509 = ADVANCED_FACE('',(#2510),#2517,.F.);
#2510 = FACE_BOUND('',#2511,.T.);
#2511 = EDGE_LOOP('',(#2512,#2513,#2514,#2515,#2516));
#2512 = ORIENTED_EDGE('',*,*,#2343,.F.);
#2513 = ORIENTED_EDGE('',*,*,#2478,.F.);
#2514 = ORIENTED_EDGE('',*,*,#2447,.F.);
#2515 = ORIENTED_EDGE('',*,*,#2416,.F.);
#2516 = ORIENTED_EDGE('',*,*,#2383,.F.);
#2517 = PLANE('',#2518);
#2518 = AXIS2_PLACEMENT_3D('',#2519,#2520,#2521);
#2519 = CARTESIAN_POINT('',(-1.1,0.35,-0.25));
#2520 = DIRECTION('',(0.,1.,0.));
#2521 = DIRECTION('',(0.,-0.,1.));
#2522 = ( GEOMETRIC_REPRESENTATION_CONTEXT(3) 
GLOBAL_UNCERTAINTY_ASSIGNED_CONTEXT((#2526)) 
GLOBAL_UNIT_ASSIGNED_CONTEXT((#2523,#2524,#2525)) REPRESENTATION_CONTEXT
('Context #1','3D Context with UNIT and UNCERTAINTY') );
#2523 = ( LENGTH_UNIT() NAMED_UNIT(*) SI_UNIT(.MILLI.,.METRE.) );
#2524 = ( NAMED_UNIT(*) PLANE_ANGLE_UNIT() SI_UNIT($,.RADIAN.) );
#2525 = ( NAMED_UNIT(*) SI_UNIT($,.STERADIAN.) SOLID_ANGLE_UNIT() );
#2526 = UNCERTAINTY_MEASURE_WITH_UNIT(LENGTH_MEASURE(1.E-07),#2523,
  'distance_accuracy_value','confusion accuracy');
#2527 = CONTEXT_DEPENDENT_SHAPE_REPRESENTATION(#2528,#2530);
#2528 = ( REPRESENTATION_RELATIONSHIP('','',#2336,#10) 
REPRESENTATION_RELATIONSHIP_WITH_TRANSFORMATION(#2529) 
SHAPE_REPRESENTATION_RELATIONSHIP() );
#2529 = ITEM_DEFINED_TRANSFORMATION('','',#11,#31);
#2530 = PRODUCT_DEFINITION_SHAPE('Placement','Placement of an item',
  #2531);
#2531 = NEXT_ASSEMBLY_USAGE_OCCURRENCE('5','FC-139','',#5,#2331,$);
#2532 = PRODUCT_RELATED_PRODUCT_CATEGORY('part',$,(#2333));
#2533 = SHAPE_DEFINITION_REPRESENTATION(#2534,#2540);
#2534 = PRODUCT_DEFINITION_SHAPE('','',#2535);
#2535 = PRODUCT_DEFINITION('design','',#2536,#2539);
#2536 = PRODUCT_DEFINITION_FORMATION('','',#2537);
#2537 = PRODUCT('FC-140','FC-140','',(#2538));
#2538 = PRODUCT_CONTEXT('',#2,'mechanical');
#2539 = PRODUCT_DEFINITION_CONTEXT('part definition',#2,'design');
#2540 = ADVANCED_BREP_SHAPE_REPRESENTATION('',(#11,#2541),#2691);
#2541 = MANIFOLD_SOLID_BREP('',#2542);
#2542 = CLOSED_SHELL('',(#2543,#2583,#2614,#2645,#2667,#2679));
#2543 = ADVANCED_FACE('',(#2544),#2578,.F.);
#2544 = FACE_BOUND('',#2545,.T.);
#2545 = EDGE_LOOP('',(#2546,#2556,#2564,#2572));
#2546 = ORIENTED_EDGE('',*,*,#2547,.T.);
#2547 = EDGE_CURVE('',#2548,#2550,#2552,.T.);
#2548 = VERTEX_POINT('',#2549);
#2549 = CARTESIAN_POINT('',(-0.75,0.37,0.275));
#2550 = VERTEX_POINT('',#2551);
#2551 = CARTESIAN_POINT('',(-0.75,0.37,9.5E-02));
#2552 = LINE('',#2553,#2554);
#2553 = CARTESIAN_POINT('',(-0.75,0.37,9.5E-02));
#2554 = VECTOR('',#2555,1.);
#2555 = DIRECTION('',(-0.,-0.,-1.));
#2556 = ORIENTED_EDGE('',*,*,#2557,.F.);
#2557 = EDGE_CURVE('',#2558,#2550,#2560,.T.);
#2558 = VERTEX_POINT('',#2559);
#2559 = CARTESIAN_POINT('',(-0.75,0.39,9.5E-02));
#2560 = LINE('',#2561,#2562);
#2561 = CARTESIAN_POINT('',(-0.75,0.39,9.5E-02));
#2562 = VECTOR('',#2563,1.);
#2563 = DIRECTION('',(-0.,-1.,-0.));
#2564 = ORIENTED_EDGE('',*,*,#2565,.F.);
#2565 = EDGE_CURVE('',#2566,#2558,#2568,.T.);
#2566 = VERTEX_POINT('',#2567);
#2567 = CARTESIAN_POINT('',(-0.75,0.39,0.275));
#2568 = LINE('',#2569,#2570);
#2569 = CARTESIAN_POINT('',(-0.75,0.39,9.5E-02));
#2570 = VECTOR('',#2571,1.);
#2571 = DIRECTION('',(-0.,-0.,-1.));
#2572 = ORIENTED_EDGE('',*,*,#2573,.T.);
#2573 = EDGE_CURVE('',#2566,#2548,#2574,.T.);
#2574 = LINE('',#2575,#2576);
#2575 = CARTESIAN_POINT('',(-0.75,0.39,0.275));
#2576 = VECTOR('',#2577,1.);
#2577 = DIRECTION('',(-0.,-1.,-0.));
#2578 = PLANE('',#2579);
#2579 = AXIS2_PLACEMENT_3D('',#2580,#2581,#2582);
#2580 = CARTESIAN_POINT('',(-0.75,0.39,9.5E-02));
#2581 = DIRECTION('',(-1.,0.,0.));
#2582 = DIRECTION('',(0.,0.,1.));
#2583 = ADVANCED_FACE('',(#2584),#2609,.F.);
#2584 = FACE_BOUND('',#2585,.T.);
#2585 = EDGE_LOOP('',(#2586,#2594,#2602,#2608));
#2586 = ORIENTED_EDGE('',*,*,#2587,.T.);
#2587 = EDGE_CURVE('',#2550,#2588,#2590,.T.);
#2588 = VERTEX_POINT('',#2589);
#2589 = CARTESIAN_POINT('',(-1.1,0.37,9.5E-02));
#2590 = LINE('',#2591,#2592);
#2591 = CARTESIAN_POINT('',(-0.75,0.37,9.5E-02));
#2592 = VECTOR('',#2593,1.);
#2593 = DIRECTION('',(-1.,0.,1.161645184806E-16));
#2594 = ORIENTED_EDGE('',*,*,#2595,.F.);
#2595 = EDGE_CURVE('',#2596,#2588,#2598,.T.);
#2596 = VERTEX_POINT('',#2597);
#2597 = CARTESIAN_POINT('',(-1.1,0.39,9.5E-02));
#2598 = LINE('',#2599,#2600);
#2599 = CARTESIAN_POINT('',(-1.1,0.39,9.5E-02));
#2600 = VECTOR('',#2601,1.);
#2601 = DIRECTION('',(-0.,-1.,-0.));
#2602 = ORIENTED_EDGE('',*,*,#2603,.F.);
#2603 = EDGE_CURVE('',#2558,#2596,#2604,.T.);
#2604 = LINE('',#2605,#2606);
#2605 = CARTESIAN_POINT('',(-0.75,0.39,9.5E-02));
#2606 = VECTOR('',#2607,1.);
#2607 = DIRECTION('',(-1.,0.,1.161645184806E-16));
#2608 = ORIENTED_EDGE('',*,*,#2557,.T.);
#2609 = PLANE('',#2610);
#2610 = AXIS2_PLACEMENT_3D('',#2611,#2612,#2613);
#2611 = CARTESIAN_POINT('',(-0.75,0.39,9.5E-02));
#2612 = DIRECTION('',(1.161645184806E-16,-0.,1.));
#2613 = DIRECTION('',(1.,0.,-1.161645184806E-16));
#2614 = ADVANCED_FACE('',(#2615),#2640,.F.);
#2615 = FACE_BOUND('',#2616,.T.);
#2616 = EDGE_LOOP('',(#2617,#2625,#2633,#2639));
#2617 = ORIENTED_EDGE('',*,*,#2618,.T.);
#2618 = EDGE_CURVE('',#2588,#2619,#2621,.T.);
#2619 = VERTEX_POINT('',#2620);
#2620 = CARTESIAN_POINT('',(-1.1,0.37,0.275));
#2621 = LINE('',#2622,#2623);
#2622 = CARTESIAN_POINT('',(-1.1,0.37,9.5E-02));
#2623 = VECTOR('',#2624,1.);
#2624 = DIRECTION('',(0.,0.,1.));
#2625 = ORIENTED_EDGE('',*,*,#2626,.F.);
#2626 = EDGE_CURVE('',#2627,#2619,#2629,.T.);
#2627 = VERTEX_POINT('',#2628);
#2628 = CARTESIAN_POINT('',(-1.1,0.39,0.275));
#2629 = LINE('',#2630,#2631);
#2630 = CARTESIAN_POINT('',(-1.1,0.39,0.275));
#2631 = VECTOR('',#2632,1.);
#2632 = DIRECTION('',(-0.,-1.,-0.));
#2633 = ORIENTED_EDGE('',*,*,#2634,.F.);
#2634 = EDGE_CURVE('',#2596,#2627,#2635,.T.);
#2635 = LINE('',#2636,#2637);
#2636 = CARTESIAN_POINT('',(-1.1,0.39,9.5E-02));
#2637 = VECTOR('',#2638,1.);
#2638 = DIRECTION('',(0.,0.,1.));
#2639 = ORIENTED_EDGE('',*,*,#2595,.T.);
#2640 = PLANE('',#2641);
#2641 = AXIS2_PLACEMENT_3D('',#2642,#2643,#2644);
#2642 = CARTESIAN_POINT('',(-1.1,0.39,9.5E-02));
#2643 = DIRECTION('',(1.,0.,0.));
#2644 = DIRECTION('',(0.,0.,-1.));
#2645 = ADVANCED_FACE('',(#2646),#2662,.F.);
#2646 = FACE_BOUND('',#2647,.T.);
#2647 = EDGE_LOOP('',(#2648,#2654,#2655,#2661));
#2648 = ORIENTED_EDGE('',*,*,#2649,.T.);
#2649 = EDGE_CURVE('',#2619,#2548,#2650,.T.);
#2650 = LINE('',#2651,#2652);
#2651 = CARTESIAN_POINT('',(-0.75,0.37,0.275));
#2652 = VECTOR('',#2653,1.);
#2653 = DIRECTION('',(1.,-0.,1.548860246408E-16));
#2654 = ORIENTED_EDGE('',*,*,#2573,.F.);
#2655 = ORIENTED_EDGE('',*,*,#2656,.F.);
#2656 = EDGE_CURVE('',#2627,#2566,#2657,.T.);
#2657 = LINE('',#2658,#2659);
#2658 = CARTESIAN_POINT('',(-0.75,0.39,0.275));
#2659 = VECTOR('',#2660,1.);
#2660 = DIRECTION('',(1.,-0.,1.548860246408E-16));
#2661 = ORIENTED_EDGE('',*,*,#2626,.T.);
#2662 = PLANE('',#2663);
#2663 = AXIS2_PLACEMENT_3D('',#2664,#2665,#2666);
#2664 = CARTESIAN_POINT('',(-0.75,0.39,0.275));
#2665 = DIRECTION('',(1.548860246408E-16,0.,-1.));
#2666 = DIRECTION('',(-1.,0.,-1.548860246408E-16));
#2667 = ADVANCED_FACE('',(#2668),#2674,.F.);
#2668 = FACE_BOUND('',#2669,.T.);
#2669 = EDGE_LOOP('',(#2670,#2671,#2672,#2673));
#2670 = ORIENTED_EDGE('',*,*,#2565,.T.);
#2671 = ORIENTED_EDGE('',*,*,#2603,.T.);
#2672 = ORIENTED_EDGE('',*,*,#2634,.T.);
#2673 = ORIENTED_EDGE('',*,*,#2656,.T.);
#2674 = PLANE('',#2675);
#2675 = AXIS2_PLACEMENT_3D('',#2676,#2677,#2678);
#2676 = CARTESIAN_POINT('',(0.,0.39,0.));
#2677 = DIRECTION('',(0.,-1.,0.));
#2678 = DIRECTION('',(0.,-0.,-1.));
#2679 = ADVANCED_FACE('',(#2680),#2686,.T.);
#2680 = FACE_BOUND('',#2681,.T.);
#2681 = EDGE_LOOP('',(#2682,#2683,#2684,#2685));
#2682 = ORIENTED_EDGE('',*,*,#2547,.F.);
#2683 = ORIENTED_EDGE('',*,*,#2649,.F.);
#2684 = ORIENTED_EDGE('',*,*,#2618,.F.);
#2685 = ORIENTED_EDGE('',*,*,#2587,.F.);
#2686 = PLANE('',#2687);
#2687 = AXIS2_PLACEMENT_3D('',#2688,#2689,#2690);
#2688 = CARTESIAN_POINT('',(0.,0.37,0.));
#2689 = DIRECTION('',(0.,-1.,0.));
#2690 = DIRECTION('',(0.,-0.,-1.));
#2691 = ( GEOMETRIC_REPRESENTATION_CONTEXT(3) 
GLOBAL_UNCERTAINTY_ASSIGNED_CONTEXT((#2695)) 
GLOBAL_UNIT_ASSIGNED_CONTEXT((#2692,#2693,#2694)) REPRESENTATION_CONTEXT
('Context #1','3D Context with UNIT and UNCERTAINTY') );
#2692 = ( LENGTH_UNIT() NAMED_UNIT(*) SI_UNIT(.MILLI.,.METRE.) );
#2693 = ( NAMED_UNIT(*) PLANE_ANGLE_UNIT() SI_UNIT($,.RADIAN.) );
#2694 = ( NAMED_UNIT(*) SI_UNIT($,.STERADIAN.) SOLID_ANGLE_UNIT() );
#2695 = UNCERTAINTY_MEASURE_WITH_UNIT(LENGTH_MEASURE(1.E-07),#2692,
  'distance_accuracy_value','confusion accuracy');
#2696 = CONTEXT_DEPENDENT_SHAPE_REPRESENTATION(#2697,#2699);
#2697 = ( REPRESENTATION_RELATIONSHIP('','',#2540,#10) 
REPRESENTATION_RELATIONSHIP_WITH_TRANSFORMATION(#2698) 
SHAPE_REPRESENTATION_RELATIONSHIP() );
#2698 = ITEM_DEFINED_TRANSFORMATION('','',#11,#35);
#2699 = PRODUCT_DEFINITION_SHAPE('Placement','Placement of an item',
  #2700);
#2700 = NEXT_ASSEMBLY_USAGE_OCCURRENCE('6','FC-140','',#5,#2535,$);
#2701 = PRODUCT_RELATED_PRODUCT_CATEGORY('part',$,(#2537));
#2702 = SHAPE_DEFINITION_REPRESENTATION(#2703,#2709);
#2703 = PRODUCT_DEFINITION_SHAPE('','',#2704);
#2704 = PRODUCT_DEFINITION('design','',#2705,#2708);
#2705 = PRODUCT_DEFINITION_FORMATION('','',#2706);
#2706 = PRODUCT('FC-141','FC-141','',(#2707));
#2707 = PRODUCT_CONTEXT('',#2,'mechanical');
#2708 = PRODUCT_DEFINITION_CONTEXT('part definition',#2,'design');
#2709 = ADVANCED_BREP_SHAPE_REPRESENTATION('',(#11,#2710),#2860);
#2710 = MANIFOLD_SOLID_BREP('',#2711);
#2711 = CLOSED_SHELL('',(#2712,#2752,#2783,#2814,#2836,#2848));
#2712 = ADVANCED_FACE('',(#2713),#2747,.F.);
#2713 = FACE_BOUND('',#2714,.T.);
#2714 = EDGE_LOOP('',(#2715,#2725,#2733,#2741));
#2715 = ORIENTED_EDGE('',*,*,#2716,.T.);
#2716 = EDGE_CURVE('',#2717,#2719,#2721,.T.);
#2717 = VERTEX_POINT('',#2718);
#2718 = CARTESIAN_POINT('',(-0.75,0.37,-9.5E-02));
#2719 = VERTEX_POINT('',#2720);
#2720 = CARTESIAN_POINT('',(-0.75,0.37,-0.275));
#2721 = LINE('',#2722,#2723);
#2722 = CARTESIAN_POINT('',(-0.75,0.37,-9.5E-02));
#2723 = VECTOR('',#2724,1.);
#2724 = DIRECTION('',(0.,0.,-1.));
#2725 = ORIENTED_EDGE('',*,*,#2726,.F.);
#2726 = EDGE_CURVE('',#2727,#2719,#2729,.T.);
#2727 = VERTEX_POINT('',#2728);
#2728 = CARTESIAN_POINT('',(-0.75,0.39,-0.275));
#2729 = LINE('',#2730,#2731);
#2730 = CARTESIAN_POINT('',(-0.75,0.39,-0.275));
#2731 = VECTOR('',#2732,1.);
#2732 = DIRECTION('',(-0.,-1.,-0.));
#2733 = ORIENTED_EDGE('',*,*,#2734,.F.);
#2734 = EDGE_CURVE('',#2735,#2727,#2737,.T.);
#2735 = VERTEX_POINT('',#2736);
#2736 = CARTESIAN_POINT('',(-0.75,0.39,-9.5E-02));
#2737 = LINE('',#2738,#2739);
#2738 = CARTESIAN_POINT('',(-0.75,0.39,-9.5E-02));
#2739 = VECTOR('',#2740,1.);
#2740 = DIRECTION('',(0.,0.,-1.));
#2741 = ORIENTED_EDGE('',*,*,#2742,.T.);
#2742 = EDGE_CURVE('',#2735,#2717,#2743,.T.);
#2743 = LINE('',#2744,#2745);
#2744 = CARTESIAN_POINT('',(-0.75,0.39,-9.5E-02));
#2745 = VECTOR('',#2746,1.);
#2746 = DIRECTION('',(-0.,-1.,-0.));
#2747 = PLANE('',#2748);
#2748 = AXIS2_PLACEMENT_3D('',#2749,#2750,#2751);
#2749 = CARTESIAN_POINT('',(-0.75,0.39,-9.5E-02));
#2750 = DIRECTION('',(-1.,0.,0.));
#2751 = DIRECTION('',(0.,0.,1.));
#2752 = ADVANCED_FACE('',(#2753),#2778,.F.);
#2753 = FACE_BOUND('',#2754,.T.);
#2754 = EDGE_LOOP('',(#2755,#2763,#2771,#2777));
#2755 = ORIENTED_EDGE('',*,*,#2756,.T.);
#2756 = EDGE_CURVE('',#2719,#2757,#2759,.T.);
#2757 = VERTEX_POINT('',#2758);
#2758 = CARTESIAN_POINT('',(-1.1,0.37,-0.275));
#2759 = LINE('',#2760,#2761);
#2760 = CARTESIAN_POINT('',(-0.75,0.37,-0.275));
#2761 = VECTOR('',#2762,1.);
#2762 = DIRECTION('',(-1.,0.,0.));
#2763 = ORIENTED_EDGE('',*,*,#2764,.F.);
#2764 = EDGE_CURVE('',#2765,#2757,#2767,.T.);
#2765 = VERTEX_POINT('',#2766);
#2766 = CARTESIAN_POINT('',(-1.1,0.39,-0.275));
#2767 = LINE('',#2768,#2769);
#2768 = CARTESIAN_POINT('',(-1.1,0.39,-0.275));
#2769 = VECTOR('',#2770,1.);
#2770 = DIRECTION('',(-0.,-1.,-0.));
#2771 = ORIENTED_EDGE('',*,*,#2772,.F.);
#2772 = EDGE_CURVE('',#2727,#2765,#2773,.T.);
#2773 = LINE('',#2774,#2775);
#2774 = CARTESIAN_POINT('',(-0.75,0.39,-0.275));
#2775 = VECTOR('',#2776,1.);
#2776 = DIRECTION('',(-1.,0.,0.));
#2777 = ORIENTED_EDGE('',*,*,#2726,.T.);
#2778 = PLANE('',#2779);
#2779 = AXIS2_PLACEMENT_3D('',#2780,#2781,#2782);
#2780 = CARTESIAN_POINT('',(-0.75,0.39,-0.275));
#2781 = DIRECTION('',(0.,-0.,1.));
#2782 = DIRECTION('',(1.,0.,0.));
#2783 = ADVANCED_FACE('',(#2784),#2809,.F.);
#2784 = FACE_BOUND('',#2785,.T.);
#2785 = EDGE_LOOP('',(#2786,#2794,#2802,#2808));
#2786 = ORIENTED_EDGE('',*,*,#2787,.T.);
#2787 = EDGE_CURVE('',#2757,#2788,#2790,.T.);
#2788 = VERTEX_POINT('',#2789);
#2789 = CARTESIAN_POINT('',(-1.1,0.37,-9.5E-02));
#2790 = LINE('',#2791,#2792);
#2791 = CARTESIAN_POINT('',(-1.1,0.37,-9.5E-02));
#2792 = VECTOR('',#2793,1.);
#2793 = DIRECTION('',(-0.,-0.,1.));
#2794 = ORIENTED_EDGE('',*,*,#2795,.F.);
#2795 = EDGE_CURVE('',#2796,#2788,#2798,.T.);
#2796 = VERTEX_POINT('',#2797);
#2797 = CARTESIAN_POINT('',(-1.1,0.39,-9.5E-02));
#2798 = LINE('',#2799,#2800);
#2799 = CARTESIAN_POINT('',(-1.1,0.39,-9.5E-02));
#2800 = VECTOR('',#2801,1.);
#2801 = DIRECTION('',(-0.,-1.,-0.));
#2802 = ORIENTED_EDGE('',*,*,#2803,.F.);
#2803 = EDGE_CURVE('',#2765,#2796,#2804,.T.);
#2804 = LINE('',#2805,#2806);
#2805 = CARTESIAN_POINT('',(-1.1,0.39,-9.5E-02));
#2806 = VECTOR('',#2807,1.);
#2807 = DIRECTION('',(-0.,-0.,1.));
#2808 = ORIENTED_EDGE('',*,*,#2764,.T.);
#2809 = PLANE('',#2810);
#2810 = AXIS2_PLACEMENT_3D('',#2811,#2812,#2813);
#2811 = CARTESIAN_POINT('',(-1.1,0.39,-9.5E-02));
#2812 = DIRECTION('',(1.,-0.,0.));
#2813 = DIRECTION('',(0.,0.,-1.));
#2814 = ADVANCED_FACE('',(#2815),#2831,.F.);
#2815 = FACE_BOUND('',#2816,.T.);
#2816 = EDGE_LOOP('',(#2817,#2823,#2824,#2830));
#2817 = ORIENTED_EDGE('',*,*,#2818,.T.);
#2818 = EDGE_CURVE('',#2788,#2717,#2819,.T.);
#2819 = LINE('',#2820,#2821);
#2820 = CARTESIAN_POINT('',(-0.75,0.37,-9.5E-02));
#2821 = VECTOR('',#2822,1.);
#2822 = DIRECTION('',(1.,-0.,-1.161645184806E-16));
#2823 = ORIENTED_EDGE('',*,*,#2742,.F.);
#2824 = ORIENTED_EDGE('',*,*,#2825,.F.);
#2825 = EDGE_CURVE('',#2796,#2735,#2826,.T.);
#2826 = LINE('',#2827,#2828);
#2827 = CARTESIAN_POINT('',(-0.75,0.39,-9.5E-02));
#2828 = VECTOR('',#2829,1.);
#2829 = DIRECTION('',(1.,-0.,-1.161645184806E-16));
#2830 = ORIENTED_EDGE('',*,*,#2795,.T.);
#2831 = PLANE('',#2832);
#2832 = AXIS2_PLACEMENT_3D('',#2833,#2834,#2835);
#2833 = CARTESIAN_POINT('',(-0.75,0.39,-9.5E-02));
#2834 = DIRECTION('',(-1.161645184806E-16,0.,-1.));
#2835 = DIRECTION('',(-1.,0.,1.161645184806E-16));
#2836 = ADVANCED_FACE('',(#2837),#2843,.T.);
#2837 = FACE_BOUND('',#2838,.T.);
#2838 = EDGE_LOOP('',(#2839,#2840,#2841,#2842));
#2839 = ORIENTED_EDGE('',*,*,#2734,.T.);
#2840 = ORIENTED_EDGE('',*,*,#2772,.T.);
#2841 = ORIENTED_EDGE('',*,*,#2803,.T.);
#2842 = ORIENTED_EDGE('',*,*,#2825,.T.);
#2843 = PLANE('',#2844);
#2844 = AXIS2_PLACEMENT_3D('',#2845,#2846,#2847);
#2845 = CARTESIAN_POINT('',(0.,0.39,0.));
#2846 = DIRECTION('',(0.,1.,0.));
#2847 = DIRECTION('',(0.,-0.,1.));
#2848 = ADVANCED_FACE('',(#2849),#2855,.F.);
#2849 = FACE_BOUND('',#2850,.T.);
#2850 = EDGE_LOOP('',(#2851,#2852,#2853,#2854));
#2851 = ORIENTED_EDGE('',*,*,#2716,.F.);
#2852 = ORIENTED_EDGE('',*,*,#2818,.F.);
#2853 = ORIENTED_EDGE('',*,*,#2787,.F.);
#2854 = ORIENTED_EDGE('',*,*,#2756,.F.);
#2855 = PLANE('',#2856);
#2856 = AXIS2_PLACEMENT_3D('',#2857,#2858,#2859);
#2857 = CARTESIAN_POINT('',(0.,0.37,0.));
#2858 = DIRECTION('',(0.,1.,0.));
#2859 = DIRECTION('',(0.,-0.,1.));
#2860 = ( GEOMETRIC_REPRESENTATION_CONTEXT(3) 
GLOBAL_UNCERTAINTY_ASSIGNED_CONTEXT((#2864)) 
GLOBAL_UNIT_ASSIGNED_CONTEXT((#2861,#2862,#2863)) REPRESENTATION_CONTEXT
('Context #1','3D Context with UNIT and UNCERTAINTY') );
#2861 = ( LENGTH_UNIT() NAMED_UNIT(*) SI_UNIT(.MILLI.,.METRE.) );
#2862 = ( NAMED_UNIT(*) PLANE_ANGLE_UNIT() SI_UNIT($,.RADIAN.) );
#2863 = ( NAMED_UNIT(*) SI_UNIT($,.STERADIAN.) SOLID_ANGLE_UNIT() );
#2864 = UNCERTAINTY_MEASURE_WITH_UNIT(LENGTH_MEASURE(1.E-07),#2861,
  'distance_accuracy_value','confusion accuracy');
#2865 = CONTEXT_DEPENDENT_SHAPE_REPRESENTATION(#2866,#2868);
#2866 = ( REPRESENTATION_RELATIONSHIP('','',#2709,#10) 
REPRESENTATION_RELATIONSHIP_WITH_TRANSFORMATION(#2867) 
SHAPE_REPRESENTATION_RELATIONSHIP() );
#2867 = ITEM_DEFINED_TRANSFORMATION('','',#11,#39);
#2868 = PRODUCT_DEFINITION_SHAPE('Placement','Placement of an item',
  #2869);
#2869 = NEXT_ASSEMBLY_USAGE_OCCURRENCE('7','FC-141','',#5,#2704,$);
#2870 = PRODUCT_RELATED_PRODUCT_CATEGORY('part',$,(#2706));
#2871 = SHAPE_DEFINITION_REPRESENTATION(#2872,#2878);
#2872 = PRODUCT_DEFINITION_SHAPE('','',#2873);
#2873 = PRODUCT_DEFINITION('design','',#2874,#2877);
#2874 = PRODUCT_DEFINITION_FORMATION('','',#2875);
#2875 = PRODUCT('FC-142','FC-142','',(#2876));
#2876 = PRODUCT_CONTEXT('',#2,'mechanical');
#2877 = PRODUCT_DEFINITION_CONTEXT('part definition',#2,'design');
#2878 = ADVANCED_BREP_SHAPE_REPRESENTATION('',(#11,#2879),#4769);
#2879 = MANIFOLD_SOLID_BREP('',#2880);
#2880 = CLOSED_SHELL('',(#2881,#3127,#3473,#3505,#3529,#3554,#3578,#3603
    ,#3627,#3652,#3669,#3700,#3731,#3762,#3793,#3835,#3874,#3913,#3979,
    #4045,#4092,#4139,#4165,#4189,#4207,#4225,#4243,#4261,#4279,#4297,
    #4309,#4326,#4349,#4371,#4388,#4410,#4433,#4450,#4467,#4489,#4506,
    #4523,#4546,#4563,#4580,#4602,#4625,#4637,#4649,#4661,#4673,#4685,
    #4697,#4709,#4721,#4733,#4745,#4757));
#2881 = ADVANCED_FACE('',(#2882,#3052),#3122,.F.);
#2882 = FACE_BOUND('',#2883,.T.);
#2883 = EDGE_LOOP('',(#2884,#2894,#2903,#2911,#2920,#2928,#2937,#2945,
    #2954,#2962,#2970,#2978,#2987,#2995,#3004,#3012,#3021,#3029,#3038,
    #3046));
#2884 = ORIENTED_EDGE('',*,*,#2885,.F.);
#2885 = EDGE_CURVE('',#2886,#2888,#2890,.T.);
#2886 = VERTEX_POINT('',#2887);
#2887 = CARTESIAN_POINT('',(-1.25,0.68,-0.375));
#2888 = VERTEX_POINT('',#2889);
#2889 = CARTESIAN_POINT('',(-1.25,0.68,-0.115));
#2890 = LINE('',#2891,#2892);
#2891 = CARTESIAN_POINT('',(-1.25,0.68,-0.395));
#2892 = VECTOR('',#2893,1.);
#2893 = DIRECTION('',(0.,0.,1.));
#2894 = ORIENTED_EDGE('',*,*,#2895,.T.);
#2895 = EDGE_CURVE('',#2886,#2896,#2898,.T.);
#2896 = VERTEX_POINT('',#2897);
#2897 = CARTESIAN_POINT('',(-1.23,0.68,-0.395));
#2898 = CIRCLE('',#2899,2.E-02);
#2899 = AXIS2_PLACEMENT_3D('',#2900,#2901,#2902);
#2900 = CARTESIAN_POINT('',(-1.23,0.68,-0.375));
#2901 = DIRECTION('',(0.,-1.,0.));
#2902 = DIRECTION('',(0.,0.,-1.));
#2903 = ORIENTED_EDGE('',*,*,#2904,.F.);
#2904 = EDGE_CURVE('',#2905,#2896,#2907,.T.);
#2905 = VERTEX_POINT('',#2906);
#2906 = CARTESIAN_POINT('',(-1.138405728739,0.68,-0.395));
#2907 = LINE('',#2908,#2909);
#2908 = CARTESIAN_POINT('',(-1.25,0.68,-0.395));
#2909 = VECTOR('',#2910,1.);
#2910 = DIRECTION('',(-1.,-0.,-0.));
#2911 = ORIENTED_EDGE('',*,*,#2912,.T.);
#2912 = EDGE_CURVE('',#2905,#2913,#2915,.T.);
#2913 = VERTEX_POINT('',#2914);
#2914 = CARTESIAN_POINT('',(-1.1,0.68,-0.4));
#2915 = CIRCLE('',#2916,0.15);
#2916 = AXIS2_PLACEMENT_3D('',#2917,#2918,#2919);
#2917 = CARTESIAN_POINT('',(-1.1,0.68,-0.25));
#2918 = DIRECTION('',(0.,-1.,0.));
#2919 = DIRECTION('',(0.,0.,-1.));
#2920 = ORIENTED_EDGE('',*,*,#2921,.T.);
#2921 = EDGE_CURVE('',#2913,#2922,#2924,.T.);
#2922 = VERTEX_POINT('',#2923);
#2923 = CARTESIAN_POINT('',(1.1,0.68,-0.4));
#2924 = LINE('',#2925,#2926);
#2925 = CARTESIAN_POINT('',(1.1,0.68,-0.4));
#2926 = VECTOR('',#2927,1.);
#2927 = DIRECTION('',(1.,-0.,-1.232047923279E-16));
#2928 = ORIENTED_EDGE('',*,*,#2929,.T.);
#2929 = EDGE_CURVE('',#2922,#2930,#2932,.T.);
#2930 = VERTEX_POINT('',#2931);
#2931 = CARTESIAN_POINT('',(1.138405728739,0.68,-0.395));
#2932 = CIRCLE('',#2933,0.15);
#2933 = AXIS2_PLACEMENT_3D('',#2934,#2935,#2936);
#2934 = CARTESIAN_POINT('',(1.1,0.68,-0.25));
#2935 = DIRECTION('',(0.,-1.,0.));
#2936 = DIRECTION('',(0.,0.,-1.));
#2937 = ORIENTED_EDGE('',*,*,#2938,.F.);
#2938 = EDGE_CURVE('',#2939,#2930,#2941,.T.);
#2939 = VERTEX_POINT('',#2940);
#2940 = CARTESIAN_POINT('',(1.23,0.68,-0.395));
#2941 = LINE('',#2942,#2943);
#2942 = CARTESIAN_POINT('',(1.1,0.68,-0.395));
#2943 = VECTOR('',#2944,1.);
#2944 = DIRECTION('',(-1.,-0.,3.614007241618E-16));
#2945 = ORIENTED_EDGE('',*,*,#2946,.T.);
#2946 = EDGE_CURVE('',#2939,#2947,#2949,.T.);
#2947 = VERTEX_POINT('',#2948);
#2948 = CARTESIAN_POINT('',(1.25,0.68,-0.375));
#2949 = CIRCLE('',#2950,2.E-02);
#2950 = AXIS2_PLACEMENT_3D('',#2951,#2952,#2953);
#2951 = CARTESIAN_POINT('',(1.23,0.68,-0.375));
#2952 = DIRECTION('',(0.,-1.,0.));
#2953 = DIRECTION('',(0.,0.,-1.));
#2954 = ORIENTED_EDGE('',*,*,#2955,.T.);
#2955 = EDGE_CURVE('',#2947,#2956,#2958,.T.);
#2956 = VERTEX_POINT('',#2957);
#2957 = CARTESIAN_POINT('',(1.25,0.68,-0.115));
#2958 = LINE('',#2959,#2960);
#2959 = CARTESIAN_POINT('',(1.25,0.68,0.25));
#2960 = VECTOR('',#2961,1.);
#2961 = DIRECTION('',(-0.,-0.,1.));
#2962 = ORIENTED_EDGE('',*,*,#2963,.T.);
#2963 = EDGE_CURVE('',#2956,#2964,#2966,.T.);
#2964 = VERTEX_POINT('',#2965);
#2965 = CARTESIAN_POINT('',(1.25,0.68,0.115));
#2966 = LINE('',#2967,#2968);
#2967 = CARTESIAN_POINT('',(1.25,0.68,0.25));
#2968 = VECTOR('',#2969,1.);
#2969 = DIRECTION('',(-0.,-0.,1.));
#2970 = ORIENTED_EDGE('',*,*,#2971,.T.);
#2971 = EDGE_CURVE('',#2964,#2972,#2974,.T.);
#2972 = VERTEX_POINT('',#2973);
#2973 = CARTESIAN_POINT('',(1.25,0.68,0.375));
#2974 = LINE('',#2975,#2976);
#2975 = CARTESIAN_POINT('',(1.25,0.68,0.25));
#2976 = VECTOR('',#2977,1.);
#2977 = DIRECTION('',(-0.,-0.,1.));
#2978 = ORIENTED_EDGE('',*,*,#2979,.T.);
#2979 = EDGE_CURVE('',#2972,#2980,#2982,.T.);
#2980 = VERTEX_POINT('',#2981);
#2981 = CARTESIAN_POINT('',(1.23,0.68,0.395));
#2982 = CIRCLE('',#2983,2.E-02);
#2983 = AXIS2_PLACEMENT_3D('',#2984,#2985,#2986);
#2984 = CARTESIAN_POINT('',(1.23,0.68,0.375));
#2985 = DIRECTION('',(0.,-1.,0.));
#2986 = DIRECTION('',(0.,0.,-1.));
#2987 = ORIENTED_EDGE('',*,*,#2988,.F.);
#2988 = EDGE_CURVE('',#2989,#2980,#2991,.T.);
#2989 = VERTEX_POINT('',#2990);
#2990 = CARTESIAN_POINT('',(1.138405728739,0.68,0.395));
#2991 = LINE('',#2992,#2993);
#2992 = CARTESIAN_POINT('',(1.1,0.68,0.395));
#2993 = VECTOR('',#2994,1.);
#2994 = DIRECTION('',(1.,0.,-3.614007241618E-16));
#2995 = ORIENTED_EDGE('',*,*,#2996,.T.);
#2996 = EDGE_CURVE('',#2989,#2997,#2999,.T.);
#2997 = VERTEX_POINT('',#2998);
#2998 = CARTESIAN_POINT('',(1.1,0.68,0.4));
#2999 = CIRCLE('',#3000,0.15);
#3000 = AXIS2_PLACEMENT_3D('',#3001,#3002,#3003);
#3001 = CARTESIAN_POINT('',(1.1,0.68,0.25));
#3002 = DIRECTION('',(0.,-1.,0.));
#3003 = DIRECTION('',(0.,0.,-1.));
#3004 = ORIENTED_EDGE('',*,*,#3005,.T.);
#3005 = EDGE_CURVE('',#2997,#3006,#3008,.T.);
#3006 = VERTEX_POINT('',#3007);
#3007 = CARTESIAN_POINT('',(-1.1,0.68,0.4));
#3008 = LINE('',#3009,#3010);
#3009 = CARTESIAN_POINT('',(-1.1,0.68,0.4));
#3010 = VECTOR('',#3011,1.);
#3011 = DIRECTION('',(-1.,-0.,1.232047923279E-16));
#3012 = ORIENTED_EDGE('',*,*,#3013,.T.);
#3013 = EDGE_CURVE('',#3006,#3014,#3016,.T.);
#3014 = VERTEX_POINT('',#3015);
#3015 = CARTESIAN_POINT('',(-1.138405728739,0.68,0.395));
#3016 = CIRCLE('',#3017,0.15);
#3017 = AXIS2_PLACEMENT_3D('',#3018,#3019,#3020);
#3018 = CARTESIAN_POINT('',(-1.1,0.68,0.25));
#3019 = DIRECTION('',(0.,-1.,0.));
#3020 = DIRECTION('',(0.,0.,-1.));
#3021 = ORIENTED_EDGE('',*,*,#3022,.F.);
#3022 = EDGE_CURVE('',#3023,#3014,#3025,.T.);
#3023 = VERTEX_POINT('',#3024);
#3024 = CARTESIAN_POINT('',(-1.23,0.68,0.395));
#3025 = LINE('',#3026,#3027);
#3026 = CARTESIAN_POINT('',(-1.25,0.68,0.395));
#3027 = VECTOR('',#3028,1.);
#3028 = DIRECTION('',(1.,0.,3.614007241618E-16));
#3029 = ORIENTED_EDGE('',*,*,#3030,.T.);
#3030 = EDGE_CURVE('',#3023,#3031,#3033,.T.);
#3031 = VERTEX_POINT('',#3032);
#3032 = CARTESIAN_POINT('',(-1.25,0.68,0.375));
#3033 = CIRCLE('',#3034,2.E-02);
#3034 = AXIS2_PLACEMENT_3D('',#3035,#3036,#3037);
#3035 = CARTESIAN_POINT('',(-1.23,0.68,0.375));
#3036 = DIRECTION('',(0.,-1.,0.));
#3037 = DIRECTION('',(0.,0.,-1.));
#3038 = ORIENTED_EDGE('',*,*,#3039,.T.);
#3039 = EDGE_CURVE('',#3031,#3040,#3042,.T.);
#3040 = VERTEX_POINT('',#3041);
#3041 = CARTESIAN_POINT('',(-1.25,0.68,0.115));
#3042 = LINE('',#3043,#3044);
#3043 = CARTESIAN_POINT('',(-1.25,0.68,-0.25));
#3044 = VECTOR('',#3045,1.);
#3045 = DIRECTION('',(-0.,-0.,-1.));
#3046 = ORIENTED_EDGE('',*,*,#3047,.T.);
#3047 = EDGE_CURVE('',#3040,#2888,#3048,.T.);
#3048 = LINE('',#3049,#3050);
#3049 = CARTESIAN_POINT('',(-1.25,0.68,-0.25));
#3050 = VECTOR('',#3051,1.);
#3051 = DIRECTION('',(-0.,-0.,-1.));
#3052 = FACE_BOUND('',#3053,.T.);
#3053 = EDGE_LOOP('',(#3054,#3064,#3073,#3081,#3090,#3098,#3107,#3115));
#3054 = ORIENTED_EDGE('',*,*,#3055,.T.);
#3055 = EDGE_CURVE('',#3056,#3058,#3060,.T.);
#3056 = VERTEX_POINT('',#3057);
#3057 = CARTESIAN_POINT('',(-1.5,0.68,-0.45));
#3058 = VERTEX_POINT('',#3059);
#3059 = CARTESIAN_POINT('',(-1.5,0.68,0.45));
#3060 = LINE('',#3061,#3062);
#3061 = CARTESIAN_POINT('',(-1.5,0.68,0.45));
#3062 = VECTOR('',#3063,1.);
#3063 = DIRECTION('',(0.,0.,1.));
#3064 = ORIENTED_EDGE('',*,*,#3065,.T.);
#3065 = EDGE_CURVE('',#3058,#3066,#3068,.T.);
#3066 = VERTEX_POINT('',#3067);
#3067 = CARTESIAN_POINT('',(-1.3,0.68,0.65));
#3068 = CIRCLE('',#3069,0.2);
#3069 = AXIS2_PLACEMENT_3D('',#3070,#3071,#3072);
#3070 = CARTESIAN_POINT('',(-1.3,0.68,0.45));
#3071 = DIRECTION('',(-0.,1.,0.));
#3072 = DIRECTION('',(0.,0.,-1.));
#3073 = ORIENTED_EDGE('',*,*,#3074,.T.);
#3074 = EDGE_CURVE('',#3066,#3075,#3077,.T.);
#3075 = VERTEX_POINT('',#3076);
#3076 = CARTESIAN_POINT('',(1.3,0.68,0.65));
#3077 = LINE('',#3078,#3079);
#3078 = CARTESIAN_POINT('',(1.3,0.68,0.65));
#3079 = VECTOR('',#3080,1.);
#3080 = DIRECTION('',(1.,0.,-4.170008355713E-17));
#3081 = ORIENTED_EDGE('',*,*,#3082,.T.);
#3082 = EDGE_CURVE('',#3075,#3083,#3085,.T.);
#3083 = VERTEX_POINT('',#3084);
#3084 = CARTESIAN_POINT('',(1.5,0.68,0.45));
#3085 = CIRCLE('',#3086,0.2);
#3086 = AXIS2_PLACEMENT_3D('',#3087,#3088,#3089);
#3087 = CARTESIAN_POINT('',(1.3,0.68,0.45));
#3088 = DIRECTION('',(-0.,1.,0.));
#3089 = DIRECTION('',(0.,0.,-1.));
#3090 = ORIENTED_EDGE('',*,*,#3091,.T.);
#3091 = EDGE_CURVE('',#3083,#3092,#3094,.T.);
#3092 = VERTEX_POINT('',#3093);
#3093 = CARTESIAN_POINT('',(1.5,0.68,-0.45));
#3094 = LINE('',#3095,#3096);
#3095 = CARTESIAN_POINT('',(1.5,0.68,0.45));
#3096 = VECTOR('',#3097,1.);
#3097 = DIRECTION('',(0.,0.,-1.));
#3098 = ORIENTED_EDGE('',*,*,#3099,.T.);
#3099 = EDGE_CURVE('',#3092,#3100,#3102,.T.);
#3100 = VERTEX_POINT('',#3101);
#3101 = CARTESIAN_POINT('',(1.3,0.68,-0.65));
#3102 = CIRCLE('',#3103,0.2);
#3103 = AXIS2_PLACEMENT_3D('',#3104,#3105,#3106);
#3104 = CARTESIAN_POINT('',(1.3,0.68,-0.45));
#3105 = DIRECTION('',(0.,1.,-0.));
#3106 = DIRECTION('',(-3.252606517457E-15,-0.,-1.));
#3107 = ORIENTED_EDGE('',*,*,#3108,.T.);
#3108 = EDGE_CURVE('',#3100,#3109,#3111,.T.);
#3109 = VERTEX_POINT('',#3110);
#3110 = CARTESIAN_POINT('',(-1.3,0.68,-0.65));
#3111 = LINE('',#3112,#3113);
#3112 = CARTESIAN_POINT('',(1.3,0.68,-0.65));
#3113 = VECTOR('',#3114,1.);
#3114 = DIRECTION('',(-1.,0.,-4.170008355713E-17));
#3115 = ORIENTED_EDGE('',*,*,#3116,.T.);
#3116 = EDGE_CURVE('',#3109,#3056,#3117,.T.);
#3117 = CIRCLE('',#3118,0.2);
#3118 = AXIS2_PLACEMENT_3D('',#3119,#3120,#3121);
#3119 = CARTESIAN_POINT('',(-1.3,0.68,-0.45));
#3120 = DIRECTION('',(-0.,1.,0.));
#3121 = DIRECTION('',(0.,0.,-1.));
#3122 = PLANE('',#3123);
#3123 = AXIS2_PLACEMENT_3D('',#3124,#3125,#3126);
#3124 = CARTESIAN_POINT('',(1.3,0.68,0.45));
#3125 = DIRECTION('',(0.,-1.,0.));
#3126 = DIRECTION('',(0.,-0.,-1.));
#3127 = ADVANCED_FACE('',(#3128,#3398),#3468,.T.);
#3128 = FACE_BOUND('',#3129,.T.);
#3129 = EDGE_LOOP('',(#3130,#3140,#3149,#3157,#3166,#3174,#3183,#3191,
    #3199,#3207,#3216,#3224,#3233,#3241,#3250,#3258,#3266,#3274,#3283,
    #3291,#3300,#3308,#3317,#3325,#3333,#3341,#3350,#3358,#3367,#3375,
    #3384,#3392));
#3130 = ORIENTED_EDGE('',*,*,#3131,.F.);
#3131 = EDGE_CURVE('',#3132,#3134,#3136,.T.);
#3132 = VERTEX_POINT('',#3133);
#3133 = CARTESIAN_POINT('',(-1.1,0.6,-0.375));
#3134 = VERTEX_POINT('',#3135);
#3135 = CARTESIAN_POINT('',(-1.1,0.6,-0.35));
#3136 = LINE('',#3137,#3138);
#3137 = CARTESIAN_POINT('',(-1.1,0.6,-0.395));
#3138 = VECTOR('',#3139,1.);
#3139 = DIRECTION('',(0.,0.,1.));
#3140 = ORIENTED_EDGE('',*,*,#3141,.T.);
#3141 = EDGE_CURVE('',#3132,#3142,#3144,.T.);
#3142 = VERTEX_POINT('',#3143);
#3143 = CARTESIAN_POINT('',(-1.12,0.6,-0.395));
#3144 = CIRCLE('',#3145,2.E-02);
#3145 = AXIS2_PLACEMENT_3D('',#3146,#3147,#3148);
#3146 = CARTESIAN_POINT('',(-1.12,0.6,-0.375));
#3147 = DIRECTION('',(-0.,1.,0.));
#3148 = DIRECTION('',(0.,0.,-1.));
#3149 = ORIENTED_EDGE('',*,*,#3150,.F.);
#3150 = EDGE_CURVE('',#3151,#3142,#3153,.T.);
#3151 = VERTEX_POINT('',#3152);
#3152 = CARTESIAN_POINT('',(-1.23,0.6,-0.395));
#3153 = LINE('',#3154,#3155);
#3154 = CARTESIAN_POINT('',(-1.25,0.6,-0.395));
#3155 = VECTOR('',#3156,1.);
#3156 = DIRECTION('',(1.,0.,0.));
#3157 = ORIENTED_EDGE('',*,*,#3158,.T.);
#3158 = EDGE_CURVE('',#3151,#3159,#3161,.T.);
#3159 = VERTEX_POINT('',#3160);
#3160 = CARTESIAN_POINT('',(-1.25,0.6,-0.375));
#3161 = CIRCLE('',#3162,2.E-02);
#3162 = AXIS2_PLACEMENT_3D('',#3163,#3164,#3165);
#3163 = CARTESIAN_POINT('',(-1.23,0.6,-0.375));
#3164 = DIRECTION('',(-0.,1.,0.));
#3165 = DIRECTION('',(0.,0.,-1.));
#3166 = ORIENTED_EDGE('',*,*,#3167,.F.);
#3167 = EDGE_CURVE('',#3168,#3159,#3170,.T.);
#3168 = VERTEX_POINT('',#3169);
#3169 = CARTESIAN_POINT('',(-1.25,0.6,-0.115));
#3170 = LINE('',#3171,#3172);
#3171 = CARTESIAN_POINT('',(-1.25,0.6,-0.395));
#3172 = VECTOR('',#3173,1.);
#3173 = DIRECTION('',(0.,0.,-1.));
#3174 = ORIENTED_EDGE('',*,*,#3175,.T.);
#3175 = EDGE_CURVE('',#3168,#3176,#3178,.T.);
#3176 = VERTEX_POINT('',#3177);
#3177 = CARTESIAN_POINT('',(-1.23,0.6,-9.5E-02));
#3178 = CIRCLE('',#3179,2.E-02);
#3179 = AXIS2_PLACEMENT_3D('',#3180,#3181,#3182);
#3180 = CARTESIAN_POINT('',(-1.23,0.6,-0.115));
#3181 = DIRECTION('',(-0.,1.,0.));
#3182 = DIRECTION('',(0.,0.,-1.));
#3183 = ORIENTED_EDGE('',*,*,#3184,.F.);
#3184 = EDGE_CURVE('',#3185,#3176,#3187,.T.);
#3185 = VERTEX_POINT('',#3186);
#3186 = CARTESIAN_POINT('',(-1.2,0.6,-9.5E-02));
#3187 = LINE('',#3188,#3189);
#3188 = CARTESIAN_POINT('',(-1.25,0.6,-9.5E-02));
#3189 = VECTOR('',#3190,1.);
#3190 = DIRECTION('',(-1.,0.,0.));
#3191 = ORIENTED_EDGE('',*,*,#3192,.T.);
#3192 = EDGE_CURVE('',#3185,#3193,#3195,.T.);
#3193 = VERTEX_POINT('',#3194);
#3194 = CARTESIAN_POINT('',(-1.2,0.6,9.5E-02));
#3195 = LINE('',#3196,#3197);
#3196 = CARTESIAN_POINT('',(-1.2,0.6,0.25));
#3197 = VECTOR('',#3198,1.);
#3198 = DIRECTION('',(-0.,-0.,1.));
#3199 = ORIENTED_EDGE('',*,*,#3200,.F.);
#3200 = EDGE_CURVE('',#3201,#3193,#3203,.T.);
#3201 = VERTEX_POINT('',#3202);
#3202 = CARTESIAN_POINT('',(-1.23,0.6,9.5E-02));
#3203 = LINE('',#3204,#3205);
#3204 = CARTESIAN_POINT('',(-1.25,0.6,9.5E-02));
#3205 = VECTOR('',#3206,1.);
#3206 = DIRECTION('',(1.,0.,-3.614007241618E-16));
#3207 = ORIENTED_EDGE('',*,*,#3208,.T.);
#3208 = EDGE_CURVE('',#3201,#3209,#3211,.T.);
#3209 = VERTEX_POINT('',#3210);
#3210 = CARTESIAN_POINT('',(-1.25,0.6,0.115));
#3211 = CIRCLE('',#3212,2.E-02);
#3212 = AXIS2_PLACEMENT_3D('',#3213,#3214,#3215);
#3213 = CARTESIAN_POINT('',(-1.23,0.6,0.115));
#3214 = DIRECTION('',(-0.,1.,0.));
#3215 = DIRECTION('',(0.,0.,-1.));
#3216 = ORIENTED_EDGE('',*,*,#3217,.F.);
#3217 = EDGE_CURVE('',#3218,#3209,#3220,.T.);
#3218 = VERTEX_POINT('',#3219);
#3219 = CARTESIAN_POINT('',(-1.25,0.6,0.375));
#3220 = LINE('',#3221,#3222);
#3221 = CARTESIAN_POINT('',(-1.25,0.6,9.5E-02));
#3222 = VECTOR('',#3223,1.);
#3223 = DIRECTION('',(0.,0.,-1.));
#3224 = ORIENTED_EDGE('',*,*,#3225,.T.);
#3225 = EDGE_CURVE('',#3218,#3226,#3228,.T.);
#3226 = VERTEX_POINT('',#3227);
#3227 = CARTESIAN_POINT('',(-1.23,0.6,0.395));
#3228 = CIRCLE('',#3229,2.E-02);
#3229 = AXIS2_PLACEMENT_3D('',#3230,#3231,#3232);
#3230 = CARTESIAN_POINT('',(-1.23,0.6,0.375));
#3231 = DIRECTION('',(-0.,1.,0.));
#3232 = DIRECTION('',(0.,0.,-1.));
#3233 = ORIENTED_EDGE('',*,*,#3234,.F.);
#3234 = EDGE_CURVE('',#3235,#3226,#3237,.T.);
#3235 = VERTEX_POINT('',#3236);
#3236 = CARTESIAN_POINT('',(-1.12,0.6,0.395));
#3237 = LINE('',#3238,#3239);
#3238 = CARTESIAN_POINT('',(-1.25,0.6,0.395));
#3239 = VECTOR('',#3240,1.);
#3240 = DIRECTION('',(-1.,0.,-3.614007241618E-16));
#3241 = ORIENTED_EDGE('',*,*,#3242,.T.);
#3242 = EDGE_CURVE('',#3235,#3243,#3245,.T.);
#3243 = VERTEX_POINT('',#3244);
#3244 = CARTESIAN_POINT('',(-1.1,0.6,0.375));
#3245 = CIRCLE('',#3246,2.E-02);
#3246 = AXIS2_PLACEMENT_3D('',#3247,#3248,#3249);
#3247 = CARTESIAN_POINT('',(-1.12,0.6,0.375));
#3248 = DIRECTION('',(-0.,1.,0.));
#3249 = DIRECTION('',(0.,0.,-1.));
#3250 = ORIENTED_EDGE('',*,*,#3251,.F.);
#3251 = EDGE_CURVE('',#3252,#3243,#3254,.T.);
#3252 = VERTEX_POINT('',#3253);
#3253 = CARTESIAN_POINT('',(-1.1,0.6,0.35));
#3254 = LINE('',#3255,#3256);
#3255 = CARTESIAN_POINT('',(-1.1,0.6,9.5E-02));
#3256 = VECTOR('',#3257,1.);
#3257 = DIRECTION('',(0.,0.,1.));
#3258 = ORIENTED_EDGE('',*,*,#3259,.T.);
#3259 = EDGE_CURVE('',#3252,#3260,#3262,.T.);
#3260 = VERTEX_POINT('',#3261);
#3261 = CARTESIAN_POINT('',(1.1,0.6,0.35));
#3262 = LINE('',#3263,#3264);
#3263 = CARTESIAN_POINT('',(1.1,0.6,0.35));
#3264 = VECTOR('',#3265,1.);
#3265 = DIRECTION('',(1.,-0.,-1.232047923279E-16));
#3266 = ORIENTED_EDGE('',*,*,#3267,.F.);
#3267 = EDGE_CURVE('',#3268,#3260,#3270,.T.);
#3268 = VERTEX_POINT('',#3269);
#3269 = CARTESIAN_POINT('',(1.1,0.6,0.375));
#3270 = LINE('',#3271,#3272);
#3271 = CARTESIAN_POINT('',(1.1,0.6,9.5E-02));
#3272 = VECTOR('',#3273,1.);
#3273 = DIRECTION('',(0.,0.,-1.));
#3274 = ORIENTED_EDGE('',*,*,#3275,.T.);
#3275 = EDGE_CURVE('',#3268,#3276,#3278,.T.);
#3276 = VERTEX_POINT('',#3277);
#3277 = CARTESIAN_POINT('',(1.12,0.6,0.395));
#3278 = CIRCLE('',#3279,2.E-02);
#3279 = AXIS2_PLACEMENT_3D('',#3280,#3281,#3282);
#3280 = CARTESIAN_POINT('',(1.12,0.6,0.375));
#3281 = DIRECTION('',(-0.,1.,0.));
#3282 = DIRECTION('',(0.,0.,-1.));
#3283 = ORIENTED_EDGE('',*,*,#3284,.F.);
#3284 = EDGE_CURVE('',#3285,#3276,#3287,.T.);
#3285 = VERTEX_POINT('',#3286);
#3286 = CARTESIAN_POINT('',(1.23,0.6,0.395));
#3287 = LINE('',#3288,#3289);
#3288 = CARTESIAN_POINT('',(1.1,0.6,0.395));
#3289 = VECTOR('',#3290,1.);
#3290 = DIRECTION('',(-1.,0.,3.614007241618E-16));
#3291 = ORIENTED_EDGE('',*,*,#3292,.T.);
#3292 = EDGE_CURVE('',#3285,#3293,#3295,.T.);
#3293 = VERTEX_POINT('',#3294);
#3294 = CARTESIAN_POINT('',(1.25,0.6,0.375));
#3295 = CIRCLE('',#3296,2.E-02);
#3296 = AXIS2_PLACEMENT_3D('',#3297,#3298,#3299);
#3297 = CARTESIAN_POINT('',(1.23,0.6,0.375));
#3298 = DIRECTION('',(-0.,1.,0.));
#3299 = DIRECTION('',(0.,0.,-1.));
#3300 = ORIENTED_EDGE('',*,*,#3301,.F.);
#3301 = EDGE_CURVE('',#3302,#3293,#3304,.T.);
#3302 = VERTEX_POINT('',#3303);
#3303 = CARTESIAN_POINT('',(1.25,0.6,0.115));
#3304 = LINE('',#3305,#3306);
#3305 = CARTESIAN_POINT('',(1.25,0.6,9.5E-02));
#3306 = VECTOR('',#3307,1.);
#3307 = DIRECTION('',(0.,0.,1.));
#3308 = ORIENTED_EDGE('',*,*,#3309,.T.);
#3309 = EDGE_CURVE('',#3302,#3310,#3312,.T.);
#3310 = VERTEX_POINT('',#3311);
#3311 = CARTESIAN_POINT('',(1.23,0.6,9.5E-02));
#3312 = CIRCLE('',#3313,2.E-02);
#3313 = AXIS2_PLACEMENT_3D('',#3314,#3315,#3316);
#3314 = CARTESIAN_POINT('',(1.23,0.6,0.115));
#3315 = DIRECTION('',(-0.,1.,0.));
#3316 = DIRECTION('',(0.,0.,-1.));
#3317 = ORIENTED_EDGE('',*,*,#3318,.F.);
#3318 = EDGE_CURVE('',#3319,#3310,#3321,.T.);
#3319 = VERTEX_POINT('',#3320);
#3320 = CARTESIAN_POINT('',(1.2,0.6,9.5E-02));
#3321 = LINE('',#3322,#3323);
#3322 = CARTESIAN_POINT('',(1.1,0.6,9.5E-02));
#3323 = VECTOR('',#3324,1.);
#3324 = DIRECTION('',(1.,0.,-3.614007241618E-16));
#3325 = ORIENTED_EDGE('',*,*,#3326,.T.);
#3326 = EDGE_CURVE('',#3319,#3327,#3329,.T.);
#3327 = VERTEX_POINT('',#3328);
#3328 = CARTESIAN_POINT('',(1.2,0.6,-9.5E-02));
#3329 = LINE('',#3330,#3331);
#3330 = CARTESIAN_POINT('',(1.2,0.6,0.25));
#3331 = VECTOR('',#3332,1.);
#3332 = DIRECTION('',(0.,0.,-1.));
#3333 = ORIENTED_EDGE('',*,*,#3334,.F.);
#3334 = EDGE_CURVE('',#3335,#3327,#3337,.T.);
#3335 = VERTEX_POINT('',#3336);
#3336 = CARTESIAN_POINT('',(1.23,0.6,-9.5E-02));
#3337 = LINE('',#3338,#3339);
#3338 = CARTESIAN_POINT('',(1.1,0.6,-9.5E-02));
#3339 = VECTOR('',#3340,1.);
#3340 = DIRECTION('',(-1.,0.,3.614007241618E-16));
#3341 = ORIENTED_EDGE('',*,*,#3342,.T.);
#3342 = EDGE_CURVE('',#3335,#3343,#3345,.T.);
#3343 = VERTEX_POINT('',#3344);
#3344 = CARTESIAN_POINT('',(1.25,0.6,-0.115));
#3345 = CIRCLE('',#3346,2.E-02);
#3346 = AXIS2_PLACEMENT_3D('',#3347,#3348,#3349);
#3347 = CARTESIAN_POINT('',(1.23,0.6,-0.115));
#3348 = DIRECTION('',(-0.,1.,0.));
#3349 = DIRECTION('',(0.,0.,-1.));
#3350 = ORIENTED_EDGE('',*,*,#3351,.F.);
#3351 = EDGE_CURVE('',#3352,#3343,#3354,.T.);
#3352 = VERTEX_POINT('',#3353);
#3353 = CARTESIAN_POINT('',(1.25,0.6,-0.375));
#3354 = LINE('',#3355,#3356);
#3355 = CARTESIAN_POINT('',(1.25,0.6,-0.395));
#3356 = VECTOR('',#3357,1.);
#3357 = DIRECTION('',(0.,0.,1.));
#3358 = ORIENTED_EDGE('',*,*,#3359,.T.);
#3359 = EDGE_CURVE('',#3352,#3360,#3362,.T.);
#3360 = VERTEX_POINT('',#3361);
#3361 = CARTESIAN_POINT('',(1.23,0.6,-0.395));
#3362 = CIRCLE('',#3363,2.E-02);
#3363 = AXIS2_PLACEMENT_3D('',#3364,#3365,#3366);
#3364 = CARTESIAN_POINT('',(1.23,0.6,-0.375));
#3365 = DIRECTION('',(-0.,1.,0.));
#3366 = DIRECTION('',(0.,0.,-1.));
#3367 = ORIENTED_EDGE('',*,*,#3368,.F.);
#3368 = EDGE_CURVE('',#3369,#3360,#3371,.T.);
#3369 = VERTEX_POINT('',#3370);
#3370 = CARTESIAN_POINT('',(1.12,0.6,-0.395));
#3371 = LINE('',#3372,#3373);
#3372 = CARTESIAN_POINT('',(1.1,0.6,-0.395));
#3373 = VECTOR('',#3374,1.);
#3374 = DIRECTION('',(1.,0.,-3.614007241618E-16));
#3375 = ORIENTED_EDGE('',*,*,#3376,.T.);
#3376 = EDGE_CURVE('',#3369,#3377,#3379,.T.);
#3377 = VERTEX_POINT('',#3378);
#3378 = CARTESIAN_POINT('',(1.1,0.6,-0.375));
#3379 = CIRCLE('',#3380,2.E-02);
#3380 = AXIS2_PLACEMENT_3D('',#3381,#3382,#3383);
#3381 = CARTESIAN_POINT('',(1.12,0.6,-0.375));
#3382 = DIRECTION('',(-0.,1.,0.));
#3383 = DIRECTION('',(0.,0.,-1.));
#3384 = ORIENTED_EDGE('',*,*,#3385,.F.);
#3385 = EDGE_CURVE('',#3386,#3377,#3388,.T.);
#3386 = VERTEX_POINT('',#3387);
#3387 = CARTESIAN_POINT('',(1.1,0.6,-0.35));
#3388 = LINE('',#3389,#3390);
#3389 = CARTESIAN_POINT('',(1.1,0.6,-0.395));
#3390 = VECTOR('',#3391,1.);
#3391 = DIRECTION('',(0.,0.,-1.));
#3392 = ORIENTED_EDGE('',*,*,#3393,.T.);
#3393 = EDGE_CURVE('',#3386,#3134,#3394,.T.);
#3394 = LINE('',#3395,#3396);
#3395 = CARTESIAN_POINT('',(1.1,0.6,-0.35));
#3396 = VECTOR('',#3397,1.);
#3397 = DIRECTION('',(-1.,0.,1.232047923279E-16));
#3398 = FACE_BOUND('',#3399,.T.);
#3399 = EDGE_LOOP('',(#3400,#3411,#3419,#3428,#3436,#3445,#3453,#3462));
#3400 = ORIENTED_EDGE('',*,*,#3401,.F.);
#3401 = EDGE_CURVE('',#3402,#3404,#3406,.T.);
#3402 = VERTEX_POINT('',#3403);
#3403 = CARTESIAN_POINT('',(1.3,0.6,0.7));
#3404 = VERTEX_POINT('',#3405);
#3405 = CARTESIAN_POINT('',(1.55,0.6,0.45));
#3406 = CIRCLE('',#3407,0.25);
#3407 = AXIS2_PLACEMENT_3D('',#3408,#3409,#3410);
#3408 = CARTESIAN_POINT('',(1.3,0.6,0.45));
#3409 = DIRECTION('',(-0.,1.,0.));
#3410 = DIRECTION('',(0.,0.,-1.));
#3411 = ORIENTED_EDGE('',*,*,#3412,.F.);
#3412 = EDGE_CURVE('',#3413,#3402,#3415,.T.);
#3413 = VERTEX_POINT('',#3414);
#3414 = CARTESIAN_POINT('',(-1.3,0.6,0.7));
#3415 = LINE('',#3416,#3417);
#3416 = CARTESIAN_POINT('',(-1.3,0.6,0.7));
#3417 = VECTOR('',#3418,1.);
#3418 = DIRECTION('',(1.,0.,-4.170008355713E-17));
#3419 = ORIENTED_EDGE('',*,*,#3420,.F.);
#3420 = EDGE_CURVE('',#3421,#3413,#3423,.T.);
#3421 = VERTEX_POINT('',#3422);
#3422 = CARTESIAN_POINT('',(-1.55,0.6,0.45));
#3423 = CIRCLE('',#3424,0.25);
#3424 = AXIS2_PLACEMENT_3D('',#3425,#3426,#3427);
#3425 = CARTESIAN_POINT('',(-1.3,0.6,0.45));
#3426 = DIRECTION('',(-0.,1.,0.));
#3427 = DIRECTION('',(0.,0.,-1.));
#3428 = ORIENTED_EDGE('',*,*,#3429,.F.);
#3429 = EDGE_CURVE('',#3430,#3421,#3432,.T.);
#3430 = VERTEX_POINT('',#3431);
#3431 = CARTESIAN_POINT('',(-1.55,0.6,-0.45));
#3432 = LINE('',#3433,#3434);
#3433 = CARTESIAN_POINT('',(-1.55,0.6,-0.45));
#3434 = VECTOR('',#3435,1.);
#3435 = DIRECTION('',(0.,0.,1.));
#3436 = ORIENTED_EDGE('',*,*,#3437,.F.);
#3437 = EDGE_CURVE('',#3438,#3430,#3440,.T.);
#3438 = VERTEX_POINT('',#3439);
#3439 = CARTESIAN_POINT('',(-1.3,0.6,-0.7));
#3440 = CIRCLE('',#3441,0.25);
#3441 = AXIS2_PLACEMENT_3D('',#3442,#3443,#3444);
#3442 = CARTESIAN_POINT('',(-1.3,0.6,-0.45));
#3443 = DIRECTION('',(-0.,1.,0.));
#3444 = DIRECTION('',(0.,0.,-1.));
#3445 = ORIENTED_EDGE('',*,*,#3446,.F.);
#3446 = EDGE_CURVE('',#3447,#3438,#3449,.T.);
#3447 = VERTEX_POINT('',#3448);
#3448 = CARTESIAN_POINT('',(1.3,0.6,-0.7));
#3449 = LINE('',#3450,#3451);
#3450 = CARTESIAN_POINT('',(-1.3,0.6,-0.7));
#3451 = VECTOR('',#3452,1.);
#3452 = DIRECTION('',(-1.,-0.,-4.170008355713E-17));
#3453 = ORIENTED_EDGE('',*,*,#3454,.F.);
#3454 = EDGE_CURVE('',#3455,#3447,#3457,.T.);
#3455 = VERTEX_POINT('',#3456);
#3456 = CARTESIAN_POINT('',(1.55,0.6,-0.45));
#3457 = CIRCLE('',#3458,0.25);
#3458 = AXIS2_PLACEMENT_3D('',#3459,#3460,#3461);
#3459 = CARTESIAN_POINT('',(1.3,0.6,-0.45));
#3460 = DIRECTION('',(-0.,1.,0.));
#3461 = DIRECTION('',(0.,0.,-1.));
#3462 = ORIENTED_EDGE('',*,*,#3463,.F.);
#3463 = EDGE_CURVE('',#3404,#3455,#3464,.T.);
#3464 = LINE('',#3465,#3466);
#3465 = CARTESIAN_POINT('',(1.55,0.6,-0.45));
#3466 = VECTOR('',#3467,1.);
#3467 = DIRECTION('',(-0.,-0.,-1.));
#3468 = PLANE('',#3469);
#3469 = AXIS2_PLACEMENT_3D('',#3470,#3471,#3472);
#3470 = CARTESIAN_POINT('',(1.3,0.6,0.45));
#3471 = DIRECTION('',(0.,-1.,0.));
#3472 = DIRECTION('',(0.,-0.,-1.));
#3473 = ADVANCED_FACE('',(#3474),#3500,.T.);
#3474 = FACE_BOUND('',#3475,.T.);
#3475 = EDGE_LOOP('',(#3476,#3484,#3493,#3499));
#3476 = ORIENTED_EDGE('',*,*,#3477,.F.);
#3477 = EDGE_CURVE('',#3478,#3404,#3480,.T.);
#3478 = VERTEX_POINT('',#3479);
#3479 = CARTESIAN_POINT('',(1.55,0.63,0.45));
#3480 = LINE('',#3481,#3482);
#3481 = CARTESIAN_POINT('',(1.55,0.68,0.45));
#3482 = VECTOR('',#3483,1.);
#3483 = DIRECTION('',(-0.,-1.,-0.));
#3484 = ORIENTED_EDGE('',*,*,#3485,.T.);
#3485 = EDGE_CURVE('',#3478,#3486,#3488,.T.);
#3486 = VERTEX_POINT('',#3487);
#3487 = CARTESIAN_POINT('',(1.3,0.63,0.7));
#3488 = CIRCLE('',#3489,0.25);
#3489 = AXIS2_PLACEMENT_3D('',#3490,#3491,#3492);
#3490 = CARTESIAN_POINT('',(1.3,0.63,0.45));
#3491 = DIRECTION('',(0.,-1.,0.));
#3492 = DIRECTION('',(0.,0.,-1.));
#3493 = ORIENTED_EDGE('',*,*,#3494,.T.);
#3494 = EDGE_CURVE('',#3486,#3402,#3495,.T.);
#3495 = LINE('',#3496,#3497);
#3496 = CARTESIAN_POINT('',(1.3,0.68,0.7));
#3497 = VECTOR('',#3498,1.);
#3498 = DIRECTION('',(-0.,-1.,-0.));
#3499 = ORIENTED_EDGE('',*,*,#3401,.T.);
#3500 = CYLINDRICAL_SURFACE('',#3501,0.25);
#3501 = AXIS2_PLACEMENT_3D('',#3502,#3503,#3504);
#3502 = CARTESIAN_POINT('',(1.3,0.68,0.45));
#3503 = DIRECTION('',(-0.,-1.,-0.));
#3504 = DIRECTION('',(0.,0.,-1.));
#3505 = ADVANCED_FACE('',(#3506),#3524,.F.);
#3506 = FACE_BOUND('',#3507,.T.);
#3507 = EDGE_LOOP('',(#3508,#3516,#3522,#3523));
#3508 = ORIENTED_EDGE('',*,*,#3509,.F.);
#3509 = EDGE_CURVE('',#3510,#3455,#3512,.T.);
#3510 = VERTEX_POINT('',#3511);
#3511 = CARTESIAN_POINT('',(1.55,0.63,-0.45));
#3512 = LINE('',#3513,#3514);
#3513 = CARTESIAN_POINT('',(1.55,0.68,-0.45));
#3514 = VECTOR('',#3515,1.);
#3515 = DIRECTION('',(-0.,-1.,-0.));
#3516 = ORIENTED_EDGE('',*,*,#3517,.T.);
#3517 = EDGE_CURVE('',#3510,#3478,#3518,.T.);
#3518 = LINE('',#3519,#3520);
#3519 = CARTESIAN_POINT('',(1.55,0.63,-0.45));
#3520 = VECTOR('',#3521,1.);
#3521 = DIRECTION('',(-0.,-0.,1.));
#3522 = ORIENTED_EDGE('',*,*,#3477,.T.);
#3523 = ORIENTED_EDGE('',*,*,#3463,.T.);
#3524 = PLANE('',#3525);
#3525 = AXIS2_PLACEMENT_3D('',#3526,#3527,#3528);
#3526 = CARTESIAN_POINT('',(1.55,0.68,-0.45));
#3527 = DIRECTION('',(-1.,0.,0.));
#3528 = DIRECTION('',(0.,0.,1.));
#3529 = ADVANCED_FACE('',(#3530),#3549,.T.);
#3530 = FACE_BOUND('',#3531,.T.);
#3531 = EDGE_LOOP('',(#3532,#3540,#3547,#3548));
#3532 = ORIENTED_EDGE('',*,*,#3533,.F.);
#3533 = EDGE_CURVE('',#3534,#3447,#3536,.T.);
#3534 = VERTEX_POINT('',#3535);
#3535 = CARTESIAN_POINT('',(1.3,0.63,-0.7));
#3536 = LINE('',#3537,#3538);
#3537 = CARTESIAN_POINT('',(1.3,0.68,-0.7));
#3538 = VECTOR('',#3539,1.);
#3539 = DIRECTION('',(-0.,-1.,-0.));
#3540 = ORIENTED_EDGE('',*,*,#3541,.T.);
#3541 = EDGE_CURVE('',#3534,#3510,#3542,.T.);
#3542 = CIRCLE('',#3543,0.25);
#3543 = AXIS2_PLACEMENT_3D('',#3544,#3545,#3546);
#3544 = CARTESIAN_POINT('',(1.3,0.63,-0.45));
#3545 = DIRECTION('',(0.,-1.,0.));
#3546 = DIRECTION('',(0.,0.,-1.));
#3547 = ORIENTED_EDGE('',*,*,#3509,.T.);
#3548 = ORIENTED_EDGE('',*,*,#3454,.T.);
#3549 = CYLINDRICAL_SURFACE('',#3550,0.25);
#3550 = AXIS2_PLACEMENT_3D('',#3551,#3552,#3553);
#3551 = CARTESIAN_POINT('',(1.3,0.68,-0.45));
#3552 = DIRECTION('',(-0.,-1.,-0.));
#3553 = DIRECTION('',(0.,0.,-1.));
#3554 = ADVANCED_FACE('',(#3555),#3573,.F.);
#3555 = FACE_BOUND('',#3556,.T.);
#3556 = EDGE_LOOP('',(#3557,#3565,#3571,#3572));
#3557 = ORIENTED_EDGE('',*,*,#3558,.F.);
#3558 = EDGE_CURVE('',#3559,#3438,#3561,.T.);
#3559 = VERTEX_POINT('',#3560);
#3560 = CARTESIAN_POINT('',(-1.3,0.63,-0.7));
#3561 = LINE('',#3562,#3563);
#3562 = CARTESIAN_POINT('',(-1.3,0.68,-0.7));
#3563 = VECTOR('',#3564,1.);
#3564 = DIRECTION('',(-0.,-1.,-0.));
#3565 = ORIENTED_EDGE('',*,*,#3566,.T.);
#3566 = EDGE_CURVE('',#3559,#3534,#3567,.T.);
#3567 = LINE('',#3568,#3569);
#3568 = CARTESIAN_POINT('',(-1.3,0.63,-0.7));
#3569 = VECTOR('',#3570,1.);
#3570 = DIRECTION('',(1.,-0.,4.170008355713E-17));
#3571 = ORIENTED_EDGE('',*,*,#3533,.T.);
#3572 = ORIENTED_EDGE('',*,*,#3446,.T.);
#3573 = PLANE('',#3574);
#3574 = AXIS2_PLACEMENT_3D('',#3575,#3576,#3577);
#3575 = CARTESIAN_POINT('',(-1.3,0.68,-0.7));
#3576 = DIRECTION('',(-4.170008355713E-17,0.,1.));
#3577 = DIRECTION('',(1.,0.,4.170008355713E-17));
#3578 = ADVANCED_FACE('',(#3579),#3598,.T.);
#3579 = FACE_BOUND('',#3580,.T.);
#3580 = EDGE_LOOP('',(#3581,#3589,#3596,#3597));
#3581 = ORIENTED_EDGE('',*,*,#3582,.F.);
#3582 = EDGE_CURVE('',#3583,#3430,#3585,.T.);
#3583 = VERTEX_POINT('',#3584);
#3584 = CARTESIAN_POINT('',(-1.55,0.63,-0.45));
#3585 = LINE('',#3586,#3587);
#3586 = CARTESIAN_POINT('',(-1.55,0.68,-0.45));
#3587 = VECTOR('',#3588,1.);
#3588 = DIRECTION('',(-0.,-1.,-0.));
#3589 = ORIENTED_EDGE('',*,*,#3590,.T.);
#3590 = EDGE_CURVE('',#3583,#3559,#3591,.T.);
#3591 = CIRCLE('',#3592,0.25);
#3592 = AXIS2_PLACEMENT_3D('',#3593,#3594,#3595);
#3593 = CARTESIAN_POINT('',(-1.3,0.63,-0.45));
#3594 = DIRECTION('',(0.,-1.,0.));
#3595 = DIRECTION('',(0.,0.,-1.));
#3596 = ORIENTED_EDGE('',*,*,#3558,.T.);
#3597 = ORIENTED_EDGE('',*,*,#3437,.T.);
#3598 = CYLINDRICAL_SURFACE('',#3599,0.25);
#3599 = AXIS2_PLACEMENT_3D('',#3600,#3601,#3602);
#3600 = CARTESIAN_POINT('',(-1.3,0.68,-0.45));
#3601 = DIRECTION('',(-0.,-1.,-0.));
#3602 = DIRECTION('',(0.,0.,-1.));
#3603 = ADVANCED_FACE('',(#3604),#3622,.F.);
#3604 = FACE_BOUND('',#3605,.T.);
#3605 = EDGE_LOOP('',(#3606,#3614,#3620,#3621));
#3606 = ORIENTED_EDGE('',*,*,#3607,.F.);
#3607 = EDGE_CURVE('',#3608,#3421,#3610,.T.);
#3608 = VERTEX_POINT('',#3609);
#3609 = CARTESIAN_POINT('',(-1.55,0.63,0.45));
#3610 = LINE('',#3611,#3612);
#3611 = CARTESIAN_POINT('',(-1.55,0.68,0.45));
#3612 = VECTOR('',#3613,1.);
#3613 = DIRECTION('',(-0.,-1.,-0.));
#3614 = ORIENTED_EDGE('',*,*,#3615,.T.);
#3615 = EDGE_CURVE('',#3608,#3583,#3616,.T.);
#3616 = LINE('',#3617,#3618);
#3617 = CARTESIAN_POINT('',(-1.55,0.63,-0.45));
#3618 = VECTOR('',#3619,1.);
#3619 = DIRECTION('',(-0.,-0.,-1.));
#3620 = ORIENTED_EDGE('',*,*,#3582,.T.);
#3621 = ORIENTED_EDGE('',*,*,#3429,.T.);
#3622 = PLANE('',#3623);
#3623 = AXIS2_PLACEMENT_3D('',#3624,#3625,#3626);
#3624 = CARTESIAN_POINT('',(-1.55,0.68,-0.45));
#3625 = DIRECTION('',(1.,0.,0.));
#3626 = DIRECTION('',(0.,0.,-1.));
#3627 = ADVANCED_FACE('',(#3628),#3647,.T.);
#3628 = FACE_BOUND('',#3629,.T.);
#3629 = EDGE_LOOP('',(#3630,#3638,#3645,#3646));
#3630 = ORIENTED_EDGE('',*,*,#3631,.F.);
#3631 = EDGE_CURVE('',#3632,#3413,#3634,.T.);
#3632 = VERTEX_POINT('',#3633);
#3633 = CARTESIAN_POINT('',(-1.3,0.63,0.7));
#3634 = LINE('',#3635,#3636);
#3635 = CARTESIAN_POINT('',(-1.3,0.68,0.7));
#3636 = VECTOR('',#3637,1.);
#3637 = DIRECTION('',(-0.,-1.,-0.));
#3638 = ORIENTED_EDGE('',*,*,#3639,.T.);
#3639 = EDGE_CURVE('',#3632,#3608,#3640,.T.);
#3640 = CIRCLE('',#3641,0.25);
#3641 = AXIS2_PLACEMENT_3D('',#3642,#3643,#3644);
#3642 = CARTESIAN_POINT('',(-1.3,0.63,0.45));
#3643 = DIRECTION('',(0.,-1.,0.));
#3644 = DIRECTION('',(0.,0.,-1.));
#3645 = ORIENTED_EDGE('',*,*,#3607,.T.);
#3646 = ORIENTED_EDGE('',*,*,#3420,.T.);
#3647 = CYLINDRICAL_SURFACE('',#3648,0.25);
#3648 = AXIS2_PLACEMENT_3D('',#3649,#3650,#3651);
#3649 = CARTESIAN_POINT('',(-1.3,0.68,0.45));
#3650 = DIRECTION('',(-0.,-1.,-0.));
#3651 = DIRECTION('',(0.,0.,-1.));
#3652 = ADVANCED_FACE('',(#3653),#3664,.F.);
#3653 = FACE_BOUND('',#3654,.T.);
#3654 = EDGE_LOOP('',(#3655,#3656,#3662,#3663));
#3655 = ORIENTED_EDGE('',*,*,#3494,.F.);
#3656 = ORIENTED_EDGE('',*,*,#3657,.T.);
#3657 = EDGE_CURVE('',#3486,#3632,#3658,.T.);
#3658 = LINE('',#3659,#3660);
#3659 = CARTESIAN_POINT('',(-1.3,0.63,0.7));
#3660 = VECTOR('',#3661,1.);
#3661 = DIRECTION('',(-1.,-0.,4.170008355713E-17));
#3662 = ORIENTED_EDGE('',*,*,#3631,.T.);
#3663 = ORIENTED_EDGE('',*,*,#3412,.T.);
#3664 = PLANE('',#3665);
#3665 = AXIS2_PLACEMENT_3D('',#3666,#3667,#3668);
#3666 = CARTESIAN_POINT('',(-1.3,0.68,0.7));
#3667 = DIRECTION('',(-4.170008355713E-17,0.,-1.));
#3668 = DIRECTION('',(-1.,0.,4.170008355713E-17));
#3669 = ADVANCED_FACE('',(#3670),#3695,.T.);
#3670 = FACE_BOUND('',#3671,.T.);
#3671 = EDGE_LOOP('',(#3672,#3680,#3688,#3694));
#3672 = ORIENTED_EDGE('',*,*,#3673,.F.);
#3673 = EDGE_CURVE('',#3674,#3386,#3676,.T.);
#3674 = VERTEX_POINT('',#3675);
#3675 = CARTESIAN_POINT('',(1.1,0.63,-0.35));
#3676 = LINE('',#3677,#3678);
#3677 = CARTESIAN_POINT('',(1.1,0.68,-0.35));
#3678 = VECTOR('',#3679,1.);
#3679 = DIRECTION('',(-0.,-1.,-0.));
#3680 = ORIENTED_EDGE('',*,*,#3681,.T.);
#3681 = EDGE_CURVE('',#3674,#3682,#3684,.T.);
#3682 = VERTEX_POINT('',#3683);
#3683 = CARTESIAN_POINT('',(-1.1,0.63,-0.35));
#3684 = LINE('',#3685,#3686);
#3685 = CARTESIAN_POINT('',(-1.1,0.63,-0.35));
#3686 = VECTOR('',#3687,1.);
#3687 = DIRECTION('',(-1.,0.,1.232047923279E-16));
#3688 = ORIENTED_EDGE('',*,*,#3689,.T.);
#3689 = EDGE_CURVE('',#3682,#3134,#3690,.T.);
#3690 = LINE('',#3691,#3692);
#3691 = CARTESIAN_POINT('',(-1.1,0.68,-0.35));
#3692 = VECTOR('',#3693,1.);
#3693 = DIRECTION('',(-0.,-1.,-0.));
#3694 = ORIENTED_EDGE('',*,*,#3393,.F.);
#3695 = PLANE('',#3696);
#3696 = AXIS2_PLACEMENT_3D('',#3697,#3698,#3699);
#3697 = CARTESIAN_POINT('',(1.1,0.68,-0.35));
#3698 = DIRECTION('',(1.232047923279E-16,-0.,1.));
#3699 = DIRECTION('',(1.,0.,-1.232047923279E-16));
#3700 = ADVANCED_FACE('',(#3701),#3726,.T.);
#3701 = FACE_BOUND('',#3702,.T.);
#3702 = EDGE_LOOP('',(#3703,#3711,#3719,#3725));
#3703 = ORIENTED_EDGE('',*,*,#3704,.F.);
#3704 = EDGE_CURVE('',#3705,#3185,#3707,.T.);
#3705 = VERTEX_POINT('',#3706);
#3706 = CARTESIAN_POINT('',(-1.2,0.63,-9.5E-02));
#3707 = LINE('',#3708,#3709);
#3708 = CARTESIAN_POINT('',(-1.2,0.68,-9.5E-02));
#3709 = VECTOR('',#3710,1.);
#3710 = DIRECTION('',(0.,-1.,0.));
#3711 = ORIENTED_EDGE('',*,*,#3712,.T.);
#3712 = EDGE_CURVE('',#3705,#3713,#3715,.T.);
#3713 = VERTEX_POINT('',#3714);
#3714 = CARTESIAN_POINT('',(-1.2,0.63,9.5E-02));
#3715 = LINE('',#3716,#3717);
#3716 = CARTESIAN_POINT('',(-1.2,0.63,0.25));
#3717 = VECTOR('',#3718,1.);
#3718 = DIRECTION('',(0.,0.,1.));
#3719 = ORIENTED_EDGE('',*,*,#3720,.F.);
#3720 = EDGE_CURVE('',#3193,#3713,#3721,.T.);
#3721 = LINE('',#3722,#3723);
#3722 = CARTESIAN_POINT('',(-1.2,0.68,9.5E-02));
#3723 = VECTOR('',#3724,1.);
#3724 = DIRECTION('',(0.,1.,0.));
#3725 = ORIENTED_EDGE('',*,*,#3192,.F.);
#3726 = PLANE('',#3727);
#3727 = AXIS2_PLACEMENT_3D('',#3728,#3729,#3730);
#3728 = CARTESIAN_POINT('',(-1.2,0.68,0.25));
#3729 = DIRECTION('',(1.,-0.,0.));
#3730 = DIRECTION('',(0.,0.,-1.));
#3731 = ADVANCED_FACE('',(#3732),#3757,.T.);
#3732 = FACE_BOUND('',#3733,.T.);
#3733 = EDGE_LOOP('',(#3734,#3742,#3750,#3756));
#3734 = ORIENTED_EDGE('',*,*,#3735,.F.);
#3735 = EDGE_CURVE('',#3736,#3252,#3738,.T.);
#3736 = VERTEX_POINT('',#3737);
#3737 = CARTESIAN_POINT('',(-1.1,0.63,0.35));
#3738 = LINE('',#3739,#3740);
#3739 = CARTESIAN_POINT('',(-1.1,0.68,0.35));
#3740 = VECTOR('',#3741,1.);
#3741 = DIRECTION('',(-0.,-1.,-0.));
#3742 = ORIENTED_EDGE('',*,*,#3743,.T.);
#3743 = EDGE_CURVE('',#3736,#3744,#3746,.T.);
#3744 = VERTEX_POINT('',#3745);
#3745 = CARTESIAN_POINT('',(1.1,0.63,0.35));
#3746 = LINE('',#3747,#3748);
#3747 = CARTESIAN_POINT('',(1.1,0.63,0.35));
#3748 = VECTOR('',#3749,1.);
#3749 = DIRECTION('',(1.,0.,-1.232047923279E-16));
#3750 = ORIENTED_EDGE('',*,*,#3751,.T.);
#3751 = EDGE_CURVE('',#3744,#3260,#3752,.T.);
#3752 = LINE('',#3753,#3754);
#3753 = CARTESIAN_POINT('',(1.1,0.68,0.35));
#3754 = VECTOR('',#3755,1.);
#3755 = DIRECTION('',(-0.,-1.,-0.));
#3756 = ORIENTED_EDGE('',*,*,#3259,.F.);
#3757 = PLANE('',#3758);
#3758 = AXIS2_PLACEMENT_3D('',#3759,#3760,#3761);
#3759 = CARTESIAN_POINT('',(1.1,0.68,0.35));
#3760 = DIRECTION('',(-1.232047923279E-16,0.,-1.));
#3761 = DIRECTION('',(-1.,0.,1.232047923279E-16));
#3762 = ADVANCED_FACE('',(#3763),#3788,.T.);
#3763 = FACE_BOUND('',#3764,.T.);
#3764 = EDGE_LOOP('',(#3765,#3773,#3774,#3782));
#3765 = ORIENTED_EDGE('',*,*,#3766,.F.);
#3766 = EDGE_CURVE('',#3327,#3767,#3769,.T.);
#3767 = VERTEX_POINT('',#3768);
#3768 = CARTESIAN_POINT('',(1.2,0.63,-9.5E-02));
#3769 = LINE('',#3770,#3771);
#3770 = CARTESIAN_POINT('',(1.2,0.68,-9.5E-02));
#3771 = VECTOR('',#3772,1.);
#3772 = DIRECTION('',(0.,1.,0.));
#3773 = ORIENTED_EDGE('',*,*,#3326,.F.);
#3774 = ORIENTED_EDGE('',*,*,#3775,.F.);
#3775 = EDGE_CURVE('',#3776,#3319,#3778,.T.);
#3776 = VERTEX_POINT('',#3777);
#3777 = CARTESIAN_POINT('',(1.2,0.63,9.5E-02));
#3778 = LINE('',#3779,#3780);
#3779 = CARTESIAN_POINT('',(1.2,0.68,9.5E-02));
#3780 = VECTOR('',#3781,1.);
#3781 = DIRECTION('',(0.,-1.,0.));
#3782 = ORIENTED_EDGE('',*,*,#3783,.T.);
#3783 = EDGE_CURVE('',#3776,#3767,#3784,.T.);
#3784 = LINE('',#3785,#3786);
#3785 = CARTESIAN_POINT('',(1.2,0.63,-0.25));
#3786 = VECTOR('',#3787,1.);
#3787 = DIRECTION('',(0.,0.,-1.));
#3788 = PLANE('',#3789);
#3789 = AXIS2_PLACEMENT_3D('',#3790,#3791,#3792);
#3790 = CARTESIAN_POINT('',(1.2,0.68,0.25));
#3791 = DIRECTION('',(-1.,0.,0.));
#3792 = DIRECTION('',(0.,0.,1.));
#3793 = ADVANCED_FACE('',(#3794),#3830,.T.);
#3794 = FACE_BOUND('',#3795,.T.);
#3795 = EDGE_LOOP('',(#3796,#3805,#3806,#3815,#3822,#3823));
#3796 = ORIENTED_EDGE('',*,*,#3797,.F.);
#3797 = EDGE_CURVE('',#3006,#3798,#3800,.T.);
#3798 = VERTEX_POINT('',#3799);
#3799 = CARTESIAN_POINT('',(-1.1,0.673301270189,0.375));
#3800 = CIRCLE('',#3801,5.E-02);
#3801 = AXIS2_PLACEMENT_3D('',#3802,#3803,#3804);
#3802 = CARTESIAN_POINT('',(-1.1,0.63,0.4));
#3803 = DIRECTION('',(-1.,0.,0.));
#3804 = DIRECTION('',(0.,0.,1.));
#3805 = ORIENTED_EDGE('',*,*,#3005,.F.);
#3806 = ORIENTED_EDGE('',*,*,#3807,.F.);
#3807 = EDGE_CURVE('',#3808,#2997,#3810,.T.);
#3808 = VERTEX_POINT('',#3809);
#3809 = CARTESIAN_POINT('',(1.1,0.673301270189,0.375));
#3810 = CIRCLE('',#3811,5.E-02);
#3811 = AXIS2_PLACEMENT_3D('',#3812,#3813,#3814);
#3812 = CARTESIAN_POINT('',(1.1,0.63,0.4));
#3813 = DIRECTION('',(1.,8.673617379884E-15,0.));
#3814 = DIRECTION('',(-8.673617379884E-15,1.,0.));
#3815 = ORIENTED_EDGE('',*,*,#3816,.F.);
#3816 = EDGE_CURVE('',#3744,#3808,#3817,.T.);
#3817 = CIRCLE('',#3818,5.E-02);
#3818 = AXIS2_PLACEMENT_3D('',#3819,#3820,#3821);
#3819 = CARTESIAN_POINT('',(1.1,0.63,0.4));
#3820 = DIRECTION('',(1.,8.673617379884E-15,0.));
#3821 = DIRECTION('',(-8.673617379884E-15,1.,0.));
#3822 = ORIENTED_EDGE('',*,*,#3743,.F.);
#3823 = ORIENTED_EDGE('',*,*,#3824,.F.);
#3824 = EDGE_CURVE('',#3798,#3736,#3825,.T.);
#3825 = CIRCLE('',#3826,5.E-02);
#3826 = AXIS2_PLACEMENT_3D('',#3827,#3828,#3829);
#3827 = CARTESIAN_POINT('',(-1.1,0.63,0.4));
#3828 = DIRECTION('',(-1.,0.,0.));
#3829 = DIRECTION('',(0.,0.,1.));
#3830 = CYLINDRICAL_SURFACE('',#3831,5.E-02);
#3831 = AXIS2_PLACEMENT_3D('',#3832,#3833,#3834);
#3832 = CARTESIAN_POINT('',(1.1,0.63,0.4));
#3833 = DIRECTION('',(-1.,0.,1.232047923279E-16));
#3834 = DIRECTION('',(1.232047923279E-16,0.,1.));
#3835 = ADVANCED_FACE('',(#3836),#3869,.T.);
#3836 = FACE_BOUND('',#3837,.T.);
#3837 = EDGE_LOOP('',(#3838,#3848,#3867,#3868));
#3838 = ORIENTED_EDGE('',*,*,#3839,.F.);
#3839 = EDGE_CURVE('',#3840,#2989,#3842,.T.);
#3840 = VERTEX_POINT('',#3841);
#3841 = CARTESIAN_POINT('',(1.120000000004,0.679868261499,0.395));
#3842 = B_SPLINE_CURVE_WITH_KNOTS('',3,(#3843,#3844,#3845,#3846,#3847),
  .UNSPECIFIED.,.F.,.F.,(4,1,4),(5.779830822758E-04,5.871020356015E-04,
    5.962209889272E-04),.QUASI_UNIFORM_KNOTS.);
#3843 = CARTESIAN_POINT('',(1.120000000004,0.679868261499,0.395));
#3844 = CARTESIAN_POINT('',(1.123067538177,0.679898747849,0.395));
#3845 = CARTESIAN_POINT('',(1.129202578973,0.67996336153,0.395));
#3846 = CARTESIAN_POINT('',(1.135337892909,0.68,0.395));
#3847 = CARTESIAN_POINT('',(1.138405728739,0.68,0.395));
#3848 = ORIENTED_EDGE('',*,*,#3849,.T.);
#3849 = EDGE_CURVE('',#3840,#3808,#3850,.T.);
#3850 = B_SPLINE_CURVE_WITH_KNOTS('',3,(#3851,#3852,#3853,#3854,#3855,
    #3856,#3857,#3858,#3859,#3860,#3861,#3862,#3863,#3864,#3865,#3866),
  .UNSPECIFIED.,.F.,.F.,(4,3,3,3,3,4),(4.362487241124E-15,
    6.663868011766E-06,1.333190687115E-05,1.992880504247E-05,
    2.640987192411E-05,3.233816596411E-05),.UNSPECIFIED.);
#3851 = CARTESIAN_POINT('',(1.120000000004,0.679868261499,0.395));
#3852 = CARTESIAN_POINT('',(1.117778820354,0.679846186579,0.395));
#3853 = CARTESIAN_POINT('',(1.115527207836,0.679799916496,0.394619325714
    ));
#3854 = CARTESIAN_POINT('',(1.113431333935,0.679698353196,0.393890543299
    ));
#3855 = CARTESIAN_POINT('',(1.111334730017,0.67959675452,0.39316150704)
  );
#3856 = CARTESIAN_POINT('',(1.109335804903,0.679435052079,0.392062815247
    ));
#3857 = CARTESIAN_POINT('',(1.107604855304,0.679165157793,0.390695871685
    ));
#3858 = CARTESIAN_POINT('',(1.105892418769,0.678898150114,0.389343548026
    ));
#3859 = CARTESIAN_POINT('',(1.104395447144,0.678514573129,0.387690449564
    ));
#3860 = CARTESIAN_POINT('',(1.103232736926,0.677982660264,0.385902242384
    ));
#3861 = CARTESIAN_POINT('',(1.102089356042,0.677459590119,0.384143763037
    ));
#3862 = CARTESIAN_POINT('',(1.101238287979,0.676777106842,0.382210161467
    ));
#3863 = CARTESIAN_POINT('',(1.10071065772,0.675949516593,0.380284058529)
  );
#3864 = CARTESIAN_POINT('',(1.100226322037,0.675189834065,0.378516001511
    ));
#3865 = CARTESIAN_POINT('',(1.099999999999,0.674293455179,0.376718514813
    ));
#3866 = CARTESIAN_POINT('',(1.1,0.673301270189,0.375));
#3867 = ORIENTED_EDGE('',*,*,#3807,.T.);
#3868 = ORIENTED_EDGE('',*,*,#2996,.F.);
#3869 = TOROIDAL_SURFACE('',#3870,0.15,5.E-02);
#3870 = AXIS2_PLACEMENT_3D('',#3871,#3872,#3873);
#3871 = CARTESIAN_POINT('',(1.1,0.63,0.25));
#3872 = DIRECTION('',(0.,-1.,0.));
#3873 = DIRECTION('',(0.,0.,-1.));
#3874 = ADVANCED_FACE('',(#3875),#3908,.T.);
#3875 = FACE_BOUND('',#3876,.T.);
#3876 = EDGE_LOOP('',(#3877,#3887,#3888,#3889));
#3877 = ORIENTED_EDGE('',*,*,#3878,.F.);
#3878 = EDGE_CURVE('',#3014,#3879,#3881,.T.);
#3879 = VERTEX_POINT('',#3880);
#3880 = CARTESIAN_POINT('',(-1.12,0.679868261499,0.395));
#3881 = B_SPLINE_CURVE_WITH_KNOTS('',3,(#3882,#3883,#3884,#3885,#3886),
  .UNSPECIFIED.,.F.,.F.,(4,1,4),(4.230564734808E-05,5.15040493366E-05,
    6.070245132511E-05),.QUASI_UNIFORM_KNOTS.);
#3882 = CARTESIAN_POINT('',(-1.138405728739,0.68,0.395));
#3883 = CARTESIAN_POINT('',(-1.135338651844,0.68,0.395));
#3884 = CARTESIAN_POINT('',(-1.129203588857,0.679963341669,0.395));
#3885 = CARTESIAN_POINT('',(-1.123067833088,0.67989875078,0.395));
#3886 = CARTESIAN_POINT('',(-1.12,0.679868261499,0.395));
#3887 = ORIENTED_EDGE('',*,*,#3013,.F.);
#3888 = ORIENTED_EDGE('',*,*,#3797,.T.);
#3889 = ORIENTED_EDGE('',*,*,#3890,.T.);
#3890 = EDGE_CURVE('',#3798,#3879,#3891,.T.);
#3891 = B_SPLINE_CURVE_WITH_KNOTS('',3,(#3892,#3893,#3894,#3895,#3896,
    #3897,#3898,#3899,#3900,#3901,#3902,#3903,#3904,#3905,#3906,#3907),
  .UNSPECIFIED.,.F.,.F.,(4,3,3,3,3,4),(0.,7.075608309706E-06,
    1.419183110695E-05,2.077805950622E-05,2.727315951585E-05,
    3.233878090971E-05),.UNSPECIFIED.);
#3892 = CARTESIAN_POINT('',(-1.1,0.673301270189,0.375));
#3893 = CARTESIAN_POINT('',(-1.1,0.674480538241,0.377042552181));
#3894 = CARTESIAN_POINT('',(-1.100323178701,0.675525401904,
    0.379203711553));
#3895 = CARTESIAN_POINT('',(-1.101016100215,0.676370508587,
    0.381293770647));
#3896 = CARTESIAN_POINT('',(-1.101711483568,0.677218617798,
    0.383391255385));
#3897 = CARTESIAN_POINT('',(-1.102804853242,0.677888946667,
    0.385473340456));
#3898 = CARTESIAN_POINT('',(-1.104229159007,0.678377164985,
    0.387299616838));
#3899 = CARTESIAN_POINT('',(-1.105550305953,0.678830022901,
    0.388993620699));
#3900 = CARTESIAN_POINT('',(-1.107191351005,0.67914323141,0.390514939955
    ));
#3901 = CARTESIAN_POINT('',(-1.109017567984,0.679356087573,
    0.391714849297));
#3902 = CARTESIAN_POINT('',(-1.110819865075,0.679566155734,
    0.392899042161));
#3903 = CARTESIAN_POINT('',(-1.112850320833,0.679687013132,
    0.393803490438));
#3904 = CARTESIAN_POINT('',(-1.114945473596,0.679761520447,
    0.394350756131));
#3905 = CARTESIAN_POINT('',(-1.116588403143,0.67981994591,0.394779898575
    ));
#3906 = CARTESIAN_POINT('',(-1.118301027026,0.679851376473,
    0.395000000002));
#3907 = CARTESIAN_POINT('',(-1.12,0.679868261499,0.395));
#3908 = TOROIDAL_SURFACE('',#3909,0.15,5.E-02);
#3909 = AXIS2_PLACEMENT_3D('',#3910,#3911,#3912);
#3910 = CARTESIAN_POINT('',(-1.1,0.63,0.25));
#3911 = DIRECTION('',(0.,-1.,0.));
#3912 = DIRECTION('',(0.,0.,-1.));
#3913 = ADVANCED_FACE('',(#3914),#3974,.T.);
#3914 = FACE_BOUND('',#3915,.T.);
#3915 = EDGE_LOOP('',(#3916,#3925,#3926,#3935,#3954,#3955));
#3916 = ORIENTED_EDGE('',*,*,#3917,.F.);
#3917 = EDGE_CURVE('',#3767,#3918,#3920,.T.);
#3918 = VERTEX_POINT('',#3919);
#3919 = CARTESIAN_POINT('',(1.23,0.67582575695,-9.5E-02));
#3920 = CIRCLE('',#3921,5.E-02);
#3921 = AXIS2_PLACEMENT_3D('',#3922,#3923,#3924);
#3922 = CARTESIAN_POINT('',(1.25,0.63,-9.5E-02));
#3923 = DIRECTION('',(-3.614007241618E-16,-0.,-1.));
#3924 = DIRECTION('',(1.,0.,-3.614007241618E-16));
#3925 = ORIENTED_EDGE('',*,*,#3783,.F.);
#3926 = ORIENTED_EDGE('',*,*,#3927,.F.);
#3927 = EDGE_CURVE('',#3928,#3776,#3930,.T.);
#3928 = VERTEX_POINT('',#3929);
#3929 = CARTESIAN_POINT('',(1.23,0.67582575695,9.5E-02));
#3930 = CIRCLE('',#3931,5.E-02);
#3931 = AXIS2_PLACEMENT_3D('',#3932,#3933,#3934);
#3932 = CARTESIAN_POINT('',(1.25,0.63,9.5E-02));
#3933 = DIRECTION('',(3.614007241618E-16,0.,1.));
#3934 = DIRECTION('',(-1.,0.,3.614007241618E-16));
#3935 = ORIENTED_EDGE('',*,*,#3936,.T.);
#3936 = EDGE_CURVE('',#3928,#2964,#3937,.T.);
#3937 = B_SPLINE_CURVE_WITH_KNOTS('',3,(#3938,#3939,#3940,#3941,#3942,
    #3943,#3944,#3945,#3946,#3947,#3948,#3949,#3950,#3951,#3952,#3953),
  .UNSPECIFIED.,.F.,.F.,(4,3,3,3,3,4),(0.,6.674533205666E-06,
    1.337152198448E-05,1.979599878299E-05,2.630869895837E-05,
    3.179927028626E-05),.UNSPECIFIED.);
#3938 = CARTESIAN_POINT('',(1.23,0.67582575695,9.5E-02));
#3939 = CARTESIAN_POINT('',(1.232039103576,0.67671569471,9.5E-02));
#3940 = CARTESIAN_POINT('',(1.234170570261,0.67747562292,
    9.532225627022E-02));
#3941 = CARTESIAN_POINT('',(1.236210898538,0.678061009986,
    9.598882593442E-02));
#3942 = CARTESIAN_POINT('',(1.238255634515,0.678647661658,
    9.665683558216E-02));
#3943 = CARTESIAN_POINT('',(1.240262617078,0.679075306814,
    9.769194838264E-02));
#3944 = CARTESIAN_POINT('',(1.242029247447,0.67936058249,
    9.902197741107E-02));
#3945 = CARTESIAN_POINT('',(1.243726600256,0.679634671217,0.100299849991
    ));
#3946 = CARTESIAN_POINT('',(1.245248649143,0.679788643117,0.101882821676
    ));
#3947 = CARTESIAN_POINT('',(1.246463923244,0.679874804907,0.103644858714
    ));
#3948 = CARTESIAN_POINT('',(1.247695977313,0.679962156382,0.105431225182
    ));
#3949 = CARTESIAN_POINT('',(1.248646655316,0.679985200846,0.107448916843
    ));
#3950 = CARTESIAN_POINT('',(1.249239752319,0.679994219901,0.109538138533
    ));
#3951 = CARTESIAN_POINT('',(1.249741740477,0.68000185349,0.111306423552)
  );
#3952 = CARTESIAN_POINT('',(1.25,0.68,0.11316182637));
#3953 = CARTESIAN_POINT('',(1.25,0.68,0.115));
#3954 = ORIENTED_EDGE('',*,*,#2963,.F.);
#3955 = ORIENTED_EDGE('',*,*,#3956,.T.);
#3956 = EDGE_CURVE('',#2956,#3918,#3957,.T.);
#3957 = B_SPLINE_CURVE_WITH_KNOTS('',3,(#3958,#3959,#3960,#3961,#3962,
    #3963,#3964,#3965,#3966,#3967,#3968,#3969,#3970,#3971,#3972,#3973),
  .UNSPECIFIED.,.F.,.F.,(4,3,3,3,3,4),(0.,6.705843833325E-06,
    1.341394122673E-05,2.007694005812E-05,2.655770419067E-05,
    3.179104175176E-05),.UNSPECIFIED.);
#3958 = CARTESIAN_POINT('',(1.25,0.68,-0.115));
#3959 = CARTESIAN_POINT('',(1.25,0.68,-0.112764718722));
#3960 = CARTESIAN_POINT('',(1.249614639025,0.68000397647,-0.110498651069
    ));
#3961 = CARTESIAN_POINT('',(1.248875795456,0.679987360044,
    -0.108389073749));
#3962 = CARTESIAN_POINT('',(1.248136822793,0.679970740714,
    -0.106279127833));
#3963 = CARTESIAN_POINT('',(1.24702304035,0.67993087524,-0.104266901781)
  );
#3964 = CARTESIAN_POINT('',(1.245630322673,0.679808693218,
    -0.102522299365));
#3965 = CARTESIAN_POINT('',(1.244247456399,0.679687375451,
    -0.100790037411));
#3966 = CARTESIAN_POINT('',(1.242549099735,0.679477645293,
    -9.927343473309E-02));
#3967 = CARTESIAN_POINT('',(1.240696995746,0.679126918404,
    -9.810105677809E-02));
#3968 = CARTESIAN_POINT('',(1.238894276942,0.678785543426,
    -9.695993954283E-02));
#3969 = CARTESIAN_POINT('',(1.236897655305,0.678298462766,
    -9.611381210817E-02));
#3970 = CARTESIAN_POINT('',(1.234895106482,0.677663845768,
    -9.560830248392E-02));
#3971 = CARTESIAN_POINT('',(1.233268817963,0.677148467402,
    -9.519777341777E-02));
#3972 = CARTESIAN_POINT('',(1.231608206824,0.67652763595,
    -9.499999999986E-02));
#3973 = CARTESIAN_POINT('',(1.23,0.67582575695,-9.5E-02));
#3974 = CYLINDRICAL_SURFACE('',#3975,5.E-02);
#3975 = AXIS2_PLACEMENT_3D('',#3976,#3977,#3978);
#3976 = CARTESIAN_POINT('',(1.25,0.63,0.25));
#3977 = DIRECTION('',(0.,0.,1.));
#3978 = DIRECTION('',(1.,0.,-0.));
#3979 = ADVANCED_FACE('',(#3980),#4040,.T.);
#3980 = FACE_BOUND('',#3981,.T.);
#3981 = EDGE_LOOP('',(#3982,#3991,#4010,#4011,#4032,#4039));
#3982 = ORIENTED_EDGE('',*,*,#3983,.F.);
#3983 = EDGE_CURVE('',#3984,#3705,#3986,.T.);
#3984 = VERTEX_POINT('',#3985);
#3985 = CARTESIAN_POINT('',(-1.23,0.67582575695,-9.5E-02));
#3986 = CIRCLE('',#3987,5.E-02);
#3987 = AXIS2_PLACEMENT_3D('',#3988,#3989,#3990);
#3988 = CARTESIAN_POINT('',(-1.25,0.63,-9.5E-02));
#3989 = DIRECTION('',(0.,0.,-1.));
#3990 = DIRECTION('',(1.,0.,0.));
#3991 = ORIENTED_EDGE('',*,*,#3992,.T.);
#3992 = EDGE_CURVE('',#3984,#2888,#3993,.T.);
#3993 = B_SPLINE_CURVE_WITH_KNOTS('',3,(#3994,#3995,#3996,#3997,#3998,
    #3999,#4000,#4001,#4002,#4003,#4004,#4005,#4006,#4007,#4008,#4009),
  .UNSPECIFIED.,.F.,.F.,(4,3,3,3,3,4),(0.,6.674533205666E-06,
    1.337152198448E-05,1.979599878299E-05,2.630869895837E-05,
    3.179927028626E-05),.UNSPECIFIED.);
#3994 = CARTESIAN_POINT('',(-1.23,0.67582575695,-9.5E-02));
#3995 = CARTESIAN_POINT('',(-1.232039103576,0.67671569471,-9.5E-02));
#3996 = CARTESIAN_POINT('',(-1.234170570261,0.67747562292,
    -9.532225627022E-02));
#3997 = CARTESIAN_POINT('',(-1.236210898538,0.678061009986,
    -9.598882593442E-02));
#3998 = CARTESIAN_POINT('',(-1.238255634515,0.678647661658,
    -9.665683558216E-02));
#3999 = CARTESIAN_POINT('',(-1.240262617078,0.679075306814,
    -9.769194838264E-02));
#4000 = CARTESIAN_POINT('',(-1.242029247447,0.67936058249,
    -9.902197741107E-02));
#4001 = CARTESIAN_POINT('',(-1.243726600256,0.679634671217,
    -0.100299849991));
#4002 = CARTESIAN_POINT('',(-1.245248649143,0.679788643117,
    -0.101882821676));
#4003 = CARTESIAN_POINT('',(-1.246463923244,0.679874804907,
    -0.103644858714));
#4004 = CARTESIAN_POINT('',(-1.247695977313,0.679962156382,
    -0.105431225182));
#4005 = CARTESIAN_POINT('',(-1.248646655316,0.679985200846,
    -0.107448916843));
#4006 = CARTESIAN_POINT('',(-1.249239752319,0.679994219901,
    -0.109538138533));
#4007 = CARTESIAN_POINT('',(-1.249741740477,0.68000185349,
    -0.111306423552));
#4008 = CARTESIAN_POINT('',(-1.25,0.68,-0.11316182637));
#4009 = CARTESIAN_POINT('',(-1.25,0.68,-0.115));
#4010 = ORIENTED_EDGE('',*,*,#3047,.F.);
#4011 = ORIENTED_EDGE('',*,*,#4012,.T.);
#4012 = EDGE_CURVE('',#3040,#4013,#4015,.T.);
#4013 = VERTEX_POINT('',#4014);
#4014 = CARTESIAN_POINT('',(-1.23,0.67582575695,9.5E-02));
#4015 = B_SPLINE_CURVE_WITH_KNOTS('',3,(#4016,#4017,#4018,#4019,#4020,
    #4021,#4022,#4023,#4024,#4025,#4026,#4027,#4028,#4029,#4030,#4031),
  .UNSPECIFIED.,.F.,.F.,(4,3,3,3,3,4),(0.,6.705843833325E-06,
    1.341394122673E-05,2.007694005812E-05,2.655770419067E-05,
    3.179104175176E-05),.UNSPECIFIED.);
#4016 = CARTESIAN_POINT('',(-1.25,0.68,0.115));
#4017 = CARTESIAN_POINT('',(-1.25,0.68,0.112764718722));
#4018 = CARTESIAN_POINT('',(-1.249614639025,0.68000397647,0.110498651069
    ));
#4019 = CARTESIAN_POINT('',(-1.248875795456,0.679987360044,
    0.108389073749));
#4020 = CARTESIAN_POINT('',(-1.248136822793,0.679970740714,
    0.106279127833));
#4021 = CARTESIAN_POINT('',(-1.24702304035,0.67993087524,0.104266901781)
  );
#4022 = CARTESIAN_POINT('',(-1.245630322673,0.679808693218,
    0.102522299365));
#4023 = CARTESIAN_POINT('',(-1.244247456399,0.679687375451,
    0.100790037411));
#4024 = CARTESIAN_POINT('',(-1.242549099735,0.679477645293,
    9.927343473309E-02));
#4025 = CARTESIAN_POINT('',(-1.240696995746,0.679126918404,
    9.810105677809E-02));
#4026 = CARTESIAN_POINT('',(-1.238894276942,0.678785543426,
    9.695993954283E-02));
#4027 = CARTESIAN_POINT('',(-1.236897655305,0.678298462766,
    9.611381210817E-02));
#4028 = CARTESIAN_POINT('',(-1.234895106482,0.677663845768,
    9.560830248392E-02));
#4029 = CARTESIAN_POINT('',(-1.233268817963,0.677148467402,
    9.519777341777E-02));
#4030 = CARTESIAN_POINT('',(-1.231608206824,0.67652763595,
    9.499999999986E-02));
#4031 = CARTESIAN_POINT('',(-1.23,0.67582575695,9.5E-02));
#4032 = ORIENTED_EDGE('',*,*,#4033,.F.);
#4033 = EDGE_CURVE('',#3713,#4013,#4034,.T.);
#4034 = CIRCLE('',#4035,5.E-02);
#4035 = AXIS2_PLACEMENT_3D('',#4036,#4037,#4038);
#4036 = CARTESIAN_POINT('',(-1.25,0.63,9.5E-02));
#4037 = DIRECTION('',(3.614007241618E-16,0.,1.));
#4038 = DIRECTION('',(-1.,0.,3.614007241618E-16));
#4039 = ORIENTED_EDGE('',*,*,#3712,.F.);
#4040 = CYLINDRICAL_SURFACE('',#4041,5.E-02);
#4041 = AXIS2_PLACEMENT_3D('',#4042,#4043,#4044);
#4042 = CARTESIAN_POINT('',(-1.25,0.63,0.25));
#4043 = DIRECTION('',(0.,0.,-1.));
#4044 = DIRECTION('',(-1.,0.,0.));
#4045 = ADVANCED_FACE('',(#4046),#4087,.T.);
#4046 = FACE_BOUND('',#4047,.T.);
#4047 = EDGE_LOOP('',(#4048,#4058,#4059,#4068));
#4048 = ORIENTED_EDGE('',*,*,#4049,.F.);
#4049 = EDGE_CURVE('',#2930,#4050,#4052,.T.);
#4050 = VERTEX_POINT('',#4051);
#4051 = CARTESIAN_POINT('',(1.12,0.679868261499,-0.395));
#4052 = B_SPLINE_CURVE_WITH_KNOTS('',3,(#4053,#4054,#4055,#4056,#4057),
  .UNSPECIFIED.,.F.,.F.,(4,1,4),(4.230564734808E-05,5.150404933659E-05,
    6.070245132511E-05),.QUASI_UNIFORM_KNOTS.);
#4053 = CARTESIAN_POINT('',(1.138405728739,0.68,-0.395));
#4054 = CARTESIAN_POINT('',(1.135338651844,0.68,-0.395));
#4055 = CARTESIAN_POINT('',(1.129203588857,0.679963341669,-0.395));
#4056 = CARTESIAN_POINT('',(1.123067833088,0.67989875078,-0.395));
#4057 = CARTESIAN_POINT('',(1.12,0.679868261499,-0.395));
#4058 = ORIENTED_EDGE('',*,*,#2929,.F.);
#4059 = ORIENTED_EDGE('',*,*,#4060,.F.);
#4060 = EDGE_CURVE('',#4061,#2922,#4063,.T.);
#4061 = VERTEX_POINT('',#4062);
#4062 = CARTESIAN_POINT('',(1.1,0.673301270189,-0.375));
#4063 = CIRCLE('',#4064,5.E-02);
#4064 = AXIS2_PLACEMENT_3D('',#4065,#4066,#4067);
#4065 = CARTESIAN_POINT('',(1.1,0.63,-0.4));
#4066 = DIRECTION('',(-1.,4.336808689942E-15,4.336808689942E-15));
#4067 = DIRECTION('',(4.336808689942E-15,-2.80259692865E-45,1.));
#4068 = ORIENTED_EDGE('',*,*,#4069,.T.);
#4069 = EDGE_CURVE('',#4061,#4050,#4070,.T.);
#4070 = B_SPLINE_CURVE_WITH_KNOTS('',3,(#4071,#4072,#4073,#4074,#4075,
    #4076,#4077,#4078,#4079,#4080,#4081,#4082,#4083,#4084,#4085,#4086),
  .UNSPECIFIED.,.F.,.F.,(4,3,3,3,3,4),(0.,7.075608309706E-06,
    1.419183110695E-05,2.077805950622E-05,2.727315951585E-05,
    3.233878090971E-05),.UNSPECIFIED.);
#4071 = CARTESIAN_POINT('',(1.1,0.673301270189,-0.375));
#4072 = CARTESIAN_POINT('',(1.1,0.674480538241,-0.377042552181));
#4073 = CARTESIAN_POINT('',(1.100323178701,0.675525401904,
    -0.379203711553));
#4074 = CARTESIAN_POINT('',(1.101016100215,0.676370508587,
    -0.381293770647));
#4075 = CARTESIAN_POINT('',(1.101711483568,0.677218617798,
    -0.383391255385));
#4076 = CARTESIAN_POINT('',(1.102804853242,0.677888946667,
    -0.385473340456));
#4077 = CARTESIAN_POINT('',(1.104229159007,0.678377164985,
    -0.387299616838));
#4078 = CARTESIAN_POINT('',(1.105550305953,0.678830022901,
    -0.388993620699));
#4079 = CARTESIAN_POINT('',(1.107191351005,0.67914323141,-0.390514939955
    ));
#4080 = CARTESIAN_POINT('',(1.109017567984,0.679356087573,
    -0.391714849297));
#4081 = CARTESIAN_POINT('',(1.110819865075,0.679566155734,
    -0.392899042161));
#4082 = CARTESIAN_POINT('',(1.112850320833,0.679687013132,
    -0.393803490438));
#4083 = CARTESIAN_POINT('',(1.114945473596,0.679761520447,
    -0.394350756131));
#4084 = CARTESIAN_POINT('',(1.116588403143,0.67981994591,-0.394779898575
    ));
#4085 = CARTESIAN_POINT('',(1.118301027026,0.679851376473,
    -0.395000000002));
#4086 = CARTESIAN_POINT('',(1.12,0.679868261499,-0.395));
#4087 = TOROIDAL_SURFACE('',#4088,0.15,5.E-02);
#4088 = AXIS2_PLACEMENT_3D('',#4089,#4090,#4091);
#4089 = CARTESIAN_POINT('',(1.1,0.63,-0.25));
#4090 = DIRECTION('',(0.,-1.,0.));
#4091 = DIRECTION('',(0.,0.,-1.));
#4092 = ADVANCED_FACE('',(#4093),#4134,.T.);
#4093 = FACE_BOUND('',#4094,.T.);
#4094 = EDGE_LOOP('',(#4095,#4105,#4126,#4133));
#4095 = ORIENTED_EDGE('',*,*,#4096,.F.);
#4096 = EDGE_CURVE('',#4097,#2905,#4099,.T.);
#4097 = VERTEX_POINT('',#4098);
#4098 = CARTESIAN_POINT('',(-1.120000000004,0.679868261499,-0.395));
#4099 = B_SPLINE_CURVE_WITH_KNOTS('',3,(#4100,#4101,#4102,#4103,#4104),
  .UNSPECIFIED.,.F.,.F.,(4,1,4),(5.779830822758E-04,5.871020356015E-04,
    5.962209889272E-04),.QUASI_UNIFORM_KNOTS.);
#4100 = CARTESIAN_POINT('',(-1.120000000004,0.679868261499,-0.395));
#4101 = CARTESIAN_POINT('',(-1.123067538177,0.679898747849,-0.395));
#4102 = CARTESIAN_POINT('',(-1.129202578973,0.67996336153,-0.395));
#4103 = CARTESIAN_POINT('',(-1.135337892909,0.68,-0.395));
#4104 = CARTESIAN_POINT('',(-1.138405728739,0.68,-0.395));
#4105 = ORIENTED_EDGE('',*,*,#4106,.T.);
#4106 = EDGE_CURVE('',#4097,#4107,#4109,.T.);
#4107 = VERTEX_POINT('',#4108);
#4108 = CARTESIAN_POINT('',(-1.1,0.673301270189,-0.375));
#4109 = B_SPLINE_CURVE_WITH_KNOTS('',3,(#4110,#4111,#4112,#4113,#4114,
    #4115,#4116,#4117,#4118,#4119,#4120,#4121,#4122,#4123,#4124,#4125),
  .UNSPECIFIED.,.F.,.F.,(4,3,3,3,3,4),(4.362487241124E-15,
    6.663868011766E-06,1.333190687115E-05,1.992880504247E-05,
    2.640987192411E-05,3.233816596411E-05),.UNSPECIFIED.);
#4110 = CARTESIAN_POINT('',(-1.120000000004,0.679868261499,-0.395));
#4111 = CARTESIAN_POINT('',(-1.117778820354,0.679846186579,-0.395));
#4112 = CARTESIAN_POINT('',(-1.115527207836,0.679799916496,
    -0.394619325714));
#4113 = CARTESIAN_POINT('',(-1.113431333935,0.679698353196,
    -0.393890543299));
#4114 = CARTESIAN_POINT('',(-1.111334730017,0.67959675452,-0.39316150704
    ));
#4115 = CARTESIAN_POINT('',(-1.109335804903,0.679435052079,
    -0.392062815247));
#4116 = CARTESIAN_POINT('',(-1.107604855304,0.679165157793,
    -0.390695871685));
#4117 = CARTESIAN_POINT('',(-1.105892418769,0.678898150114,
    -0.389343548026));
#4118 = CARTESIAN_POINT('',(-1.104395447144,0.678514573129,
    -0.387690449564));
#4119 = CARTESIAN_POINT('',(-1.103232736926,0.677982660264,
    -0.385902242384));
#4120 = CARTESIAN_POINT('',(-1.102089356042,0.677459590119,
    -0.384143763037));
#4121 = CARTESIAN_POINT('',(-1.101238287979,0.676777106842,
    -0.382210161467));
#4122 = CARTESIAN_POINT('',(-1.10071065772,0.675949516593,
    -0.380284058529));
#4123 = CARTESIAN_POINT('',(-1.100226322037,0.675189834065,
    -0.378516001511));
#4124 = CARTESIAN_POINT('',(-1.099999999999,0.674293455179,
    -0.376718514813));
#4125 = CARTESIAN_POINT('',(-1.1,0.673301270189,-0.375));
#4126 = ORIENTED_EDGE('',*,*,#4127,.F.);
#4127 = EDGE_CURVE('',#2913,#4107,#4128,.T.);
#4128 = CIRCLE('',#4129,5.E-02);
#4129 = AXIS2_PLACEMENT_3D('',#4130,#4131,#4132);
#4130 = CARTESIAN_POINT('',(-1.1,0.63,-0.4));
#4131 = DIRECTION('',(1.,0.,0.));
#4132 = DIRECTION('',(0.,0.,-1.));
#4133 = ORIENTED_EDGE('',*,*,#2912,.F.);
#4134 = TOROIDAL_SURFACE('',#4135,0.15,5.E-02);
#4135 = AXIS2_PLACEMENT_3D('',#4136,#4137,#4138);
#4136 = CARTESIAN_POINT('',(-1.1,0.63,-0.25));
#4137 = DIRECTION('',(0.,-1.,0.));
#4138 = DIRECTION('',(0.,0.,-1.));
#4139 = ADVANCED_FACE('',(#4140),#4160,.T.);
#4140 = FACE_BOUND('',#4141,.T.);
#4141 = EDGE_LOOP('',(#4142,#4149,#4150,#4151,#4152,#4159));
#4142 = ORIENTED_EDGE('',*,*,#4143,.T.);
#4143 = EDGE_CURVE('',#3674,#4061,#4144,.T.);
#4144 = CIRCLE('',#4145,5.E-02);
#4145 = AXIS2_PLACEMENT_3D('',#4146,#4147,#4148);
#4146 = CARTESIAN_POINT('',(1.1,0.63,-0.4));
#4147 = DIRECTION('',(-1.,4.336808689942E-15,4.336808689942E-15));
#4148 = DIRECTION('',(4.336808689942E-15,-2.80259692865E-45,1.));
#4149 = ORIENTED_EDGE('',*,*,#4060,.T.);
#4150 = ORIENTED_EDGE('',*,*,#2921,.F.);
#4151 = ORIENTED_EDGE('',*,*,#4127,.T.);
#4152 = ORIENTED_EDGE('',*,*,#4153,.T.);
#4153 = EDGE_CURVE('',#4107,#3682,#4154,.T.);
#4154 = CIRCLE('',#4155,5.E-02);
#4155 = AXIS2_PLACEMENT_3D('',#4156,#4157,#4158);
#4156 = CARTESIAN_POINT('',(-1.1,0.63,-0.4));
#4157 = DIRECTION('',(1.,0.,0.));
#4158 = DIRECTION('',(0.,0.,-1.));
#4159 = ORIENTED_EDGE('',*,*,#3681,.F.);
#4160 = CYLINDRICAL_SURFACE('',#4161,5.E-02);
#4161 = AXIS2_PLACEMENT_3D('',#4162,#4163,#4164);
#4162 = CARTESIAN_POINT('',(1.1,0.63,-0.4));
#4163 = DIRECTION('',(1.,0.,-1.232047923279E-16));
#4164 = DIRECTION('',(-1.232047923279E-16,-0.,-1.));
#4165 = ADVANCED_FACE('',(#4166),#4184,.T.);
#4166 = FACE_BOUND('',#4167,.T.);
#4167 = EDGE_LOOP('',(#4168,#4175,#4176,#4183));
#4168 = ORIENTED_EDGE('',*,*,#4169,.F.);
#4169 = EDGE_CURVE('',#3510,#3092,#4170,.T.);
#4170 = CIRCLE('',#4171,5.E-02);
#4171 = AXIS2_PLACEMENT_3D('',#4172,#4173,#4174);
#4172 = CARTESIAN_POINT('',(1.5,0.63,-0.45));
#4173 = DIRECTION('',(0.,0.,1.));
#4174 = DIRECTION('',(1.,0.,-0.));
#4175 = ORIENTED_EDGE('',*,*,#3541,.F.);
#4176 = ORIENTED_EDGE('',*,*,#4177,.F.);
#4177 = EDGE_CURVE('',#3100,#3534,#4178,.T.);
#4178 = CIRCLE('',#4179,5.E-02);
#4179 = AXIS2_PLACEMENT_3D('',#4180,#4181,#4182);
#4180 = CARTESIAN_POINT('',(1.3,0.63,-0.65));
#4181 = DIRECTION('',(-1.,0.,0.));
#4182 = DIRECTION('',(0.,0.,1.));
#4183 = ORIENTED_EDGE('',*,*,#3099,.F.);
#4184 = TOROIDAL_SURFACE('',#4185,0.2,5.E-02);
#4185 = AXIS2_PLACEMENT_3D('',#4186,#4187,#4188);
#4186 = CARTESIAN_POINT('',(1.3,0.63,-0.45));
#4187 = DIRECTION('',(0.,-1.,0.));
#4188 = DIRECTION('',(0.,0.,-1.));
#4189 = ADVANCED_FACE('',(#4190),#4202,.T.);
#4190 = FACE_BOUND('',#4191,.T.);
#4191 = EDGE_LOOP('',(#4192,#4193,#4194,#4201));
#4192 = ORIENTED_EDGE('',*,*,#4177,.T.);
#4193 = ORIENTED_EDGE('',*,*,#3566,.F.);
#4194 = ORIENTED_EDGE('',*,*,#4195,.F.);
#4195 = EDGE_CURVE('',#3109,#3559,#4196,.T.);
#4196 = CIRCLE('',#4197,5.E-02);
#4197 = AXIS2_PLACEMENT_3D('',#4198,#4199,#4200);
#4198 = CARTESIAN_POINT('',(-1.3,0.63,-0.65));
#4199 = DIRECTION('',(-1.,0.,0.));
#4200 = DIRECTION('',(0.,0.,1.));
#4201 = ORIENTED_EDGE('',*,*,#3108,.F.);
#4202 = CYLINDRICAL_SURFACE('',#4203,5.E-02);
#4203 = AXIS2_PLACEMENT_3D('',#4204,#4205,#4206);
#4204 = CARTESIAN_POINT('',(1.3,0.63,-0.65));
#4205 = DIRECTION('',(-1.,0.,-4.170008355713E-17));
#4206 = DIRECTION('',(-4.170008355713E-17,0.,1.));
#4207 = ADVANCED_FACE('',(#4208),#4220,.T.);
#4208 = FACE_BOUND('',#4209,.T.);
#4209 = EDGE_LOOP('',(#4210,#4211,#4212,#4219));
#4210 = ORIENTED_EDGE('',*,*,#4169,.T.);
#4211 = ORIENTED_EDGE('',*,*,#3091,.F.);
#4212 = ORIENTED_EDGE('',*,*,#4213,.F.);
#4213 = EDGE_CURVE('',#3478,#3083,#4214,.T.);
#4214 = CIRCLE('',#4215,5.E-02);
#4215 = AXIS2_PLACEMENT_3D('',#4216,#4217,#4218);
#4216 = CARTESIAN_POINT('',(1.5,0.63,0.45));
#4217 = DIRECTION('',(0.,0.,1.));
#4218 = DIRECTION('',(1.,0.,-0.));
#4219 = ORIENTED_EDGE('',*,*,#3517,.F.);
#4220 = CYLINDRICAL_SURFACE('',#4221,5.E-02);
#4221 = AXIS2_PLACEMENT_3D('',#4222,#4223,#4224);
#4222 = CARTESIAN_POINT('',(1.5,0.63,0.45));
#4223 = DIRECTION('',(0.,0.,-1.));
#4224 = DIRECTION('',(-1.,0.,0.));
#4225 = ADVANCED_FACE('',(#4226),#4238,.T.);
#4226 = FACE_BOUND('',#4227,.T.);
#4227 = EDGE_LOOP('',(#4228,#4229,#4230,#4237));
#4228 = ORIENTED_EDGE('',*,*,#4195,.T.);
#4229 = ORIENTED_EDGE('',*,*,#3590,.F.);
#4230 = ORIENTED_EDGE('',*,*,#4231,.F.);
#4231 = EDGE_CURVE('',#3056,#3583,#4232,.T.);
#4232 = CIRCLE('',#4233,5.E-02);
#4233 = AXIS2_PLACEMENT_3D('',#4234,#4235,#4236);
#4234 = CARTESIAN_POINT('',(-1.5,0.63,-0.45));
#4235 = DIRECTION('',(0.,-0.,1.));
#4236 = DIRECTION('',(1.,0.,0.));
#4237 = ORIENTED_EDGE('',*,*,#3116,.F.);
#4238 = TOROIDAL_SURFACE('',#4239,0.2,5.E-02);
#4239 = AXIS2_PLACEMENT_3D('',#4240,#4241,#4242);
#4240 = CARTESIAN_POINT('',(-1.3,0.63,-0.45));
#4241 = DIRECTION('',(0.,-1.,0.));
#4242 = DIRECTION('',(0.,0.,-1.));
#4243 = ADVANCED_FACE('',(#4244),#4256,.T.);
#4244 = FACE_BOUND('',#4245,.T.);
#4245 = EDGE_LOOP('',(#4246,#4247,#4248,#4255));
#4246 = ORIENTED_EDGE('',*,*,#4213,.T.);
#4247 = ORIENTED_EDGE('',*,*,#3082,.F.);
#4248 = ORIENTED_EDGE('',*,*,#4249,.F.);
#4249 = EDGE_CURVE('',#3486,#3075,#4250,.T.);
#4250 = CIRCLE('',#4251,5.E-02);
#4251 = AXIS2_PLACEMENT_3D('',#4252,#4253,#4254);
#4252 = CARTESIAN_POINT('',(1.3,0.63,0.65));
#4253 = DIRECTION('',(-1.,0.,0.));
#4254 = DIRECTION('',(0.,0.,1.));
#4255 = ORIENTED_EDGE('',*,*,#3485,.F.);
#4256 = TOROIDAL_SURFACE('',#4257,0.2,5.E-02);
#4257 = AXIS2_PLACEMENT_3D('',#4258,#4259,#4260);
#4258 = CARTESIAN_POINT('',(1.3,0.63,0.45));
#4259 = DIRECTION('',(0.,-1.,0.));
#4260 = DIRECTION('',(0.,0.,-1.));
#4261 = ADVANCED_FACE('',(#4262),#4274,.T.);
#4262 = FACE_BOUND('',#4263,.T.);
#4263 = EDGE_LOOP('',(#4264,#4265,#4266,#4273));
#4264 = ORIENTED_EDGE('',*,*,#4231,.T.);
#4265 = ORIENTED_EDGE('',*,*,#3615,.F.);
#4266 = ORIENTED_EDGE('',*,*,#4267,.F.);
#4267 = EDGE_CURVE('',#3058,#3608,#4268,.T.);
#4268 = CIRCLE('',#4269,5.E-02);
#4269 = AXIS2_PLACEMENT_3D('',#4270,#4271,#4272);
#4270 = CARTESIAN_POINT('',(-1.5,0.63,0.45));
#4271 = DIRECTION('',(0.,-0.,1.));
#4272 = DIRECTION('',(1.,0.,0.));
#4273 = ORIENTED_EDGE('',*,*,#3055,.F.);
#4274 = CYLINDRICAL_SURFACE('',#4275,5.E-02);
#4275 = AXIS2_PLACEMENT_3D('',#4276,#4277,#4278);
#4276 = CARTESIAN_POINT('',(-1.5,0.63,0.45));
#4277 = DIRECTION('',(0.,0.,1.));
#4278 = DIRECTION('',(1.,0.,-0.));
#4279 = ADVANCED_FACE('',(#4280),#4292,.T.);
#4280 = FACE_BOUND('',#4281,.T.);
#4281 = EDGE_LOOP('',(#4282,#4283,#4284,#4291));
#4282 = ORIENTED_EDGE('',*,*,#4249,.T.);
#4283 = ORIENTED_EDGE('',*,*,#3074,.F.);
#4284 = ORIENTED_EDGE('',*,*,#4285,.F.);
#4285 = EDGE_CURVE('',#3632,#3066,#4286,.T.);
#4286 = CIRCLE('',#4287,5.E-02);
#4287 = AXIS2_PLACEMENT_3D('',#4288,#4289,#4290);
#4288 = CARTESIAN_POINT('',(-1.3,0.63,0.65));
#4289 = DIRECTION('',(-1.,0.,0.));
#4290 = DIRECTION('',(0.,0.,1.));
#4291 = ORIENTED_EDGE('',*,*,#3657,.F.);
#4292 = CYLINDRICAL_SURFACE('',#4293,5.E-02);
#4293 = AXIS2_PLACEMENT_3D('',#4294,#4295,#4296);
#4294 = CARTESIAN_POINT('',(1.3,0.63,0.65));
#4295 = DIRECTION('',(1.,0.,-4.170008355713E-17));
#4296 = DIRECTION('',(-4.170008355713E-17,-0.,-1.));
#4297 = ADVANCED_FACE('',(#4298),#4304,.T.);
#4298 = FACE_BOUND('',#4299,.T.);
#4299 = EDGE_LOOP('',(#4300,#4301,#4302,#4303));
#4300 = ORIENTED_EDGE('',*,*,#4267,.T.);
#4301 = ORIENTED_EDGE('',*,*,#3639,.F.);
#4302 = ORIENTED_EDGE('',*,*,#4285,.T.);
#4303 = ORIENTED_EDGE('',*,*,#3065,.F.);
#4304 = TOROIDAL_SURFACE('',#4305,0.2,5.E-02);
#4305 = AXIS2_PLACEMENT_3D('',#4306,#4307,#4308);
#4306 = CARTESIAN_POINT('',(-1.3,0.63,0.45));
#4307 = DIRECTION('',(0.,-1.,0.));
#4308 = DIRECTION('',(0.,0.,-1.));
#4309 = ADVANCED_FACE('',(#4310),#4321,.F.);
#4310 = FACE_BOUND('',#4311,.T.);
#4311 = EDGE_LOOP('',(#4312,#4313,#4319,#4320));
#4312 = ORIENTED_EDGE('',*,*,#3385,.T.);
#4313 = ORIENTED_EDGE('',*,*,#4314,.T.);
#4314 = EDGE_CURVE('',#3377,#4061,#4315,.T.);
#4315 = LINE('',#4316,#4317);
#4316 = CARTESIAN_POINT('',(1.1,0.679749371855,-0.375));
#4317 = VECTOR('',#4318,1.);
#4318 = DIRECTION('',(0.,1.,0.));
#4319 = ORIENTED_EDGE('',*,*,#4143,.F.);
#4320 = ORIENTED_EDGE('',*,*,#3673,.T.);
#4321 = PLANE('',#4322);
#4322 = AXIS2_PLACEMENT_3D('',#4323,#4324,#4325);
#4323 = CARTESIAN_POINT('',(1.1,0.264589803375,-0.395));
#4324 = DIRECTION('',(-1.,0.,0.));
#4325 = DIRECTION('',(0.,0.,1.));
#4326 = ADVANCED_FACE('',(#4327),#4344,.F.);
#4327 = FACE_BOUND('',#4328,.T.);
#4328 = EDGE_LOOP('',(#4329,#4330,#4336,#4337,#4338));
#4329 = ORIENTED_EDGE('',*,*,#3368,.T.);
#4330 = ORIENTED_EDGE('',*,*,#4331,.T.);
#4331 = EDGE_CURVE('',#3360,#2939,#4332,.T.);
#4332 = LINE('',#4333,#4334);
#4333 = CARTESIAN_POINT('',(1.23,0.68,-0.395));
#4334 = VECTOR('',#4335,1.);
#4335 = DIRECTION('',(0.,1.,0.));
#4336 = ORIENTED_EDGE('',*,*,#2938,.T.);
#4337 = ORIENTED_EDGE('',*,*,#4049,.T.);
#4338 = ORIENTED_EDGE('',*,*,#4339,.T.);
#4339 = EDGE_CURVE('',#4050,#3369,#4340,.T.);
#4340 = LINE('',#4341,#4342);
#4341 = CARTESIAN_POINT('',(1.12,0.6,-0.395));
#4342 = VECTOR('',#4343,1.);
#4343 = DIRECTION('',(-0.,-1.,-0.));
#4344 = PLANE('',#4345);
#4345 = AXIS2_PLACEMENT_3D('',#4346,#4347,#4348);
#4346 = CARTESIAN_POINT('',(1.1,0.264589803375,-0.395));
#4347 = DIRECTION('',(-3.614007241618E-16,0.,-1.));
#4348 = DIRECTION('',(-1.,0.,3.614007241618E-16));
#4349 = ADVANCED_FACE('',(#4350),#4366,.F.);
#4350 = FACE_BOUND('',#4351,.T.);
#4351 = EDGE_LOOP('',(#4352,#4353,#4359,#4360));
#4352 = ORIENTED_EDGE('',*,*,#3351,.T.);
#4353 = ORIENTED_EDGE('',*,*,#4354,.T.);
#4354 = EDGE_CURVE('',#3343,#2956,#4355,.T.);
#4355 = LINE('',#4356,#4357);
#4356 = CARTESIAN_POINT('',(1.25,0.68,-0.115));
#4357 = VECTOR('',#4358,1.);
#4358 = DIRECTION('',(0.,1.,0.));
#4359 = ORIENTED_EDGE('',*,*,#2955,.F.);
#4360 = ORIENTED_EDGE('',*,*,#4361,.T.);
#4361 = EDGE_CURVE('',#2947,#3352,#4362,.T.);
#4362 = LINE('',#4363,#4364);
#4363 = CARTESIAN_POINT('',(1.25,0.6,-0.375));
#4364 = VECTOR('',#4365,1.);
#4365 = DIRECTION('',(-0.,-1.,-0.));
#4366 = PLANE('',#4367);
#4367 = AXIS2_PLACEMENT_3D('',#4368,#4369,#4370);
#4368 = CARTESIAN_POINT('',(1.25,0.264589803375,-0.395));
#4369 = DIRECTION('',(1.,0.,-0.));
#4370 = DIRECTION('',(-0.,0.,-1.));
#4371 = ADVANCED_FACE('',(#4372),#4383,.F.);
#4372 = FACE_BOUND('',#4373,.T.);
#4373 = EDGE_LOOP('',(#4374,#4375,#4381,#4382));
#4374 = ORIENTED_EDGE('',*,*,#3917,.T.);
#4375 = ORIENTED_EDGE('',*,*,#4376,.T.);
#4376 = EDGE_CURVE('',#3918,#3335,#4377,.T.);
#4377 = LINE('',#4378,#4379);
#4378 = CARTESIAN_POINT('',(1.23,0.6,-9.5E-02));
#4379 = VECTOR('',#4380,1.);
#4380 = DIRECTION('',(-0.,-1.,-0.));
#4381 = ORIENTED_EDGE('',*,*,#3334,.T.);
#4382 = ORIENTED_EDGE('',*,*,#3766,.T.);
#4383 = PLANE('',#4384);
#4384 = AXIS2_PLACEMENT_3D('',#4385,#4386,#4387);
#4385 = CARTESIAN_POINT('',(1.1,0.264589803375,-9.5E-02));
#4386 = DIRECTION('',(3.614007241618E-16,0.,1.));
#4387 = DIRECTION('',(1.,0.,-3.614007241618E-16));
#4388 = ADVANCED_FACE('',(#4389),#4405,.F.);
#4389 = FACE_BOUND('',#4390,.T.);
#4390 = EDGE_LOOP('',(#4391,#4392,#4398,#4399));
#4391 = ORIENTED_EDGE('',*,*,#2885,.T.);
#4392 = ORIENTED_EDGE('',*,*,#4393,.T.);
#4393 = EDGE_CURVE('',#2888,#3168,#4394,.T.);
#4394 = LINE('',#4395,#4396);
#4395 = CARTESIAN_POINT('',(-1.25,0.6,-0.115));
#4396 = VECTOR('',#4397,1.);
#4397 = DIRECTION('',(-0.,-1.,-0.));
#4398 = ORIENTED_EDGE('',*,*,#3167,.T.);
#4399 = ORIENTED_EDGE('',*,*,#4400,.T.);
#4400 = EDGE_CURVE('',#3159,#2886,#4401,.T.);
#4401 = LINE('',#4402,#4403);
#4402 = CARTESIAN_POINT('',(-1.25,0.68,-0.375));
#4403 = VECTOR('',#4404,1.);
#4404 = DIRECTION('',(0.,1.,0.));
#4405 = PLANE('',#4406);
#4406 = AXIS2_PLACEMENT_3D('',#4407,#4408,#4409);
#4407 = CARTESIAN_POINT('',(-1.25,0.264589803375,-0.395));
#4408 = DIRECTION('',(-1.,0.,0.));
#4409 = DIRECTION('',(0.,0.,1.));
#4410 = ADVANCED_FACE('',(#4411),#4428,.F.);
#4411 = FACE_BOUND('',#4412,.T.);
#4412 = EDGE_LOOP('',(#4413,#4414,#4420,#4421,#4422));
#4413 = ORIENTED_EDGE('',*,*,#3150,.T.);
#4414 = ORIENTED_EDGE('',*,*,#4415,.T.);
#4415 = EDGE_CURVE('',#3142,#4097,#4416,.T.);
#4416 = LINE('',#4417,#4418);
#4417 = CARTESIAN_POINT('',(-1.12,0.679749371855,-0.395));
#4418 = VECTOR('',#4419,1.);
#4419 = DIRECTION('',(0.,1.,0.));
#4420 = ORIENTED_EDGE('',*,*,#4096,.T.);
#4421 = ORIENTED_EDGE('',*,*,#2904,.T.);
#4422 = ORIENTED_EDGE('',*,*,#4423,.T.);
#4423 = EDGE_CURVE('',#2896,#3151,#4424,.T.);
#4424 = LINE('',#4425,#4426);
#4425 = CARTESIAN_POINT('',(-1.23,0.6,-0.395));
#4426 = VECTOR('',#4427,1.);
#4427 = DIRECTION('',(-0.,-1.,-0.));
#4428 = PLANE('',#4429);
#4429 = AXIS2_PLACEMENT_3D('',#4430,#4431,#4432);
#4430 = CARTESIAN_POINT('',(-1.25,0.264589803375,-0.395));
#4431 = DIRECTION('',(0.,0.,-1.));
#4432 = DIRECTION('',(-1.,0.,-0.));
#4433 = ADVANCED_FACE('',(#4434),#4445,.F.);
#4434 = FACE_BOUND('',#4435,.T.);
#4435 = EDGE_LOOP('',(#4436,#4437,#4443,#4444));
#4436 = ORIENTED_EDGE('',*,*,#4153,.F.);
#4437 = ORIENTED_EDGE('',*,*,#4438,.T.);
#4438 = EDGE_CURVE('',#4107,#3132,#4439,.T.);
#4439 = LINE('',#4440,#4441);
#4440 = CARTESIAN_POINT('',(-1.1,0.6,-0.375));
#4441 = VECTOR('',#4442,1.);
#4442 = DIRECTION('',(-0.,-1.,-0.));
#4443 = ORIENTED_EDGE('',*,*,#3131,.T.);
#4444 = ORIENTED_EDGE('',*,*,#3689,.F.);
#4445 = PLANE('',#4446);
#4446 = AXIS2_PLACEMENT_3D('',#4447,#4448,#4449);
#4447 = CARTESIAN_POINT('',(-1.1,0.264589803375,-0.395));
#4448 = DIRECTION('',(1.,0.,-0.));
#4449 = DIRECTION('',(-0.,0.,-1.));
#4450 = ADVANCED_FACE('',(#4451),#4462,.F.);
#4451 = FACE_BOUND('',#4452,.T.);
#4452 = EDGE_LOOP('',(#4453,#4454,#4460,#4461));
#4453 = ORIENTED_EDGE('',*,*,#3184,.T.);
#4454 = ORIENTED_EDGE('',*,*,#4455,.T.);
#4455 = EDGE_CURVE('',#3176,#3984,#4456,.T.);
#4456 = LINE('',#4457,#4458);
#4457 = CARTESIAN_POINT('',(-1.23,0.68,-9.5E-02));
#4458 = VECTOR('',#4459,1.);
#4459 = DIRECTION('',(0.,1.,0.));
#4460 = ORIENTED_EDGE('',*,*,#3983,.T.);
#4461 = ORIENTED_EDGE('',*,*,#3704,.T.);
#4462 = PLANE('',#4463);
#4463 = AXIS2_PLACEMENT_3D('',#4464,#4465,#4466);
#4464 = CARTESIAN_POINT('',(-1.25,0.264589803375,-9.5E-02));
#4465 = DIRECTION('',(-0.,0.,1.));
#4466 = DIRECTION('',(1.,0.,0.));
#4467 = ADVANCED_FACE('',(#4468),#4484,.F.);
#4468 = FACE_BOUND('',#4469,.T.);
#4469 = EDGE_LOOP('',(#4470,#4471,#4477,#4478));
#4470 = ORIENTED_EDGE('',*,*,#3217,.T.);
#4471 = ORIENTED_EDGE('',*,*,#4472,.T.);
#4472 = EDGE_CURVE('',#3209,#3040,#4473,.T.);
#4473 = LINE('',#4474,#4475);
#4474 = CARTESIAN_POINT('',(-1.25,0.68,0.115));
#4475 = VECTOR('',#4476,1.);
#4476 = DIRECTION('',(0.,1.,0.));
#4477 = ORIENTED_EDGE('',*,*,#3039,.F.);
#4478 = ORIENTED_EDGE('',*,*,#4479,.T.);
#4479 = EDGE_CURVE('',#3031,#3218,#4480,.T.);
#4480 = LINE('',#4481,#4482);
#4481 = CARTESIAN_POINT('',(-1.25,0.6,0.375));
#4482 = VECTOR('',#4483,1.);
#4483 = DIRECTION('',(-0.,-1.,-0.));
#4484 = PLANE('',#4485);
#4485 = AXIS2_PLACEMENT_3D('',#4486,#4487,#4488);
#4486 = CARTESIAN_POINT('',(-1.25,0.264589803375,9.5E-02));
#4487 = DIRECTION('',(-1.,0.,0.));
#4488 = DIRECTION('',(0.,0.,1.));
#4489 = ADVANCED_FACE('',(#4490),#4501,.F.);
#4490 = FACE_BOUND('',#4491,.T.);
#4491 = EDGE_LOOP('',(#4492,#4493,#4499,#4500));
#4492 = ORIENTED_EDGE('',*,*,#4033,.T.);
#4493 = ORIENTED_EDGE('',*,*,#4494,.T.);
#4494 = EDGE_CURVE('',#4013,#3201,#4495,.T.);
#4495 = LINE('',#4496,#4497);
#4496 = CARTESIAN_POINT('',(-1.23,0.6,9.5E-02));
#4497 = VECTOR('',#4498,1.);
#4498 = DIRECTION('',(-0.,-1.,-0.));
#4499 = ORIENTED_EDGE('',*,*,#3200,.T.);
#4500 = ORIENTED_EDGE('',*,*,#3720,.T.);
#4501 = PLANE('',#4502);
#4502 = AXIS2_PLACEMENT_3D('',#4503,#4504,#4505);
#4503 = CARTESIAN_POINT('',(-1.25,0.264589803375,9.5E-02));
#4504 = DIRECTION('',(-3.614007241618E-16,0.,-1.));
#4505 = DIRECTION('',(-1.,0.,3.614007241618E-16));
#4506 = ADVANCED_FACE('',(#4507),#4518,.F.);
#4507 = FACE_BOUND('',#4508,.T.);
#4508 = EDGE_LOOP('',(#4509,#4510,#4516,#4517));
#4509 = ORIENTED_EDGE('',*,*,#3251,.T.);
#4510 = ORIENTED_EDGE('',*,*,#4511,.T.);
#4511 = EDGE_CURVE('',#3243,#3798,#4512,.T.);
#4512 = LINE('',#4513,#4514);
#4513 = CARTESIAN_POINT('',(-1.1,0.679749371855,0.375));
#4514 = VECTOR('',#4515,1.);
#4515 = DIRECTION('',(0.,1.,0.));
#4516 = ORIENTED_EDGE('',*,*,#3824,.T.);
#4517 = ORIENTED_EDGE('',*,*,#3735,.T.);
#4518 = PLANE('',#4519);
#4519 = AXIS2_PLACEMENT_3D('',#4520,#4521,#4522);
#4520 = CARTESIAN_POINT('',(-1.1,0.264589803375,9.5E-02));
#4521 = DIRECTION('',(1.,0.,-0.));
#4522 = DIRECTION('',(-0.,0.,-1.));
#4523 = ADVANCED_FACE('',(#4524),#4541,.F.);
#4524 = FACE_BOUND('',#4525,.T.);
#4525 = EDGE_LOOP('',(#4526,#4527,#4533,#4534,#4540));
#4526 = ORIENTED_EDGE('',*,*,#3878,.T.);
#4527 = ORIENTED_EDGE('',*,*,#4528,.T.);
#4528 = EDGE_CURVE('',#3879,#3235,#4529,.T.);
#4529 = LINE('',#4530,#4531);
#4530 = CARTESIAN_POINT('',(-1.12,0.6,0.395));
#4531 = VECTOR('',#4532,1.);
#4532 = DIRECTION('',(-0.,-1.,-0.));
#4533 = ORIENTED_EDGE('',*,*,#3234,.T.);
#4534 = ORIENTED_EDGE('',*,*,#4535,.T.);
#4535 = EDGE_CURVE('',#3226,#3023,#4536,.T.);
#4536 = LINE('',#4537,#4538);
#4537 = CARTESIAN_POINT('',(-1.23,0.68,0.395));
#4538 = VECTOR('',#4539,1.);
#4539 = DIRECTION('',(0.,1.,0.));
#4540 = ORIENTED_EDGE('',*,*,#3022,.T.);
#4541 = PLANE('',#4542);
#4542 = AXIS2_PLACEMENT_3D('',#4543,#4544,#4545);
#4543 = CARTESIAN_POINT('',(-1.25,0.264589803375,0.395));
#4544 = DIRECTION('',(-3.614007241618E-16,0.,1.));
#4545 = DIRECTION('',(1.,0.,3.614007241618E-16));
#4546 = ADVANCED_FACE('',(#4547),#4558,.F.);
#4547 = FACE_BOUND('',#4548,.T.);
#4548 = EDGE_LOOP('',(#4549,#4550,#4556,#4557));
#4549 = ORIENTED_EDGE('',*,*,#3816,.T.);
#4550 = ORIENTED_EDGE('',*,*,#4551,.T.);
#4551 = EDGE_CURVE('',#3808,#3268,#4552,.T.);
#4552 = LINE('',#4553,#4554);
#4553 = CARTESIAN_POINT('',(1.1,0.6,0.375));
#4554 = VECTOR('',#4555,1.);
#4555 = DIRECTION('',(-0.,-1.,-0.));
#4556 = ORIENTED_EDGE('',*,*,#3267,.T.);
#4557 = ORIENTED_EDGE('',*,*,#3751,.F.);
#4558 = PLANE('',#4559);
#4559 = AXIS2_PLACEMENT_3D('',#4560,#4561,#4562);
#4560 = CARTESIAN_POINT('',(1.1,0.264589803375,9.5E-02));
#4561 = DIRECTION('',(-1.,0.,0.));
#4562 = DIRECTION('',(0.,0.,1.));
#4563 = ADVANCED_FACE('',(#4564),#4575,.F.);
#4564 = FACE_BOUND('',#4565,.T.);
#4565 = EDGE_LOOP('',(#4566,#4567,#4573,#4574));
#4566 = ORIENTED_EDGE('',*,*,#3318,.T.);
#4567 = ORIENTED_EDGE('',*,*,#4568,.T.);
#4568 = EDGE_CURVE('',#3310,#3928,#4569,.T.);
#4569 = LINE('',#4570,#4571);
#4570 = CARTESIAN_POINT('',(1.23,0.68,9.5E-02));
#4571 = VECTOR('',#4572,1.);
#4572 = DIRECTION('',(0.,1.,0.));
#4573 = ORIENTED_EDGE('',*,*,#3927,.T.);
#4574 = ORIENTED_EDGE('',*,*,#3775,.T.);
#4575 = PLANE('',#4576);
#4576 = AXIS2_PLACEMENT_3D('',#4577,#4578,#4579);
#4577 = CARTESIAN_POINT('',(1.1,0.264589803375,9.5E-02));
#4578 = DIRECTION('',(-3.614007241618E-16,0.,-1.));
#4579 = DIRECTION('',(-1.,0.,3.614007241618E-16));
#4580 = ADVANCED_FACE('',(#4581),#4597,.F.);
#4581 = FACE_BOUND('',#4582,.T.);
#4582 = EDGE_LOOP('',(#4583,#4584,#4590,#4591));
#4583 = ORIENTED_EDGE('',*,*,#2971,.F.);
#4584 = ORIENTED_EDGE('',*,*,#4585,.T.);
#4585 = EDGE_CURVE('',#2964,#3302,#4586,.T.);
#4586 = LINE('',#4587,#4588);
#4587 = CARTESIAN_POINT('',(1.25,0.6,0.115));
#4588 = VECTOR('',#4589,1.);
#4589 = DIRECTION('',(-0.,-1.,-0.));
#4590 = ORIENTED_EDGE('',*,*,#3301,.T.);
#4591 = ORIENTED_EDGE('',*,*,#4592,.T.);
#4592 = EDGE_CURVE('',#3293,#2972,#4593,.T.);
#4593 = LINE('',#4594,#4595);
#4594 = CARTESIAN_POINT('',(1.25,0.68,0.375));
#4595 = VECTOR('',#4596,1.);
#4596 = DIRECTION('',(0.,1.,0.));
#4597 = PLANE('',#4598);
#4598 = AXIS2_PLACEMENT_3D('',#4599,#4600,#4601);
#4599 = CARTESIAN_POINT('',(1.25,0.264589803375,9.5E-02));
#4600 = DIRECTION('',(1.,0.,-0.));
#4601 = DIRECTION('',(-0.,0.,-1.));
#4602 = ADVANCED_FACE('',(#4603),#4620,.F.);
#4603 = FACE_BOUND('',#4604,.T.);
#4604 = EDGE_LOOP('',(#4605,#4606,#4612,#4613,#4614));
#4605 = ORIENTED_EDGE('',*,*,#3284,.T.);
#4606 = ORIENTED_EDGE('',*,*,#4607,.T.);
#4607 = EDGE_CURVE('',#3276,#3840,#4608,.T.);
#4608 = LINE('',#4609,#4610);
#4609 = CARTESIAN_POINT('',(1.12,0.679749371855,0.395));
#4610 = VECTOR('',#4611,1.);
#4611 = DIRECTION('',(0.,1.,0.));
#4612 = ORIENTED_EDGE('',*,*,#3839,.T.);
#4613 = ORIENTED_EDGE('',*,*,#2988,.T.);
#4614 = ORIENTED_EDGE('',*,*,#4615,.T.);
#4615 = EDGE_CURVE('',#2980,#3285,#4616,.T.);
#4616 = LINE('',#4617,#4618);
#4617 = CARTESIAN_POINT('',(1.23,0.6,0.395));
#4618 = VECTOR('',#4619,1.);
#4619 = DIRECTION('',(-0.,-1.,-0.));
#4620 = PLANE('',#4621);
#4621 = AXIS2_PLACEMENT_3D('',#4622,#4623,#4624);
#4622 = CARTESIAN_POINT('',(1.1,0.264589803375,0.395));
#4623 = DIRECTION('',(3.614007241618E-16,0.,1.));
#4624 = DIRECTION('',(1.,0.,-3.614007241618E-16));
#4625 = ADVANCED_FACE('',(#4626),#4632,.F.);
#4626 = FACE_BOUND('',#4627,.F.);
#4627 = EDGE_LOOP('',(#4628,#4629,#4630,#4631));
#4628 = ORIENTED_EDGE('',*,*,#4354,.T.);
#4629 = ORIENTED_EDGE('',*,*,#3956,.T.);
#4630 = ORIENTED_EDGE('',*,*,#4376,.T.);
#4631 = ORIENTED_EDGE('',*,*,#3342,.T.);
#4632 = CYLINDRICAL_SURFACE('',#4633,2.E-02);
#4633 = AXIS2_PLACEMENT_3D('',#4634,#4635,#4636);
#4634 = CARTESIAN_POINT('',(1.23,0.264589803375,-0.115));
#4635 = DIRECTION('',(0.,-1.,0.));
#4636 = DIRECTION('',(0.,0.,-1.));
#4637 = ADVANCED_FACE('',(#4638),#4644,.F.);
#4638 = FACE_BOUND('',#4639,.F.);
#4639 = EDGE_LOOP('',(#4640,#4641,#4642,#4643));
#4640 = ORIENTED_EDGE('',*,*,#4331,.T.);
#4641 = ORIENTED_EDGE('',*,*,#2946,.T.);
#4642 = ORIENTED_EDGE('',*,*,#4361,.T.);
#4643 = ORIENTED_EDGE('',*,*,#3359,.T.);
#4644 = CYLINDRICAL_SURFACE('',#4645,2.E-02);
#4645 = AXIS2_PLACEMENT_3D('',#4646,#4647,#4648);
#4646 = CARTESIAN_POINT('',(1.23,0.264589803375,-0.375));
#4647 = DIRECTION('',(0.,-1.,0.));
#4648 = DIRECTION('',(0.,0.,-1.));
#4649 = ADVANCED_FACE('',(#4650),#4656,.F.);
#4650 = FACE_BOUND('',#4651,.F.);
#4651 = EDGE_LOOP('',(#4652,#4653,#4654,#4655));
#4652 = ORIENTED_EDGE('',*,*,#4314,.T.);
#4653 = ORIENTED_EDGE('',*,*,#4069,.T.);
#4654 = ORIENTED_EDGE('',*,*,#4339,.T.);
#4655 = ORIENTED_EDGE('',*,*,#3376,.T.);
#4656 = CYLINDRICAL_SURFACE('',#4657,2.E-02);
#4657 = AXIS2_PLACEMENT_3D('',#4658,#4659,#4660);
#4658 = CARTESIAN_POINT('',(1.12,0.264589803375,-0.375));
#4659 = DIRECTION('',(0.,-1.,0.));
#4660 = DIRECTION('',(0.,0.,-1.));
#4661 = ADVANCED_FACE('',(#4662),#4668,.F.);
#4662 = FACE_BOUND('',#4663,.F.);
#4663 = EDGE_LOOP('',(#4664,#4665,#4666,#4667));
#4664 = ORIENTED_EDGE('',*,*,#4607,.T.);
#4665 = ORIENTED_EDGE('',*,*,#3849,.T.);
#4666 = ORIENTED_EDGE('',*,*,#4551,.T.);
#4667 = ORIENTED_EDGE('',*,*,#3275,.T.);
#4668 = CYLINDRICAL_SURFACE('',#4669,2.E-02);
#4669 = AXIS2_PLACEMENT_3D('',#4670,#4671,#4672);
#4670 = CARTESIAN_POINT('',(1.12,0.264589803375,0.375));
#4671 = DIRECTION('',(0.,-1.,0.));
#4672 = DIRECTION('',(0.,0.,-1.));
#4673 = ADVANCED_FACE('',(#4674),#4680,.F.);
#4674 = FACE_BOUND('',#4675,.F.);
#4675 = EDGE_LOOP('',(#4676,#4677,#4678,#4679));
#4676 = ORIENTED_EDGE('',*,*,#4568,.T.);
#4677 = ORIENTED_EDGE('',*,*,#3936,.T.);
#4678 = ORIENTED_EDGE('',*,*,#4585,.T.);
#4679 = ORIENTED_EDGE('',*,*,#3309,.T.);
#4680 = CYLINDRICAL_SURFACE('',#4681,2.E-02);
#4681 = AXIS2_PLACEMENT_3D('',#4682,#4683,#4684);
#4682 = CARTESIAN_POINT('',(1.23,0.264589803375,0.115));
#4683 = DIRECTION('',(0.,-1.,0.));
#4684 = DIRECTION('',(0.,0.,-1.));
#4685 = ADVANCED_FACE('',(#4686),#4692,.F.);
#4686 = FACE_BOUND('',#4687,.F.);
#4687 = EDGE_LOOP('',(#4688,#4689,#4690,#4691));
#4688 = ORIENTED_EDGE('',*,*,#4592,.T.);
#4689 = ORIENTED_EDGE('',*,*,#2979,.T.);
#4690 = ORIENTED_EDGE('',*,*,#4615,.T.);
#4691 = ORIENTED_EDGE('',*,*,#3292,.T.);
#4692 = CYLINDRICAL_SURFACE('',#4693,2.E-02);
#4693 = AXIS2_PLACEMENT_3D('',#4694,#4695,#4696);
#4694 = CARTESIAN_POINT('',(1.23,0.264589803375,0.375));
#4695 = DIRECTION('',(0.,-1.,0.));
#4696 = DIRECTION('',(0.,0.,-1.));
#4697 = ADVANCED_FACE('',(#4698),#4704,.F.);
#4698 = FACE_BOUND('',#4699,.F.);
#4699 = EDGE_LOOP('',(#4700,#4701,#4702,#4703));
#4700 = ORIENTED_EDGE('',*,*,#4511,.T.);
#4701 = ORIENTED_EDGE('',*,*,#3890,.T.);
#4702 = ORIENTED_EDGE('',*,*,#4528,.T.);
#4703 = ORIENTED_EDGE('',*,*,#3242,.T.);
#4704 = CYLINDRICAL_SURFACE('',#4705,2.E-02);
#4705 = AXIS2_PLACEMENT_3D('',#4706,#4707,#4708);
#4706 = CARTESIAN_POINT('',(-1.12,0.264589803375,0.375));
#4707 = DIRECTION('',(0.,-1.,0.));
#4708 = DIRECTION('',(0.,0.,-1.));
#4709 = ADVANCED_FACE('',(#4710),#4716,.F.);
#4710 = FACE_BOUND('',#4711,.F.);
#4711 = EDGE_LOOP('',(#4712,#4713,#4714,#4715));
#4712 = ORIENTED_EDGE('',*,*,#4472,.T.);
#4713 = ORIENTED_EDGE('',*,*,#4012,.T.);
#4714 = ORIENTED_EDGE('',*,*,#4494,.T.);
#4715 = ORIENTED_EDGE('',*,*,#3208,.T.);
#4716 = CYLINDRICAL_SURFACE('',#4717,2.E-02);
#4717 = AXIS2_PLACEMENT_3D('',#4718,#4719,#4720);
#4718 = CARTESIAN_POINT('',(-1.23,0.264589803375,0.115));
#4719 = DIRECTION('',(0.,-1.,0.));
#4720 = DIRECTION('',(0.,0.,-1.));
#4721 = ADVANCED_FACE('',(#4722),#4728,.F.);
#4722 = FACE_BOUND('',#4723,.F.);
#4723 = EDGE_LOOP('',(#4724,#4725,#4726,#4727));
#4724 = ORIENTED_EDGE('',*,*,#4535,.T.);
#4725 = ORIENTED_EDGE('',*,*,#3030,.T.);
#4726 = ORIENTED_EDGE('',*,*,#4479,.T.);
#4727 = ORIENTED_EDGE('',*,*,#3225,.T.);
#4728 = CYLINDRICAL_SURFACE('',#4729,2.E-02);
#4729 = AXIS2_PLACEMENT_3D('',#4730,#4731,#4732);
#4730 = CARTESIAN_POINT('',(-1.23,0.264589803375,0.375));
#4731 = DIRECTION('',(0.,-1.,0.));
#4732 = DIRECTION('',(0.,0.,-1.));
#4733 = ADVANCED_FACE('',(#4734),#4740,.F.);
#4734 = FACE_BOUND('',#4735,.F.);
#4735 = EDGE_LOOP('',(#4736,#4737,#4738,#4739));
#4736 = ORIENTED_EDGE('',*,*,#4455,.T.);
#4737 = ORIENTED_EDGE('',*,*,#3992,.T.);
#4738 = ORIENTED_EDGE('',*,*,#4393,.T.);
#4739 = ORIENTED_EDGE('',*,*,#3175,.T.);
#4740 = CYLINDRICAL_SURFACE('',#4741,2.E-02);
#4741 = AXIS2_PLACEMENT_3D('',#4742,#4743,#4744);
#4742 = CARTESIAN_POINT('',(-1.23,0.264589803375,-0.115));
#4743 = DIRECTION('',(0.,-1.,0.));
#4744 = DIRECTION('',(0.,0.,-1.));
#4745 = ADVANCED_FACE('',(#4746),#4752,.F.);
#4746 = FACE_BOUND('',#4747,.F.);
#4747 = EDGE_LOOP('',(#4748,#4749,#4750,#4751));
#4748 = ORIENTED_EDGE('',*,*,#4415,.T.);
#4749 = ORIENTED_EDGE('',*,*,#4106,.T.);
#4750 = ORIENTED_EDGE('',*,*,#4438,.T.);
#4751 = ORIENTED_EDGE('',*,*,#3141,.T.);
#4752 = CYLINDRICAL_SURFACE('',#4753,2.E-02);
#4753 = AXIS2_PLACEMENT_3D('',#4754,#4755,#4756);
#4754 = CARTESIAN_POINT('',(-1.12,0.264589803375,-0.375));
#4755 = DIRECTION('',(0.,-1.,0.));
#4756 = DIRECTION('',(0.,0.,-1.));
#4757 = ADVANCED_FACE('',(#4758),#4764,.F.);
#4758 = FACE_BOUND('',#4759,.F.);
#4759 = EDGE_LOOP('',(#4760,#4761,#4762,#4763));
#4760 = ORIENTED_EDGE('',*,*,#4400,.T.);
#4761 = ORIENTED_EDGE('',*,*,#2895,.T.);
#4762 = ORIENTED_EDGE('',*,*,#4423,.T.);
#4763 = ORIENTED_EDGE('',*,*,#3158,.T.);
#4764 = CYLINDRICAL_SURFACE('',#4765,2.E-02);
#4765 = AXIS2_PLACEMENT_3D('',#4766,#4767,#4768);
#4766 = CARTESIAN_POINT('',(-1.23,0.264589803375,-0.375));
#4767 = DIRECTION('',(0.,-1.,0.));
#4768 = DIRECTION('',(0.,0.,-1.));
#4769 = ( GEOMETRIC_REPRESENTATION_CONTEXT(3) 
GLOBAL_UNCERTAINTY_ASSIGNED_CONTEXT((#4773)) 
GLOBAL_UNIT_ASSIGNED_CONTEXT((#4770,#4771,#4772)) REPRESENTATION_CONTEXT
('Context #1','3D Context with UNIT and UNCERTAINTY') );
#4770 = ( LENGTH_UNIT() NAMED_UNIT(*) SI_UNIT(.MILLI.,.METRE.) );
#4771 = ( NAMED_UNIT(*) PLANE_ANGLE_UNIT() SI_UNIT($,.RADIAN.) );
#4772 = ( NAMED_UNIT(*) SI_UNIT($,.STERADIAN.) SOLID_ANGLE_UNIT() );
#4773 = UNCERTAINTY_MEASURE_WITH_UNIT(LENGTH_MEASURE(5.E-07),#4770,
  'distance_accuracy_value','confusion accuracy');
#4774 = CONTEXT_DEPENDENT_SHAPE_REPRESENTATION(#4775,#4777);
#4775 = ( REPRESENTATION_RELATIONSHIP('','',#2878,#10) 
REPRESENTATION_RELATIONSHIP_WITH_TRANSFORMATION(#4776) 
SHAPE_REPRESENTATION_RELATIONSHIP() );
#4776 = ITEM_DEFINED_TRANSFORMATION('','',#11,#43);
#4777 = PRODUCT_DEFINITION_SHAPE('Placement','Placement of an item',
  #4778);
#4778 = NEXT_ASSEMBLY_USAGE_OCCURRENCE('8','FC-142','',#5,#2873,$);
#4779 = PRODUCT_RELATED_PRODUCT_CATEGORY('part',$,(#2875));
#4780 = SHAPE_DEFINITION_REPRESENTATION(#4781,#4787);
#4781 = PRODUCT_DEFINITION_SHAPE('','',#4782);
#4782 = PRODUCT_DEFINITION('design','',#4783,#4786);
#4783 = PRODUCT_DEFINITION_FORMATION('','',#4784);
#4784 = PRODUCT('FC-143','FC-143','',(#4785));
#4785 = PRODUCT_CONTEXT('',#2,'mechanical');
#4786 = PRODUCT_DEFINITION_CONTEXT('part definition',#2,'design');
#4787 = ADVANCED_BREP_SHAPE_REPRESENTATION('',(#11,#4788),#4958);
#4788 = MANIFOLD_SOLID_BREP('',#4789);
#4789 = CLOSED_SHELL('',(#4790,#4834,#4876,#4900,#4920,#4930,#4946));
#4790 = ADVANCED_FACE('',(#4791),#4829,.F.);
#4791 = FACE_BOUND('',#4792,.F.);
#4792 = EDGE_LOOP('',(#4793,#4804,#4813,#4822));
#4793 = ORIENTED_EDGE('',*,*,#4794,.T.);
#4794 = EDGE_CURVE('',#4795,#4797,#4799,.T.);
#4795 = VERTEX_POINT('',#4796);
#4796 = CARTESIAN_POINT('',(0.,1.E-02,-0.26));
#4797 = VERTEX_POINT('',#4798);
#4798 = CARTESIAN_POINT('',(0.,0.,-0.27));
#4799 = CIRCLE('',#4800,1.E-02);
#4800 = AXIS2_PLACEMENT_3D('',#4801,#4802,#4803);
#4801 = CARTESIAN_POINT('',(0.,0.,-0.26));
#4802 = DIRECTION('',(-1.,0.,-0.));
#4803 = DIRECTION('',(-0.,0.,1.));
#4804 = ORIENTED_EDGE('',*,*,#4805,.F.);
#4805 = EDGE_CURVE('',#4806,#4797,#4808,.T.);
#4806 = VERTEX_POINT('',#4807);
#4807 = CARTESIAN_POINT('',(3.306546357698E-17,0.,0.27));
#4808 = CIRCLE('',#4809,0.27);
#4809 = AXIS2_PLACEMENT_3D('',#4810,#4811,#4812);
#4810 = CARTESIAN_POINT('',(0.,0.,0.));
#4811 = DIRECTION('',(0.,-1.,0.));
#4812 = DIRECTION('',(0.,0.,-1.));
#4813 = ORIENTED_EDGE('',*,*,#4814,.F.);
#4814 = EDGE_CURVE('',#4815,#4806,#4817,.T.);
#4815 = VERTEX_POINT('',#4816);
#4816 = CARTESIAN_POINT('',(3.24531401774E-17,1.E-02,0.26));
#4817 = CIRCLE('',#4818,1.E-02);
#4818 = AXIS2_PLACEMENT_3D('',#4819,#4820,#4821);
#4819 = CARTESIAN_POINT('',(3.184081677783E-17,0.,0.26));
#4820 = DIRECTION('',(1.,0.,-1.224646799147E-16));
#4821 = DIRECTION('',(-1.224646799147E-16,0.,-1.));
#4822 = ORIENTED_EDGE('',*,*,#4823,.T.);
#4823 = EDGE_CURVE('',#4815,#4795,#4824,.T.);
#4824 = CIRCLE('',#4825,0.26);
#4825 = AXIS2_PLACEMENT_3D('',#4826,#4827,#4828);
#4826 = CARTESIAN_POINT('',(0.,1.E-02,0.));
#4827 = DIRECTION('',(0.,-1.,0.));
#4828 = DIRECTION('',(0.,0.,-1.));
#4829 = TOROIDAL_SURFACE('',#4830,0.26,1.E-02);
#4830 = AXIS2_PLACEMENT_3D('',#4831,#4832,#4833);
#4831 = CARTESIAN_POINT('',(0.,0.,0.));
#4832 = DIRECTION('',(0.,-1.,0.));
#4833 = DIRECTION('',(0.,0.,-1.));
#4834 = ADVANCED_FACE('',(#4835),#4871,.T.);
#4835 = FACE_BOUND('',#4836,.T.);
#4836 = EDGE_LOOP('',(#4837,#4848,#4856,#4865));
#4837 = ORIENTED_EDGE('',*,*,#4838,.F.);
#4838 = EDGE_CURVE('',#4839,#4841,#4843,.T.);
#4839 = VERTEX_POINT('',#4840);
#4840 = CARTESIAN_POINT('',(3.367778697655E-17,0.,-0.275));
#4841 = VERTEX_POINT('',#4842);
#4842 = CARTESIAN_POINT('',(0.,0.,0.275));
#4843 = CIRCLE('',#4844,0.275);
#4844 = AXIS2_PLACEMENT_3D('',#4845,#4846,#4847);
#4845 = CARTESIAN_POINT('',(0.,0.,0.));
#4846 = DIRECTION('',(0.,-1.,0.));
#4847 = DIRECTION('',(0.,0.,-1.));
#4848 = ORIENTED_EDGE('',*,*,#4849,.T.);
#4849 = EDGE_CURVE('',#4839,#4850,#4852,.T.);
#4850 = VERTEX_POINT('',#4851);
#4851 = CARTESIAN_POINT('',(3.367778697655E-17,0.15,-0.275));
#4852 = LINE('',#4853,#4854);
#4853 = CARTESIAN_POINT('',(3.367778697655E-17,0.,-0.275));
#4854 = VECTOR('',#4855,1.);
#4855 = DIRECTION('',(-0.,1.,-0.));
#4856 = ORIENTED_EDGE('',*,*,#4857,.T.);
#4857 = EDGE_CURVE('',#4850,#4858,#4860,.T.);
#4858 = VERTEX_POINT('',#4859);
#4859 = CARTESIAN_POINT('',(0.,0.15,0.275));
#4860 = CIRCLE('',#4861,0.275);
#4861 = AXIS2_PLACEMENT_3D('',#4862,#4863,#4864);
#4862 = CARTESIAN_POINT('',(0.,0.15,0.));
#4863 = DIRECTION('',(0.,-1.,0.));
#4864 = DIRECTION('',(0.,0.,-1.));
#4865 = ORIENTED_EDGE('',*,*,#4866,.F.);
#4866 = EDGE_CURVE('',#4841,#4858,#4867,.T.);
#4867 = LINE('',#4868,#4869);
#4868 = CARTESIAN_POINT('',(0.,0.,0.275));
#4869 = VECTOR('',#4870,1.);
#4870 = DIRECTION('',(-0.,1.,-0.));
#4871 = CYLINDRICAL_SURFACE('',#4872,0.275);
#4872 = AXIS2_PLACEMENT_3D('',#4873,#4874,#4875);
#4873 = CARTESIAN_POINT('',(0.,0.,0.));
#4874 = DIRECTION('',(-0.,1.,-0.));
#4875 = DIRECTION('',(0.,0.,1.));
#4876 = ADVANCED_FACE('',(#4877),#4895,.T.);
#4877 = FACE_BOUND('',#4878,.T.);
#4878 = EDGE_LOOP('',(#4879,#4880,#4887,#4888));
#4879 = ORIENTED_EDGE('',*,*,#4849,.F.);
#4880 = ORIENTED_EDGE('',*,*,#4881,.F.);
#4881 = EDGE_CURVE('',#4841,#4839,#4882,.T.);
#4882 = CIRCLE('',#4883,0.275);
#4883 = AXIS2_PLACEMENT_3D('',#4884,#4885,#4886);
#4884 = CARTESIAN_POINT('',(0.,0.,0.));
#4885 = DIRECTION('',(0.,-1.,0.));
#4886 = DIRECTION('',(0.,0.,-1.));
#4887 = ORIENTED_EDGE('',*,*,#4866,.T.);
#4888 = ORIENTED_EDGE('',*,*,#4889,.T.);
#4889 = EDGE_CURVE('',#4858,#4850,#4890,.T.);
#4890 = CIRCLE('',#4891,0.275);
#4891 = AXIS2_PLACEMENT_3D('',#4892,#4893,#4894);
#4892 = CARTESIAN_POINT('',(0.,0.15,0.));
#4893 = DIRECTION('',(0.,-1.,0.));
#4894 = DIRECTION('',(0.,0.,-1.));
#4895 = CYLINDRICAL_SURFACE('',#4896,0.275);
#4896 = AXIS2_PLACEMENT_3D('',#4897,#4898,#4899);
#4897 = CARTESIAN_POINT('',(0.,0.,0.));
#4898 = DIRECTION('',(-0.,1.,-0.));
#4899 = DIRECTION('',(0.,0.,1.));
#4900 = ADVANCED_FACE('',(#4901,#4911),#4915,.T.);
#4901 = FACE_BOUND('',#4902,.T.);
#4902 = EDGE_LOOP('',(#4903,#4910));
#4903 = ORIENTED_EDGE('',*,*,#4904,.F.);
#4904 = EDGE_CURVE('',#4797,#4806,#4905,.T.);
#4905 = CIRCLE('',#4906,0.27);
#4906 = AXIS2_PLACEMENT_3D('',#4907,#4908,#4909);
#4907 = CARTESIAN_POINT('',(0.,0.,0.));
#4908 = DIRECTION('',(0.,-1.,0.));
#4909 = DIRECTION('',(0.,0.,-1.));
#4910 = ORIENTED_EDGE('',*,*,#4805,.F.);
#4911 = FACE_BOUND('',#4912,.T.);
#4912 = EDGE_LOOP('',(#4913,#4914));
#4913 = ORIENTED_EDGE('',*,*,#4881,.T.);
#4914 = ORIENTED_EDGE('',*,*,#4838,.T.);
#4915 = PLANE('',#4916);
#4916 = AXIS2_PLACEMENT_3D('',#4917,#4918,#4919);
#4917 = CARTESIAN_POINT('',(0.,0.,0.));
#4918 = DIRECTION('',(0.,-1.,0.));
#4919 = DIRECTION('',(0.,-0.,-1.));
#4920 = ADVANCED_FACE('',(#4921),#4925,.F.);
#4921 = FACE_BOUND('',#4922,.T.);
#4922 = EDGE_LOOP('',(#4923,#4924));
#4923 = ORIENTED_EDGE('',*,*,#4889,.F.);
#4924 = ORIENTED_EDGE('',*,*,#4857,.F.);
#4925 = PLANE('',#4926);
#4926 = AXIS2_PLACEMENT_3D('',#4927,#4928,#4929);
#4927 = CARTESIAN_POINT('',(0.,0.15,0.));
#4928 = DIRECTION('',(0.,-1.,0.));
#4929 = DIRECTION('',(0.,-0.,-1.));
#4930 = ADVANCED_FACE('',(#4931),#4941,.T.);
#4931 = FACE_BOUND('',#4932,.T.);
#4932 = EDGE_LOOP('',(#4933,#4940));
#4933 = ORIENTED_EDGE('',*,*,#4934,.T.);
#4934 = EDGE_CURVE('',#4795,#4815,#4935,.T.);
#4935 = CIRCLE('',#4936,0.26);
#4936 = AXIS2_PLACEMENT_3D('',#4937,#4938,#4939);
#4937 = CARTESIAN_POINT('',(0.,1.E-02,0.));
#4938 = DIRECTION('',(0.,-1.,0.));
#4939 = DIRECTION('',(0.,0.,-1.));
#4940 = ORIENTED_EDGE('',*,*,#4823,.T.);
#4941 = PLANE('',#4942);
#4942 = AXIS2_PLACEMENT_3D('',#4943,#4944,#4945);
#4943 = CARTESIAN_POINT('',(0.,1.E-02,0.));
#4944 = DIRECTION('',(0.,-1.,0.));
#4945 = DIRECTION('',(0.,-0.,-1.));
#4946 = ADVANCED_FACE('',(#4947),#4953,.F.);
#4947 = FACE_BOUND('',#4948,.F.);
#4948 = EDGE_LOOP('',(#4949,#4950,#4951,#4952));
#4949 = ORIENTED_EDGE('',*,*,#4904,.F.);
#4950 = ORIENTED_EDGE('',*,*,#4794,.F.);
#4951 = ORIENTED_EDGE('',*,*,#4934,.T.);
#4952 = ORIENTED_EDGE('',*,*,#4814,.T.);
#4953 = TOROIDAL_SURFACE('',#4954,0.26,1.E-02);
#4954 = AXIS2_PLACEMENT_3D('',#4955,#4956,#4957);
#4955 = CARTESIAN_POINT('',(0.,0.,0.));
#4956 = DIRECTION('',(0.,-1.,0.));
#4957 = DIRECTION('',(0.,0.,-1.));
#4958 = ( GEOMETRIC_REPRESENTATION_CONTEXT(3) 
GLOBAL_UNCERTAINTY_ASSIGNED_CONTEXT((#4962)) 
GLOBAL_UNIT_ASSIGNED_CONTEXT((#4959,#4960,#4961)) REPRESENTATION_CONTEXT
('Context #1','3D Context with UNIT and UNCERTAINTY') );
#4959 = ( LENGTH_UNIT() NAMED_UNIT(*) SI_UNIT(.MILLI.,.METRE.) );
#4960 = ( NAMED_UNIT(*) PLANE_ANGLE_UNIT() SI_UNIT($,.RADIAN.) );
#4961 = ( NAMED_UNIT(*) SI_UNIT($,.STERADIAN.) SOLID_ANGLE_UNIT() );
#4962 = UNCERTAINTY_MEASURE_WITH_UNIT(LENGTH_MEASURE(1.E-07),#4959,
  'distance_accuracy_value','confusion accuracy');
#4963 = CONTEXT_DEPENDENT_SHAPE_REPRESENTATION(#4964,#4966);
#4964 = ( REPRESENTATION_RELATIONSHIP('','',#4787,#10) 
REPRESENTATION_RELATIONSHIP_WITH_TRANSFORMATION(#4965) 
SHAPE_REPRESENTATION_RELATIONSHIP() );
#4965 = ITEM_DEFINED_TRANSFORMATION('','',#11,#47);
#4966 = PRODUCT_DEFINITION_SHAPE('Placement','Placement of an item',
  #4967);
#4967 = NEXT_ASSEMBLY_USAGE_OCCURRENCE('9','FC-143','',#5,#4782,$);
#4968 = PRODUCT_RELATED_PRODUCT_CATEGORY('part',$,(#4784));
#4969 = SHAPE_DEFINITION_REPRESENTATION(#4970,#4976);
#4970 = PRODUCT_DEFINITION_SHAPE('','',#4971);
#4971 = PRODUCT_DEFINITION('design','',#4972,#4975);
#4972 = PRODUCT_DEFINITION_FORMATION('','',#4973);
#4973 = PRODUCT('FC-144','FC-144','',(#4974));
#4974 = PRODUCT_CONTEXT('',#2,'mechanical');
#4975 = PRODUCT_DEFINITION_CONTEXT('part definition',#2,'design');
#4976 = ADVANCED_BREP_SHAPE_REPRESENTATION('',(#11,#4977),#5259);
#4977 = MANIFOLD_SOLID_BREP('',#4978);
#4978 = CLOSED_SHELL('',(#4979,#5019,#5059,#5099,#5139,#5175,#5211,#5223
    ,#5235,#5247));
#4979 = ADVANCED_FACE('',(#4980),#5014,.F.);
#4980 = FACE_BOUND('',#4981,.T.);
#4981 = EDGE_LOOP('',(#4982,#4992,#5000,#5008));
#4982 = ORIENTED_EDGE('',*,*,#4983,.T.);
#4983 = EDGE_CURVE('',#4984,#4986,#4988,.T.);
#4984 = VERTEX_POINT('',#4985);
#4985 = CARTESIAN_POINT('',(-1.475,0.681,-0.513));
#4986 = VERTEX_POINT('',#4987);
#4987 = CARTESIAN_POINT('',(-1.475,0.681,0.513));
#4988 = LINE('',#4989,#4990);
#4989 = CARTESIAN_POINT('',(-1.475,0.681,0.625));
#4990 = VECTOR('',#4991,1.);
#4991 = DIRECTION('',(-0.,-0.,1.));
#4992 = ORIENTED_EDGE('',*,*,#4993,.T.);
#4993 = EDGE_CURVE('',#4986,#4994,#4996,.T.);
#4994 = VERTEX_POINT('',#4995);
#4995 = CARTESIAN_POINT('',(-1.475,0.826,0.513));
#4996 = LINE('',#4997,#4998);
#4997 = CARTESIAN_POINT('',(-1.475,0.826,0.513));
#4998 = VECTOR('',#4999,1.);
#4999 = DIRECTION('',(0.,1.,0.));
#5000 = ORIENTED_EDGE('',*,*,#5001,.F.);
#5001 = EDGE_CURVE('',#5002,#4994,#5004,.T.);
#5002 = VERTEX_POINT('',#5003);
#5003 = CARTESIAN_POINT('',(-1.475,0.826,-0.513));
#5004 = LINE('',#5005,#5006);
#5005 = CARTESIAN_POINT('',(-1.475,0.826,0.625));
#5006 = VECTOR('',#5007,1.);
#5007 = DIRECTION('',(-0.,-0.,1.));
#5008 = ORIENTED_EDGE('',*,*,#5009,.T.);
#5009 = EDGE_CURVE('',#5002,#4984,#5010,.T.);
#5010 = LINE('',#5011,#5012);
#5011 = CARTESIAN_POINT('',(-1.475,0.826,-0.513));
#5012 = VECTOR('',#5013,1.);
#5013 = DIRECTION('',(0.,-1.,0.));
#5014 = PLANE('',#5015);
#5015 = AXIS2_PLACEMENT_3D('',#5016,#5017,#5018);
#5016 = CARTESIAN_POINT('',(-1.475,0.826,0.625));
#5017 = DIRECTION('',(1.,-0.,0.));
#5018 = DIRECTION('',(0.,0.,-1.));
#5019 = ADVANCED_FACE('',(#5020),#5054,.F.);
#5020 = FACE_BOUND('',#5021,.T.);
#5021 = EDGE_LOOP('',(#5022,#5032,#5040,#5048));
#5022 = ORIENTED_EDGE('',*,*,#5023,.F.);
#5023 = EDGE_CURVE('',#5024,#5026,#5028,.T.);
#5024 = VERTEX_POINT('',#5025);
#5025 = CARTESIAN_POINT('',(-1.25,0.826,0.625));
#5026 = VERTEX_POINT('',#5027);
#5027 = CARTESIAN_POINT('',(1.25,0.826,0.625));
#5028 = LINE('',#5029,#5030);
#5029 = CARTESIAN_POINT('',(1.475,0.826,0.625));
#5030 = VECTOR('',#5031,1.);
#5031 = DIRECTION('',(1.,-0.,-1.102578480494E-16));
#5032 = ORIENTED_EDGE('',*,*,#5033,.T.);
#5033 = EDGE_CURVE('',#5024,#5034,#5036,.T.);
#5034 = VERTEX_POINT('',#5035);
#5035 = CARTESIAN_POINT('',(-1.25,0.681,0.625));
#5036 = LINE('',#5037,#5038);
#5037 = CARTESIAN_POINT('',(-1.25,0.826,0.625));
#5038 = VECTOR('',#5039,1.);
#5039 = DIRECTION('',(0.,-1.,0.));
#5040 = ORIENTED_EDGE('',*,*,#5041,.T.);
#5041 = EDGE_CURVE('',#5034,#5042,#5044,.T.);
#5042 = VERTEX_POINT('',#5043);
#5043 = CARTESIAN_POINT('',(1.25,0.681,0.625));
#5044 = LINE('',#5045,#5046);
#5045 = CARTESIAN_POINT('',(1.475,0.681,0.625));
#5046 = VECTOR('',#5047,1.);
#5047 = DIRECTION('',(1.,-0.,-1.102578480494E-16));
#5048 = ORIENTED_EDGE('',*,*,#5049,.T.);
#5049 = EDGE_CURVE('',#5042,#5026,#5050,.T.);
#5050 = LINE('',#5051,#5052);
#5051 = CARTESIAN_POINT('',(1.25,0.826,0.625));
#5052 = VECTOR('',#5053,1.);
#5053 = DIRECTION('',(0.,1.,0.));
#5054 = PLANE('',#5055);
#5055 = AXIS2_PLACEMENT_3D('',#5056,#5057,#5058);
#5056 = CARTESIAN_POINT('',(1.475,0.826,0.625));
#5057 = DIRECTION('',(-1.102578480494E-16,0.,-1.));
#5058 = DIRECTION('',(-1.,0.,1.102578480494E-16));
#5059 = ADVANCED_FACE('',(#5060),#5094,.F.);
#5060 = FACE_BOUND('',#5061,.T.);
#5061 = EDGE_LOOP('',(#5062,#5072,#5080,#5088));
#5062 = ORIENTED_EDGE('',*,*,#5063,.T.);
#5063 = EDGE_CURVE('',#5064,#5066,#5068,.T.);
#5064 = VERTEX_POINT('',#5065);
#5065 = CARTESIAN_POINT('',(1.475,0.681,0.513));
#5066 = VERTEX_POINT('',#5067);
#5067 = CARTESIAN_POINT('',(1.475,0.681,-0.513));
#5068 = LINE('',#5069,#5070);
#5069 = CARTESIAN_POINT('',(1.475,0.681,0.625));
#5070 = VECTOR('',#5071,1.);
#5071 = DIRECTION('',(0.,0.,-1.));
#5072 = ORIENTED_EDGE('',*,*,#5073,.T.);
#5073 = EDGE_CURVE('',#5066,#5074,#5076,.T.);
#5074 = VERTEX_POINT('',#5075);
#5075 = CARTESIAN_POINT('',(1.475,0.826,-0.513));
#5076 = LINE('',#5077,#5078);
#5077 = CARTESIAN_POINT('',(1.475,0.826,-0.513));
#5078 = VECTOR('',#5079,1.);
#5079 = DIRECTION('',(0.,1.,0.));
#5080 = ORIENTED_EDGE('',*,*,#5081,.F.);
#5081 = EDGE_CURVE('',#5082,#5074,#5084,.T.);
#5082 = VERTEX_POINT('',#5083);
#5083 = CARTESIAN_POINT('',(1.475,0.826,0.513));
#5084 = LINE('',#5085,#5086);
#5085 = CARTESIAN_POINT('',(1.475,0.826,0.625));
#5086 = VECTOR('',#5087,1.);
#5087 = DIRECTION('',(0.,0.,-1.));
#5088 = ORIENTED_EDGE('',*,*,#5089,.T.);
#5089 = EDGE_CURVE('',#5082,#5064,#5090,.T.);
#5090 = LINE('',#5091,#5092);
#5091 = CARTESIAN_POINT('',(1.475,0.826,0.513));
#5092 = VECTOR('',#5093,1.);
#5093 = DIRECTION('',(0.,-1.,0.));
#5094 = PLANE('',#5095);
#5095 = AXIS2_PLACEMENT_3D('',#5096,#5097,#5098);
#5096 = CARTESIAN_POINT('',(1.475,0.826,0.625));
#5097 = DIRECTION('',(-1.,0.,0.));
#5098 = DIRECTION('',(0.,0.,1.));
#5099 = ADVANCED_FACE('',(#5100),#5134,.F.);
#5100 = FACE_BOUND('',#5101,.T.);
#5101 = EDGE_LOOP('',(#5102,#5112,#5120,#5128));
#5102 = ORIENTED_EDGE('',*,*,#5103,.F.);
#5103 = EDGE_CURVE('',#5104,#5106,#5108,.T.);
#5104 = VERTEX_POINT('',#5105);
#5105 = CARTESIAN_POINT('',(1.25,0.826,-0.625));
#5106 = VERTEX_POINT('',#5107);
#5107 = CARTESIAN_POINT('',(-1.25,0.826,-0.625));
#5108 = LINE('',#5109,#5110);
#5109 = CARTESIAN_POINT('',(1.475,0.826,-0.625));
#5110 = VECTOR('',#5111,1.);
#5111 = DIRECTION('',(-1.,0.,1.837630800823E-16));
#5112 = ORIENTED_EDGE('',*,*,#5113,.T.);
#5113 = EDGE_CURVE('',#5104,#5114,#5116,.T.);
#5114 = VERTEX_POINT('',#5115);
#5115 = CARTESIAN_POINT('',(1.25,0.681,-0.625));
#5116 = LINE('',#5117,#5118);
#5117 = CARTESIAN_POINT('',(1.25,0.826,-0.625));
#5118 = VECTOR('',#5119,1.);
#5119 = DIRECTION('',(0.,-1.,0.));
#5120 = ORIENTED_EDGE('',*,*,#5121,.T.);
#5121 = EDGE_CURVE('',#5114,#5122,#5124,.T.);
#5122 = VERTEX_POINT('',#5123);
#5123 = CARTESIAN_POINT('',(-1.25,0.681,-0.625));
#5124 = LINE('',#5125,#5126);
#5125 = CARTESIAN_POINT('',(1.475,0.681,-0.625));
#5126 = VECTOR('',#5127,1.);
#5127 = DIRECTION('',(-1.,0.,1.837630800823E-16));
#5128 = ORIENTED_EDGE('',*,*,#5129,.T.);
#5129 = EDGE_CURVE('',#5122,#5106,#5130,.T.);
#5130 = LINE('',#5131,#5132);
#5131 = CARTESIAN_POINT('',(-1.25,0.826,-0.625));
#5132 = VECTOR('',#5133,1.);
#5133 = DIRECTION('',(0.,1.,0.));
#5134 = PLANE('',#5135);
#5135 = AXIS2_PLACEMENT_3D('',#5136,#5137,#5138);
#5136 = CARTESIAN_POINT('',(1.475,0.826,-0.625));
#5137 = DIRECTION('',(1.837630800823E-16,-0.,1.));
#5138 = DIRECTION('',(1.,0.,-1.837630800823E-16));
#5139 = ADVANCED_FACE('',(#5140),#5170,.T.);
#5140 = FACE_BOUND('',#5141,.T.);
#5141 = EDGE_LOOP('',(#5142,#5143,#5149,#5150,#5156,#5157,#5163,#5164));
#5142 = ORIENTED_EDGE('',*,*,#5081,.T.);
#5143 = ORIENTED_EDGE('',*,*,#5144,.T.);
#5144 = EDGE_CURVE('',#5074,#5104,#5145,.T.);
#5145 = LINE('',#5146,#5147);
#5146 = CARTESIAN_POINT('',(0.497554180057,0.826,-0.99955080815));
#5147 = VECTOR('',#5148,1.);
#5148 = DIRECTION('',(-0.89522152754,-0.,-0.445621382598));
#5149 = ORIENTED_EDGE('',*,*,#5103,.T.);
#5150 = ORIENTED_EDGE('',*,*,#5151,.T.);
#5151 = EDGE_CURVE('',#5106,#5002,#5152,.T.);
#5152 = LINE('',#5153,#5154);
#5153 = CARTESIAN_POINT('',(-0.497554180057,0.826,-0.99955080815));
#5154 = VECTOR('',#5155,1.);
#5155 = DIRECTION('',(-0.89522152754,-0.,0.445621382598));
#5156 = ORIENTED_EDGE('',*,*,#5001,.T.);
#5157 = ORIENTED_EDGE('',*,*,#5158,.T.);
#5158 = EDGE_CURVE('',#4994,#5024,#5159,.T.);
#5159 = LINE('',#5160,#5161);
#5160 = CARTESIAN_POINT('',(-0.497554180057,0.826,0.99955080815));
#5161 = VECTOR('',#5162,1.);
#5162 = DIRECTION('',(0.89522152754,-0.,0.445621382598));
#5163 = ORIENTED_EDGE('',*,*,#5023,.T.);
#5164 = ORIENTED_EDGE('',*,*,#5165,.T.);
#5165 = EDGE_CURVE('',#5026,#5082,#5166,.T.);
#5166 = LINE('',#5167,#5168);
#5167 = CARTESIAN_POINT('',(0.497554180057,0.826,0.99955080815));
#5168 = VECTOR('',#5169,1.);
#5169 = DIRECTION('',(0.89522152754,-0.,-0.445621382598));
#5170 = PLANE('',#5171);
#5171 = AXIS2_PLACEMENT_3D('',#5172,#5173,#5174);
#5172 = CARTESIAN_POINT('',(0.,0.826,0.));
#5173 = DIRECTION('',(0.,1.,0.));
#5174 = DIRECTION('',(0.,-0.,1.));
#5175 = ADVANCED_FACE('',(#5176),#5206,.F.);
#5176 = FACE_BOUND('',#5177,.T.);
#5177 = EDGE_LOOP('',(#5178,#5179,#5185,#5186,#5192,#5193,#5199,#5200));
#5178 = ORIENTED_EDGE('',*,*,#5121,.F.);
#5179 = ORIENTED_EDGE('',*,*,#5180,.T.);
#5180 = EDGE_CURVE('',#5114,#5066,#5181,.T.);
#5181 = LINE('',#5182,#5183);
#5182 = CARTESIAN_POINT('',(1.25,0.681,-0.625));
#5183 = VECTOR('',#5184,1.);
#5184 = DIRECTION('',(0.89522152754,-0.,0.445621382598));
#5185 = ORIENTED_EDGE('',*,*,#5063,.F.);
#5186 = ORIENTED_EDGE('',*,*,#5187,.T.);
#5187 = EDGE_CURVE('',#5064,#5042,#5188,.T.);
#5188 = LINE('',#5189,#5190);
#5189 = CARTESIAN_POINT('',(1.475,0.681,0.513));
#5190 = VECTOR('',#5191,1.);
#5191 = DIRECTION('',(-0.89522152754,-0.,0.445621382598));
#5192 = ORIENTED_EDGE('',*,*,#5041,.F.);
#5193 = ORIENTED_EDGE('',*,*,#5194,.T.);
#5194 = EDGE_CURVE('',#5034,#4986,#5195,.T.);
#5195 = LINE('',#5196,#5197);
#5196 = CARTESIAN_POINT('',(-1.25,0.681,0.625));
#5197 = VECTOR('',#5198,1.);
#5198 = DIRECTION('',(-0.89522152754,-0.,-0.445621382598));
#5199 = ORIENTED_EDGE('',*,*,#4983,.F.);
#5200 = ORIENTED_EDGE('',*,*,#5201,.T.);
#5201 = EDGE_CURVE('',#4984,#5122,#5202,.T.);
#5202 = LINE('',#5203,#5204);
#5203 = CARTESIAN_POINT('',(-1.475,0.681,-0.513));
#5204 = VECTOR('',#5205,1.);
#5205 = DIRECTION('',(0.89522152754,-0.,-0.445621382598));
#5206 = PLANE('',#5207);
#5207 = AXIS2_PLACEMENT_3D('',#5208,#5209,#5210);
#5208 = CARTESIAN_POINT('',(0.,0.681,0.));
#5209 = DIRECTION('',(0.,1.,0.));
#5210 = DIRECTION('',(0.,-0.,1.));
#5211 = ADVANCED_FACE('',(#5212),#5218,.F.);
#5212 = FACE_BOUND('',#5213,.T.);
#5213 = EDGE_LOOP('',(#5214,#5215,#5216,#5217));
#5214 = ORIENTED_EDGE('',*,*,#5151,.F.);
#5215 = ORIENTED_EDGE('',*,*,#5129,.F.);
#5216 = ORIENTED_EDGE('',*,*,#5201,.F.);
#5217 = ORIENTED_EDGE('',*,*,#5009,.F.);
#5218 = PLANE('',#5219);
#5219 = AXIS2_PLACEMENT_3D('',#5220,#5221,#5222);
#5220 = CARTESIAN_POINT('',(-1.475,0.826,-0.513));
#5221 = DIRECTION('',(0.445621382598,0.,0.89522152754));
#5222 = DIRECTION('',(0.,-1.,0.));
#5223 = ADVANCED_FACE('',(#5224),#5230,.F.);
#5224 = FACE_BOUND('',#5225,.T.);
#5225 = EDGE_LOOP('',(#5226,#5227,#5228,#5229));
#5226 = ORIENTED_EDGE('',*,*,#5165,.F.);
#5227 = ORIENTED_EDGE('',*,*,#5049,.F.);
#5228 = ORIENTED_EDGE('',*,*,#5187,.F.);
#5229 = ORIENTED_EDGE('',*,*,#5089,.F.);
#5230 = PLANE('',#5231);
#5231 = AXIS2_PLACEMENT_3D('',#5232,#5233,#5234);
#5232 = CARTESIAN_POINT('',(1.475,0.826,0.513));
#5233 = DIRECTION('',(-0.445621382598,-0.,-0.89522152754));
#5234 = DIRECTION('',(0.,-1.,0.));
#5235 = ADVANCED_FACE('',(#5236),#5242,.F.);
#5236 = FACE_BOUND('',#5237,.T.);
#5237 = EDGE_LOOP('',(#5238,#5239,#5240,#5241));
#5238 = ORIENTED_EDGE('',*,*,#5144,.F.);
#5239 = ORIENTED_EDGE('',*,*,#5073,.F.);
#5240 = ORIENTED_EDGE('',*,*,#5180,.F.);
#5241 = ORIENTED_EDGE('',*,*,#5113,.F.);
#5242 = PLANE('',#5243);
#5243 = AXIS2_PLACEMENT_3D('',#5244,#5245,#5246);
#5244 = CARTESIAN_POINT('',(1.25,0.826,-0.625));
#5245 = DIRECTION('',(-0.445621382598,0.,0.89522152754));
#5246 = DIRECTION('',(0.,-1.,0.));
#5247 = ADVANCED_FACE('',(#5248),#5254,.F.);
#5248 = FACE_BOUND('',#5249,.T.);
#5249 = EDGE_LOOP('',(#5250,#5251,#5252,#5253));
#5250 = ORIENTED_EDGE('',*,*,#5158,.F.);
#5251 = ORIENTED_EDGE('',*,*,#4993,.F.);
#5252 = ORIENTED_EDGE('',*,*,#5194,.F.);
#5253 = ORIENTED_EDGE('',*,*,#5033,.F.);
#5254 = PLANE('',#5255);
#5255 = AXIS2_PLACEMENT_3D('',#5256,#5257,#5258);
#5256 = CARTESIAN_POINT('',(-1.25,0.826,0.625));
#5257 = DIRECTION('',(0.445621382598,0.,-0.89522152754));
#5258 = DIRECTION('',(0.,-1.,0.));
#5259 = ( GEOMETRIC_REPRESENTATION_CONTEXT(3) 
GLOBAL_UNCERTAINTY_ASSIGNED_CONTEXT((#5263)) 
GLOBAL_UNIT_ASSIGNED_CONTEXT((#5260,#5261,#5262)) REPRESENTATION_CONTEXT
('Context #1','3D Context with UNIT and UNCERTAINTY') );
#5260 = ( LENGTH_UNIT() NAMED_UNIT(*) SI_UNIT(.MILLI.,.METRE.) );
#5261 = ( NAMED_UNIT(*) PLANE_ANGLE_UNIT() SI_UNIT($,.RADIAN.) );
#5262 = ( NAMED_UNIT(*) SI_UNIT($,.STERADIAN.) SOLID_ANGLE_UNIT() );
#5263 = UNCERTAINTY_MEASURE_WITH_UNIT(LENGTH_MEASURE(1.E-07),#5260,
  'distance_accuracy_value','confusion accuracy');
#5264 = CONTEXT_DEPENDENT_SHAPE_REPRESENTATION(#5265,#5267);
#5265 = ( REPRESENTATION_RELATIONSHIP('','',#4976,#10) 
REPRESENTATION_RELATIONSHIP_WITH_TRANSFORMATION(#5266) 
SHAPE_REPRESENTATION_RELATIONSHIP() );
#5266 = ITEM_DEFINED_TRANSFORMATION('','',#11,#51);
#5267 = PRODUCT_DEFINITION_SHAPE('Placement','Placement of an item',
  #5268);
#5268 = NEXT_ASSEMBLY_USAGE_OCCURRENCE('10','FC-144','',#5,#4971,$);
#5269 = PRODUCT_RELATED_PRODUCT_CATEGORY('part',$,(#4973));
#5270 = MECHANICAL_DESIGN_GEOMETRIC_PRESENTATION_REPRESENTATION('',(
    #5271,#5282,#5291,#5300,#5309,#5318,#5327,#5336,#5346,#5355,#5364,
    #5373,#5382,#5391,#5400,#5409,#5418,#5427,#5436,#5445,#5454),#1529);
#5271 = STYLED_ITEM('color',(#5272),#889);
#5272 = PRESENTATION_STYLE_ASSIGNMENT((#5273,#5279));
#5273 = SURFACE_STYLE_USAGE(.BOTH.,#5274);
#5274 = SURFACE_SIDE_STYLE('',(#5275));
#5275 = SURFACE_STYLE_FILL_AREA(#5276);
#5276 = FILL_AREA_STYLE('',(#5277));
#5277 = FILL_AREA_STYLE_COLOUR('',#5278);
#5278 = COLOUR_RGB('',0.909803941505,0.443137255223,3.137254979461E-02);
#5279 = CURVE_STYLE('',#5280,POSITIVE_LENGTH_MEASURE(0.1),#5281);
#5280 = DRAUGHTING_PRE_DEFINED_CURVE_FONT('continuous');
#5281 = COLOUR_RGB('',0.678431390124,0.709803936702,0.741176476869);
#5282 = OVER_RIDING_STYLED_ITEM('overriding color',(#5283),#891,#5271);
#5283 = PRESENTATION_STYLE_ASSIGNMENT((#5284));
#5284 = SURFACE_STYLE_USAGE(.BOTH.,#5285);
#5285 = SURFACE_SIDE_STYLE('',(#5286,#5289));
#5286 = SURFACE_STYLE_FILL_AREA(#5287);
#5287 = FILL_AREA_STYLE('',(#5288));
#5288 = FILL_AREA_STYLE_COLOUR('',#5278);
#5289 = SURFACE_STYLE_RENDERING_WITH_PROPERTIES(.NORMAL_SHADING.,#5278,(
    #5290));
#5290 = SURFACE_STYLE_TRANSPARENT(0.);
#5291 = OVER_RIDING_STYLED_ITEM('overriding color',(#5292),#933,#5271);
#5292 = PRESENTATION_STYLE_ASSIGNMENT((#5293));
#5293 = SURFACE_STYLE_USAGE(.BOTH.,#5294);
#5294 = SURFACE_SIDE_STYLE('',(#5295,#5298));
#5295 = SURFACE_STYLE_FILL_AREA(#5296);
#5296 = FILL_AREA_STYLE('',(#5297));
#5297 = FILL_AREA_STYLE_COLOUR('',#5278);
#5298 = SURFACE_STYLE_RENDERING_WITH_PROPERTIES(.NORMAL_SHADING.,#5278,(
    #5299));
#5299 = SURFACE_STYLE_TRANSPARENT(0.);
#5300 = OVER_RIDING_STYLED_ITEM('overriding color',(#5301),#973,#5271);
#5301 = PRESENTATION_STYLE_ASSIGNMENT((#5302));
#5302 = SURFACE_STYLE_USAGE(.BOTH.,#5303);
#5303 = SURFACE_SIDE_STYLE('',(#5304,#5307));
#5304 = SURFACE_STYLE_FILL_AREA(#5305);
#5305 = FILL_AREA_STYLE('',(#5306));
#5306 = FILL_AREA_STYLE_COLOUR('',#5278);
#5307 = SURFACE_STYLE_RENDERING_WITH_PROPERTIES(.NORMAL_SHADING.,#5278,(
    #5308));
#5308 = SURFACE_STYLE_TRANSPARENT(0.);
#5309 = OVER_RIDING_STYLED_ITEM('overriding color',(#5310),#1013,#5271);
#5310 = PRESENTATION_STYLE_ASSIGNMENT((#5311));
#5311 = SURFACE_STYLE_USAGE(.BOTH.,#5312);
#5312 = SURFACE_SIDE_STYLE('',(#5313,#5316));
#5313 = SURFACE_STYLE_FILL_AREA(#5314);
#5314 = FILL_AREA_STYLE('',(#5315));
#5315 = FILL_AREA_STYLE_COLOUR('',#5278);
#5316 = SURFACE_STYLE_RENDERING_WITH_PROPERTIES(.NORMAL_SHADING.,#5278,(
    #5317));
#5317 = SURFACE_STYLE_TRANSPARENT(0.);
#5318 = OVER_RIDING_STYLED_ITEM('overriding color',(#5319),#1053,#5271);
#5319 = PRESENTATION_STYLE_ASSIGNMENT((#5320));
#5320 = SURFACE_STYLE_USAGE(.BOTH.,#5321);
#5321 = SURFACE_SIDE_STYLE('',(#5322,#5325));
#5322 = SURFACE_STYLE_FILL_AREA(#5323);
#5323 = FILL_AREA_STYLE('',(#5324));
#5324 = FILL_AREA_STYLE_COLOUR('',#5278);
#5325 = SURFACE_STYLE_RENDERING_WITH_PROPERTIES(.NORMAL_SHADING.,#5278,(
    #5326));
#5326 = SURFACE_STYLE_TRANSPARENT(0.);
#5327 = OVER_RIDING_STYLED_ITEM('overriding color',(#5328),#1093,#5271);
#5328 = PRESENTATION_STYLE_ASSIGNMENT((#5329));
#5329 = SURFACE_STYLE_USAGE(.BOTH.,#5330);
#5330 = SURFACE_SIDE_STYLE('',(#5331,#5334));
#5331 = SURFACE_STYLE_FILL_AREA(#5332);
#5332 = FILL_AREA_STYLE('',(#5333));
#5333 = FILL_AREA_STYLE_COLOUR('',#5278);
#5334 = SURFACE_STYLE_RENDERING_WITH_PROPERTIES(.NORMAL_SHADING.,#5278,(
    #5335));
#5335 = SURFACE_STYLE_TRANSPARENT(0.);
#5336 = OVER_RIDING_STYLED_ITEM('overriding color',(#5337),#1213,#5271);
#5337 = PRESENTATION_STYLE_ASSIGNMENT((#5338));
#5338 = SURFACE_STYLE_USAGE(.BOTH.,#5339);
#5339 = SURFACE_SIDE_STYLE('',(#5340,#5344));
#5340 = SURFACE_STYLE_FILL_AREA(#5341);
#5341 = FILL_AREA_STYLE('',(#5342));
#5342 = FILL_AREA_STYLE_COLOUR('',#5343);
#5343 = COLOUR_RGB('',0.501960817233,0.501960817233,0.);
#5344 = SURFACE_STYLE_RENDERING_WITH_PROPERTIES(.NORMAL_SHADING.,#5343,(
    #5345));
#5345 = SURFACE_STYLE_TRANSPARENT(0.);
#5346 = OVER_RIDING_STYLED_ITEM('overriding color',(#5347),#1333,#5271);
#5347 = PRESENTATION_STYLE_ASSIGNMENT((#5348));
#5348 = SURFACE_STYLE_USAGE(.BOTH.,#5349);
#5349 = SURFACE_SIDE_STYLE('',(#5350,#5353));
#5350 = SURFACE_STYLE_FILL_AREA(#5351);
#5351 = FILL_AREA_STYLE('',(#5352));
#5352 = FILL_AREA_STYLE_COLOUR('',#5278);
#5353 = SURFACE_STYLE_RENDERING_WITH_PROPERTIES(.NORMAL_SHADING.,#5278,(
    #5354));
#5354 = SURFACE_STYLE_TRANSPARENT(0.);
#5355 = OVER_RIDING_STYLED_ITEM('overriding color',(#5356),#1355,#5271);
#5356 = PRESENTATION_STYLE_ASSIGNMENT((#5357));
#5357 = SURFACE_STYLE_USAGE(.BOTH.,#5358);
#5358 = SURFACE_SIDE_STYLE('',(#5359,#5362));
#5359 = SURFACE_STYLE_FILL_AREA(#5360);
#5360 = FILL_AREA_STYLE('',(#5361));
#5361 = FILL_AREA_STYLE_COLOUR('',#5278);
#5362 = SURFACE_STYLE_RENDERING_WITH_PROPERTIES(.NORMAL_SHADING.,#5278,(
    #5363));
#5363 = SURFACE_STYLE_TRANSPARENT(0.);
#5364 = OVER_RIDING_STYLED_ITEM('overriding color',(#5365),#1372,#5271);
#5365 = PRESENTATION_STYLE_ASSIGNMENT((#5366));
#5366 = SURFACE_STYLE_USAGE(.BOTH.,#5367);
#5367 = SURFACE_SIDE_STYLE('',(#5368,#5371));
#5368 = SURFACE_STYLE_FILL_AREA(#5369);
#5369 = FILL_AREA_STYLE('',(#5370));
#5370 = FILL_AREA_STYLE_COLOUR('',#5278);
#5371 = SURFACE_STYLE_RENDERING_WITH_PROPERTIES(.NORMAL_SHADING.,#5278,(
    #5372));
#5372 = SURFACE_STYLE_TRANSPARENT(0.);
#5373 = OVER_RIDING_STYLED_ITEM('overriding color',(#5374),#1389,#5271);
#5374 = PRESENTATION_STYLE_ASSIGNMENT((#5375));
#5375 = SURFACE_STYLE_USAGE(.BOTH.,#5376);
#5376 = SURFACE_SIDE_STYLE('',(#5377,#5380));
#5377 = SURFACE_STYLE_FILL_AREA(#5378);
#5378 = FILL_AREA_STYLE('',(#5379));
#5379 = FILL_AREA_STYLE_COLOUR('',#5278);
#5380 = SURFACE_STYLE_RENDERING_WITH_PROPERTIES(.NORMAL_SHADING.,#5278,(
    #5381));
#5381 = SURFACE_STYLE_TRANSPARENT(0.);
#5382 = OVER_RIDING_STYLED_ITEM('overriding color',(#5383),#1406,#5271);
#5383 = PRESENTATION_STYLE_ASSIGNMENT((#5384));
#5384 = SURFACE_STYLE_USAGE(.BOTH.,#5385);
#5385 = SURFACE_SIDE_STYLE('',(#5386,#5389));
#5386 = SURFACE_STYLE_FILL_AREA(#5387);
#5387 = FILL_AREA_STYLE('',(#5388));
#5388 = FILL_AREA_STYLE_COLOUR('',#5278);
#5389 = SURFACE_STYLE_RENDERING_WITH_PROPERTIES(.NORMAL_SHADING.,#5278,(
    #5390));
#5390 = SURFACE_STYLE_TRANSPARENT(0.);
#5391 = OVER_RIDING_STYLED_ITEM('overriding color',(#5392),#1423,#5271);
#5392 = PRESENTATION_STYLE_ASSIGNMENT((#5393));
#5393 = SURFACE_STYLE_USAGE(.BOTH.,#5394);
#5394 = SURFACE_SIDE_STYLE('',(#5395,#5398));
#5395 = SURFACE_STYLE_FILL_AREA(#5396);
#5396 = FILL_AREA_STYLE('',(#5397));
#5397 = FILL_AREA_STYLE_COLOUR('',#5278);
#5398 = SURFACE_STYLE_RENDERING_WITH_PROPERTIES(.NORMAL_SHADING.,#5278,(
    #5399));
#5399 = SURFACE_STYLE_TRANSPARENT(0.);
#5400 = OVER_RIDING_STYLED_ITEM('overriding color',(#5401),#1440,#5271);
#5401 = PRESENTATION_STYLE_ASSIGNMENT((#5402));
#5402 = SURFACE_STYLE_USAGE(.BOTH.,#5403);
#5403 = SURFACE_SIDE_STYLE('',(#5404,#5407));
#5404 = SURFACE_STYLE_FILL_AREA(#5405);
#5405 = FILL_AREA_STYLE('',(#5406));
#5406 = FILL_AREA_STYLE_COLOUR('',#5278);
#5407 = SURFACE_STYLE_RENDERING_WITH_PROPERTIES(.NORMAL_SHADING.,#5278,(
    #5408));
#5408 = SURFACE_STYLE_TRANSPARENT(0.);
#5409 = OVER_RIDING_STYLED_ITEM('overriding color',(#5410),#1457,#5271);
#5410 = PRESENTATION_STYLE_ASSIGNMENT((#5411));
#5411 = SURFACE_STYLE_USAGE(.BOTH.,#5412);
#5412 = SURFACE_SIDE_STYLE('',(#5413,#5416));
#5413 = SURFACE_STYLE_FILL_AREA(#5414);
#5414 = FILL_AREA_STYLE('',(#5415));
#5415 = FILL_AREA_STYLE_COLOUR('',#5278);
#5416 = SURFACE_STYLE_RENDERING_WITH_PROPERTIES(.NORMAL_SHADING.,#5278,(
    #5417));
#5417 = SURFACE_STYLE_TRANSPARENT(0.);
#5418 = OVER_RIDING_STYLED_ITEM('overriding color',(#5419),#1469,#5271);
#5419 = PRESENTATION_STYLE_ASSIGNMENT((#5420));
#5420 = SURFACE_STYLE_USAGE(.BOTH.,#5421);
#5421 = SURFACE_SIDE_STYLE('',(#5422,#5425));
#5422 = SURFACE_STYLE_FILL_AREA(#5423);
#5423 = FILL_AREA_STYLE('',(#5424));
#5424 = FILL_AREA_STYLE_COLOUR('',#5278);
#5425 = SURFACE_STYLE_RENDERING_WITH_PROPERTIES(.NORMAL_SHADING.,#5278,(
    #5426));
#5426 = SURFACE_STYLE_TRANSPARENT(0.);
#5427 = OVER_RIDING_STYLED_ITEM('overriding color',(#5428),#1481,#5271);
#5428 = PRESENTATION_STYLE_ASSIGNMENT((#5429));
#5429 = SURFACE_STYLE_USAGE(.BOTH.,#5430);
#5430 = SURFACE_SIDE_STYLE('',(#5431,#5434));
#5431 = SURFACE_STYLE_FILL_AREA(#5432);
#5432 = FILL_AREA_STYLE('',(#5433));
#5433 = FILL_AREA_STYLE_COLOUR('',#5343);
#5434 = SURFACE_STYLE_RENDERING_WITH_PROPERTIES(.NORMAL_SHADING.,#5343,(
    #5435));
#5435 = SURFACE_STYLE_TRANSPARENT(0.);
#5436 = OVER_RIDING_STYLED_ITEM('overriding color',(#5437),#1493,#5271);
#5437 = PRESENTATION_STYLE_ASSIGNMENT((#5438));
#5438 = SURFACE_STYLE_USAGE(.BOTH.,#5439);
#5439 = SURFACE_SIDE_STYLE('',(#5440,#5443));
#5440 = SURFACE_STYLE_FILL_AREA(#5441);
#5441 = FILL_AREA_STYLE('',(#5442));
#5442 = FILL_AREA_STYLE_COLOUR('',#5343);
#5443 = SURFACE_STYLE_RENDERING_WITH_PROPERTIES(.NORMAL_SHADING.,#5343,(
    #5444));
#5444 = SURFACE_STYLE_TRANSPARENT(0.);
#5445 = OVER_RIDING_STYLED_ITEM('overriding color',(#5446),#1505,#5271);
#5446 = PRESENTATION_STYLE_ASSIGNMENT((#5447));
#5447 = SURFACE_STYLE_USAGE(.BOTH.,#5448);
#5448 = SURFACE_SIDE_STYLE('',(#5449,#5452));
#5449 = SURFACE_STYLE_FILL_AREA(#5450);
#5450 = FILL_AREA_STYLE('',(#5451));
#5451 = FILL_AREA_STYLE_COLOUR('',#5343);
#5452 = SURFACE_STYLE_RENDERING_WITH_PROPERTIES(.NORMAL_SHADING.,#5343,(
    #5453));
#5453 = SURFACE_STYLE_TRANSPARENT(0.);
#5454 = OVER_RIDING_STYLED_ITEM('overriding color',(#5455),#1517,#5271);
#5455 = PRESENTATION_STYLE_ASSIGNMENT((#5456));
#5456 = SURFACE_STYLE_USAGE(.BOTH.,#5457);
#5457 = SURFACE_SIDE_STYLE('',(#5458,#5461));
#5458 = SURFACE_STYLE_FILL_AREA(#5459);
#5459 = FILL_AREA_STYLE('',(#5460));
#5460 = FILL_AREA_STYLE_COLOUR('',#5343);
#5461 = SURFACE_STYLE_RENDERING_WITH_PROPERTIES(.NORMAL_SHADING.,#5343,(
    #5462));
#5462 = SURFACE_STYLE_TRANSPARENT(0.);
#5463 = MECHANICAL_DESIGN_GEOMETRIC_PRESENTATION_REPRESENTATION('',(
    #5464),#2318);
#5464 = STYLED_ITEM('color',(#5465),#2133);
#5465 = PRESENTATION_STYLE_ASSIGNMENT((#5466,#5471));
#5466 = SURFACE_STYLE_USAGE(.BOTH.,#5467);
#5467 = SURFACE_SIDE_STYLE('',(#5468));
#5468 = SURFACE_STYLE_FILL_AREA(#5469);
#5469 = FILL_AREA_STYLE('',(#5470));
#5470 = FILL_AREA_STYLE_COLOUR('',#5343);
#5471 = CURVE_STYLE('',#5472,POSITIVE_LENGTH_MEASURE(0.1),#5281);
#5472 = DRAUGHTING_PRE_DEFINED_CURVE_FONT('continuous');
#5473 = MECHANICAL_DESIGN_GEOMETRIC_PRESENTATION_REPRESENTATION('',(
    #5474),#2522);
#5474 = STYLED_ITEM('color',(#5475),#2337);
#5475 = PRESENTATION_STYLE_ASSIGNMENT((#5476,#5481));
#5476 = SURFACE_STYLE_USAGE(.BOTH.,#5477);
#5477 = SURFACE_SIDE_STYLE('',(#5478));
#5478 = SURFACE_STYLE_FILL_AREA(#5479);
#5479 = FILL_AREA_STYLE('',(#5480));
#5480 = FILL_AREA_STYLE_COLOUR('',#5343);
#5481 = CURVE_STYLE('',#5482,POSITIVE_LENGTH_MEASURE(0.1),#5281);
#5482 = DRAUGHTING_PRE_DEFINED_CURVE_FONT('continuous');
#5483 = MECHANICAL_DESIGN_GEOMETRIC_PRESENTATION_REPRESENTATION('',(
    #5484),#2691);
#5484 = STYLED_ITEM('color',(#5485),#2541);
#5485 = PRESENTATION_STYLE_ASSIGNMENT((#5486,#5492));
#5486 = SURFACE_STYLE_USAGE(.BOTH.,#5487);
#5487 = SURFACE_SIDE_STYLE('',(#5488));
#5488 = SURFACE_STYLE_FILL_AREA(#5489);
#5489 = FILL_AREA_STYLE('',(#5490));
#5490 = FILL_AREA_STYLE_COLOUR('',#5491);
#5491 = COLOUR_RGB('',0.752941202324,0.752941202324,0.);
#5492 = CURVE_STYLE('',#5493,POSITIVE_LENGTH_MEASURE(0.1),#5281);
#5493 = DRAUGHTING_PRE_DEFINED_CURVE_FONT('continuous');
#5494 = MECHANICAL_DESIGN_GEOMETRIC_PRESENTATION_REPRESENTATION('',(
    #5495),#2114);
#5495 = STYLED_ITEM('color',(#5496),#1548);
#5496 = PRESENTATION_STYLE_ASSIGNMENT((#5497,#5503));
#5497 = SURFACE_STYLE_USAGE(.BOTH.,#5498);
#5498 = SURFACE_SIDE_STYLE('',(#5499));
#5499 = SURFACE_STYLE_FILL_AREA(#5500);
#5500 = FILL_AREA_STYLE('',(#5501));
#5501 = FILL_AREA_STYLE_COLOUR('',#5502);
#5502 = COLOUR_RGB('',0.729411790161,0.35686275969,2.352941234596E-02);
#5503 = CURVE_STYLE('',#5504,POSITIVE_LENGTH_MEASURE(0.1),#5281);
#5504 = DRAUGHTING_PRE_DEFINED_CURVE_FONT('continuous');
#5505 = MECHANICAL_DESIGN_GEOMETRIC_PRESENTATION_REPRESENTATION('',(
    #5506),#5259);
#5506 = STYLED_ITEM('color',(#5507),#4977);
#5507 = PRESENTATION_STYLE_ASSIGNMENT((#5508,#5514));
#5508 = SURFACE_STYLE_USAGE(.BOTH.,#5509);
#5509 = SURFACE_SIDE_STYLE('',(#5510));
#5510 = SURFACE_STYLE_FILL_AREA(#5511);
#5511 = FILL_AREA_STYLE('',(#5512));
#5512 = FILL_AREA_STYLE_COLOUR('',#5513);
#5513 = DRAUGHTING_PRE_DEFINED_COLOUR('black');
#5514 = CURVE_STYLE('',#5515,POSITIVE_LENGTH_MEASURE(0.1),#5281);
#5515 = DRAUGHTING_PRE_DEFINED_CURVE_FONT('continuous');
#5516 = MECHANICAL_DESIGN_GEOMETRIC_PRESENTATION_REPRESENTATION('',(
    #5517,#5527,#5536,#5545,#5554,#5563,#5572,#5581,#5590,#5599,#5608,
    #5617,#5626,#5635,#5644,#5653,#5663,#5672,#5681,#5690,#5699,#5708,
    #5717,#5726,#5735,#5744,#5753,#5762,#5771,#5780,#5789,#5798,#5807,
    #5816,#5825,#5834,#5843,#5852,#5861,#5870,#5879,#5888,#5897,#5906,
    #5915,#5924,#5933,#5942,#5951,#5960,#5969,#5978,#5987,#5996,#6005,
    #6014,#6023,#6032,#6041),#4769);
#5517 = STYLED_ITEM('color',(#5518),#2879);
#5518 = PRESENTATION_STYLE_ASSIGNMENT((#5519,#5525));
#5519 = SURFACE_STYLE_USAGE(.BOTH.,#5520);
#5520 = SURFACE_SIDE_STYLE('',(#5521));
#5521 = SURFACE_STYLE_FILL_AREA(#5522);
#5522 = FILL_AREA_STYLE('',(#5523));
#5523 = FILL_AREA_STYLE_COLOUR('',#5524);
#5524 = COLOUR_RGB('',0.507539989043,0.507539989043,0.507539989043);
#5525 = CURVE_STYLE('',#5526,POSITIVE_LENGTH_MEASURE(0.1),#5281);
#5526 = DRAUGHTING_PRE_DEFINED_CURVE_FONT('continuous');
#5527 = OVER_RIDING_STYLED_ITEM('overriding color',(#5528),#2881,#5517);
#5528 = PRESENTATION_STYLE_ASSIGNMENT((#5529));
#5529 = SURFACE_STYLE_USAGE(.BOTH.,#5530);
#5530 = SURFACE_SIDE_STYLE('',(#5531,#5534));
#5531 = SURFACE_STYLE_FILL_AREA(#5532);
#5532 = FILL_AREA_STYLE('',(#5533));
#5533 = FILL_AREA_STYLE_COLOUR('',#5524);
#5534 = SURFACE_STYLE_RENDERING_WITH_PROPERTIES(.NORMAL_SHADING.,#5524,(
    #5535));
#5535 = SURFACE_STYLE_TRANSPARENT(0.);
#5536 = OVER_RIDING_STYLED_ITEM('overriding color',(#5537),#3127,#5517);
#5537 = PRESENTATION_STYLE_ASSIGNMENT((#5538));
#5538 = SURFACE_STYLE_USAGE(.BOTH.,#5539);
#5539 = SURFACE_SIDE_STYLE('',(#5540,#5543));
#5540 = SURFACE_STYLE_FILL_AREA(#5541);
#5541 = FILL_AREA_STYLE('',(#5542));
#5542 = FILL_AREA_STYLE_COLOUR('',#5524);
#5543 = SURFACE_STYLE_RENDERING_WITH_PROPERTIES(.NORMAL_SHADING.,#5524,(
    #5544));
#5544 = SURFACE_STYLE_TRANSPARENT(0.);
#5545 = OVER_RIDING_STYLED_ITEM('overriding color',(#5546),#3473,#5517);
#5546 = PRESENTATION_STYLE_ASSIGNMENT((#5547));
#5547 = SURFACE_STYLE_USAGE(.BOTH.,#5548);
#5548 = SURFACE_SIDE_STYLE('',(#5549,#5552));
#5549 = SURFACE_STYLE_FILL_AREA(#5550);
#5550 = FILL_AREA_STYLE('',(#5551));
#5551 = FILL_AREA_STYLE_COLOUR('',#5524);
#5552 = SURFACE_STYLE_RENDERING_WITH_PROPERTIES(.NORMAL_SHADING.,#5524,(
    #5553));
#5553 = SURFACE_STYLE_TRANSPARENT(0.);
#5554 = OVER_RIDING_STYLED_ITEM('overriding color',(#5555),#3505,#5517);
#5555 = PRESENTATION_STYLE_ASSIGNMENT((#5556));
#5556 = SURFACE_STYLE_USAGE(.BOTH.,#5557);
#5557 = SURFACE_SIDE_STYLE('',(#5558,#5561));
#5558 = SURFACE_STYLE_FILL_AREA(#5559);
#5559 = FILL_AREA_STYLE('',(#5560));
#5560 = FILL_AREA_STYLE_COLOUR('',#5524);
#5561 = SURFACE_STYLE_RENDERING_WITH_PROPERTIES(.NORMAL_SHADING.,#5524,(
    #5562));
#5562 = SURFACE_STYLE_TRANSPARENT(0.);
#5563 = OVER_RIDING_STYLED_ITEM('overriding color',(#5564),#3529,#5517);
#5564 = PRESENTATION_STYLE_ASSIGNMENT((#5565));
#5565 = SURFACE_STYLE_USAGE(.BOTH.,#5566);
#5566 = SURFACE_SIDE_STYLE('',(#5567,#5570));
#5567 = SURFACE_STYLE_FILL_AREA(#5568);
#5568 = FILL_AREA_STYLE('',(#5569));
#5569 = FILL_AREA_STYLE_COLOUR('',#5524);
#5570 = SURFACE_STYLE_RENDERING_WITH_PROPERTIES(.NORMAL_SHADING.,#5524,(
    #5571));
#5571 = SURFACE_STYLE_TRANSPARENT(0.);
#5572 = OVER_RIDING_STYLED_ITEM('overriding color',(#5573),#3554,#5517);
#5573 = PRESENTATION_STYLE_ASSIGNMENT((#5574));
#5574 = SURFACE_STYLE_USAGE(.BOTH.,#5575);
#5575 = SURFACE_SIDE_STYLE('',(#5576,#5579));
#5576 = SURFACE_STYLE_FILL_AREA(#5577);
#5577 = FILL_AREA_STYLE('',(#5578));
#5578 = FILL_AREA_STYLE_COLOUR('',#5524);
#5579 = SURFACE_STYLE_RENDERING_WITH_PROPERTIES(.NORMAL_SHADING.,#5524,(
    #5580));
#5580 = SURFACE_STYLE_TRANSPARENT(0.);
#5581 = OVER_RIDING_STYLED_ITEM('overriding color',(#5582),#3578,#5517);
#5582 = PRESENTATION_STYLE_ASSIGNMENT((#5583));
#5583 = SURFACE_STYLE_USAGE(.BOTH.,#5584);
#5584 = SURFACE_SIDE_STYLE('',(#5585,#5588));
#5585 = SURFACE_STYLE_FILL_AREA(#5586);
#5586 = FILL_AREA_STYLE('',(#5587));
#5587 = FILL_AREA_STYLE_COLOUR('',#5524);
#5588 = SURFACE_STYLE_RENDERING_WITH_PROPERTIES(.NORMAL_SHADING.,#5524,(
    #5589));
#5589 = SURFACE_STYLE_TRANSPARENT(0.);
#5590 = OVER_RIDING_STYLED_ITEM('overriding color',(#5591),#3603,#5517);
#5591 = PRESENTATION_STYLE_ASSIGNMENT((#5592));
#5592 = SURFACE_STYLE_USAGE(.BOTH.,#5593);
#5593 = SURFACE_SIDE_STYLE('',(#5594,#5597));
#5594 = SURFACE_STYLE_FILL_AREA(#5595);
#5595 = FILL_AREA_STYLE('',(#5596));
#5596 = FILL_AREA_STYLE_COLOUR('',#5524);
#5597 = SURFACE_STYLE_RENDERING_WITH_PROPERTIES(.NORMAL_SHADING.,#5524,(
    #5598));
#5598 = SURFACE_STYLE_TRANSPARENT(0.);
#5599 = OVER_RIDING_STYLED_ITEM('overriding color',(#5600),#3627,#5517);
#5600 = PRESENTATION_STYLE_ASSIGNMENT((#5601));
#5601 = SURFACE_STYLE_USAGE(.BOTH.,#5602);
#5602 = SURFACE_SIDE_STYLE('',(#5603,#5606));
#5603 = SURFACE_STYLE_FILL_AREA(#5604);
#5604 = FILL_AREA_STYLE('',(#5605));
#5605 = FILL_AREA_STYLE_COLOUR('',#5524);
#5606 = SURFACE_STYLE_RENDERING_WITH_PROPERTIES(.NORMAL_SHADING.,#5524,(
    #5607));
#5607 = SURFACE_STYLE_TRANSPARENT(0.);
#5608 = OVER_RIDING_STYLED_ITEM('overriding color',(#5609),#3652,#5517);
#5609 = PRESENTATION_STYLE_ASSIGNMENT((#5610));
#5610 = SURFACE_STYLE_USAGE(.BOTH.,#5611);
#5611 = SURFACE_SIDE_STYLE('',(#5612,#5615));
#5612 = SURFACE_STYLE_FILL_AREA(#5613);
#5613 = FILL_AREA_STYLE('',(#5614));
#5614 = FILL_AREA_STYLE_COLOUR('',#5524);
#5615 = SURFACE_STYLE_RENDERING_WITH_PROPERTIES(.NORMAL_SHADING.,#5524,(
    #5616));
#5616 = SURFACE_STYLE_TRANSPARENT(0.);
#5617 = OVER_RIDING_STYLED_ITEM('overriding color',(#5618),#3669,#5517);
#5618 = PRESENTATION_STYLE_ASSIGNMENT((#5619));
#5619 = SURFACE_STYLE_USAGE(.BOTH.,#5620);
#5620 = SURFACE_SIDE_STYLE('',(#5621,#5624));
#5621 = SURFACE_STYLE_FILL_AREA(#5622);
#5622 = FILL_AREA_STYLE('',(#5623));
#5623 = FILL_AREA_STYLE_COLOUR('',#5524);
#5624 = SURFACE_STYLE_RENDERING_WITH_PROPERTIES(.NORMAL_SHADING.,#5524,(
    #5625));
#5625 = SURFACE_STYLE_TRANSPARENT(0.);
#5626 = OVER_RIDING_STYLED_ITEM('overriding color',(#5627),#3700,#5517);
#5627 = PRESENTATION_STYLE_ASSIGNMENT((#5628));
#5628 = SURFACE_STYLE_USAGE(.BOTH.,#5629);
#5629 = SURFACE_SIDE_STYLE('',(#5630,#5633));
#5630 = SURFACE_STYLE_FILL_AREA(#5631);
#5631 = FILL_AREA_STYLE('',(#5632));
#5632 = FILL_AREA_STYLE_COLOUR('',#5524);
#5633 = SURFACE_STYLE_RENDERING_WITH_PROPERTIES(.NORMAL_SHADING.,#5524,(
    #5634));
#5634 = SURFACE_STYLE_TRANSPARENT(0.);
#5635 = OVER_RIDING_STYLED_ITEM('overriding color',(#5636),#3731,#5517);
#5636 = PRESENTATION_STYLE_ASSIGNMENT((#5637));
#5637 = SURFACE_STYLE_USAGE(.BOTH.,#5638);
#5638 = SURFACE_SIDE_STYLE('',(#5639,#5642));
#5639 = SURFACE_STYLE_FILL_AREA(#5640);
#5640 = FILL_AREA_STYLE('',(#5641));
#5641 = FILL_AREA_STYLE_COLOUR('',#5524);
#5642 = SURFACE_STYLE_RENDERING_WITH_PROPERTIES(.NORMAL_SHADING.,#5524,(
    #5643));
#5643 = SURFACE_STYLE_TRANSPARENT(0.);
#5644 = OVER_RIDING_STYLED_ITEM('overriding color',(#5645),#3762,#5517);
#5645 = PRESENTATION_STYLE_ASSIGNMENT((#5646));
#5646 = SURFACE_STYLE_USAGE(.BOTH.,#5647);
#5647 = SURFACE_SIDE_STYLE('',(#5648,#5651));
#5648 = SURFACE_STYLE_FILL_AREA(#5649);
#5649 = FILL_AREA_STYLE('',(#5650));
#5650 = FILL_AREA_STYLE_COLOUR('',#5524);
#5651 = SURFACE_STYLE_RENDERING_WITH_PROPERTIES(.NORMAL_SHADING.,#5524,(
    #5652));
#5652 = SURFACE_STYLE_TRANSPARENT(0.);
#5653 = OVER_RIDING_STYLED_ITEM('overriding color',(#5654),#3793,#5517);
#5654 = PRESENTATION_STYLE_ASSIGNMENT((#5655));
#5655 = SURFACE_STYLE_USAGE(.BOTH.,#5656);
#5656 = SURFACE_SIDE_STYLE('',(#5657,#5661));
#5657 = SURFACE_STYLE_FILL_AREA(#5658);
#5658 = FILL_AREA_STYLE('',(#5659));
#5659 = FILL_AREA_STYLE_COLOUR('',#5660);
#5660 = COLOUR_RGB('',0.792156867455,0.819607860991,0.933333342953);
#5661 = SURFACE_STYLE_RENDERING_WITH_PROPERTIES(.NORMAL_SHADING.,#5660,(
    #5662));
#5662 = SURFACE_STYLE_TRANSPARENT(0.);
#5663 = OVER_RIDING_STYLED_ITEM('overriding color',(#5664),#3835,#5517);
#5664 = PRESENTATION_STYLE_ASSIGNMENT((#5665));
#5665 = SURFACE_STYLE_USAGE(.BOTH.,#5666);
#5666 = SURFACE_SIDE_STYLE('',(#5667,#5670));
#5667 = SURFACE_STYLE_FILL_AREA(#5668);
#5668 = FILL_AREA_STYLE('',(#5669));
#5669 = FILL_AREA_STYLE_COLOUR('',#5660);
#5670 = SURFACE_STYLE_RENDERING_WITH_PROPERTIES(.NORMAL_SHADING.,#5660,(
    #5671));
#5671 = SURFACE_STYLE_TRANSPARENT(0.);
#5672 = OVER_RIDING_STYLED_ITEM('overriding color',(#5673),#3874,#5517);
#5673 = PRESENTATION_STYLE_ASSIGNMENT((#5674));
#5674 = SURFACE_STYLE_USAGE(.BOTH.,#5675);
#5675 = SURFACE_SIDE_STYLE('',(#5676,#5679));
#5676 = SURFACE_STYLE_FILL_AREA(#5677);
#5677 = FILL_AREA_STYLE('',(#5678));
#5678 = FILL_AREA_STYLE_COLOUR('',#5660);
#5679 = SURFACE_STYLE_RENDERING_WITH_PROPERTIES(.NORMAL_SHADING.,#5660,(
    #5680));
#5680 = SURFACE_STYLE_TRANSPARENT(0.);
#5681 = OVER_RIDING_STYLED_ITEM('overriding color',(#5682),#3913,#5517);
#5682 = PRESENTATION_STYLE_ASSIGNMENT((#5683));
#5683 = SURFACE_STYLE_USAGE(.BOTH.,#5684);
#5684 = SURFACE_SIDE_STYLE('',(#5685,#5688));
#5685 = SURFACE_STYLE_FILL_AREA(#5686);
#5686 = FILL_AREA_STYLE('',(#5687));
#5687 = FILL_AREA_STYLE_COLOUR('',#5660);
#5688 = SURFACE_STYLE_RENDERING_WITH_PROPERTIES(.NORMAL_SHADING.,#5660,(
    #5689));
#5689 = SURFACE_STYLE_TRANSPARENT(0.);
#5690 = OVER_RIDING_STYLED_ITEM('overriding color',(#5691),#3979,#5517);
#5691 = PRESENTATION_STYLE_ASSIGNMENT((#5692));
#5692 = SURFACE_STYLE_USAGE(.BOTH.,#5693);
#5693 = SURFACE_SIDE_STYLE('',(#5694,#5697));
#5694 = SURFACE_STYLE_FILL_AREA(#5695);
#5695 = FILL_AREA_STYLE('',(#5696));
#5696 = FILL_AREA_STYLE_COLOUR('',#5660);
#5697 = SURFACE_STYLE_RENDERING_WITH_PROPERTIES(.NORMAL_SHADING.,#5660,(
    #5698));
#5698 = SURFACE_STYLE_TRANSPARENT(0.);
#5699 = OVER_RIDING_STYLED_ITEM('overriding color',(#5700),#4045,#5517);
#5700 = PRESENTATION_STYLE_ASSIGNMENT((#5701));
#5701 = SURFACE_STYLE_USAGE(.BOTH.,#5702);
#5702 = SURFACE_SIDE_STYLE('',(#5703,#5706));
#5703 = SURFACE_STYLE_FILL_AREA(#5704);
#5704 = FILL_AREA_STYLE('',(#5705));
#5705 = FILL_AREA_STYLE_COLOUR('',#5660);
#5706 = SURFACE_STYLE_RENDERING_WITH_PROPERTIES(.NORMAL_SHADING.,#5660,(
    #5707));
#5707 = SURFACE_STYLE_TRANSPARENT(0.);
#5708 = OVER_RIDING_STYLED_ITEM('overriding color',(#5709),#4092,#5517);
#5709 = PRESENTATION_STYLE_ASSIGNMENT((#5710));
#5710 = SURFACE_STYLE_USAGE(.BOTH.,#5711);
#5711 = SURFACE_SIDE_STYLE('',(#5712,#5715));
#5712 = SURFACE_STYLE_FILL_AREA(#5713);
#5713 = FILL_AREA_STYLE('',(#5714));
#5714 = FILL_AREA_STYLE_COLOUR('',#5660);
#5715 = SURFACE_STYLE_RENDERING_WITH_PROPERTIES(.NORMAL_SHADING.,#5660,(
    #5716));
#5716 = SURFACE_STYLE_TRANSPARENT(0.);
#5717 = OVER_RIDING_STYLED_ITEM('overriding color',(#5718),#4139,#5517);
#5718 = PRESENTATION_STYLE_ASSIGNMENT((#5719));
#5719 = SURFACE_STYLE_USAGE(.BOTH.,#5720);
#5720 = SURFACE_SIDE_STYLE('',(#5721,#5724));
#5721 = SURFACE_STYLE_FILL_AREA(#5722);
#5722 = FILL_AREA_STYLE('',(#5723));
#5723 = FILL_AREA_STYLE_COLOUR('',#5660);
#5724 = SURFACE_STYLE_RENDERING_WITH_PROPERTIES(.NORMAL_SHADING.,#5660,(
    #5725));
#5725 = SURFACE_STYLE_TRANSPARENT(0.);
#5726 = OVER_RIDING_STYLED_ITEM('overriding color',(#5727),#4165,#5517);
#5727 = PRESENTATION_STYLE_ASSIGNMENT((#5728));
#5728 = SURFACE_STYLE_USAGE(.BOTH.,#5729);
#5729 = SURFACE_SIDE_STYLE('',(#5730,#5733));
#5730 = SURFACE_STYLE_FILL_AREA(#5731);
#5731 = FILL_AREA_STYLE('',(#5732));
#5732 = FILL_AREA_STYLE_COLOUR('',#5660);
#5733 = SURFACE_STYLE_RENDERING_WITH_PROPERTIES(.NORMAL_SHADING.,#5660,(
    #5734));
#5734 = SURFACE_STYLE_TRANSPARENT(0.);
#5735 = OVER_RIDING_STYLED_ITEM('overriding color',(#5736),#4189,#5517);
#5736 = PRESENTATION_STYLE_ASSIGNMENT((#5737));
#5737 = SURFACE_STYLE_USAGE(.BOTH.,#5738);
#5738 = SURFACE_SIDE_STYLE('',(#5739,#5742));
#5739 = SURFACE_STYLE_FILL_AREA(#5740);
#5740 = FILL_AREA_STYLE('',(#5741));
#5741 = FILL_AREA_STYLE_COLOUR('',#5660);
#5742 = SURFACE_STYLE_RENDERING_WITH_PROPERTIES(.NORMAL_SHADING.,#5660,(
    #5743));
#5743 = SURFACE_STYLE_TRANSPARENT(0.);
#5744 = OVER_RIDING_STYLED_ITEM('overriding color',(#5745),#4207,#5517);
#5745 = PRESENTATION_STYLE_ASSIGNMENT((#5746));
#5746 = SURFACE_STYLE_USAGE(.BOTH.,#5747);
#5747 = SURFACE_SIDE_STYLE('',(#5748,#5751));
#5748 = SURFACE_STYLE_FILL_AREA(#5749);
#5749 = FILL_AREA_STYLE('',(#5750));
#5750 = FILL_AREA_STYLE_COLOUR('',#5660);
#5751 = SURFACE_STYLE_RENDERING_WITH_PROPERTIES(.NORMAL_SHADING.,#5660,(
    #5752));
#5752 = SURFACE_STYLE_TRANSPARENT(0.);
#5753 = OVER_RIDING_STYLED_ITEM('overriding color',(#5754),#4225,#5517);
#5754 = PRESENTATION_STYLE_ASSIGNMENT((#5755));
#5755 = SURFACE_STYLE_USAGE(.BOTH.,#5756);
#5756 = SURFACE_SIDE_STYLE('',(#5757,#5760));
#5757 = SURFACE_STYLE_FILL_AREA(#5758);
#5758 = FILL_AREA_STYLE('',(#5759));
#5759 = FILL_AREA_STYLE_COLOUR('',#5660);
#5760 = SURFACE_STYLE_RENDERING_WITH_PROPERTIES(.NORMAL_SHADING.,#5660,(
    #5761));
#5761 = SURFACE_STYLE_TRANSPARENT(0.);
#5762 = OVER_RIDING_STYLED_ITEM('overriding color',(#5763),#4243,#5517);
#5763 = PRESENTATION_STYLE_ASSIGNMENT((#5764));
#5764 = SURFACE_STYLE_USAGE(.BOTH.,#5765);
#5765 = SURFACE_SIDE_STYLE('',(#5766,#5769));
#5766 = SURFACE_STYLE_FILL_AREA(#5767);
#5767 = FILL_AREA_STYLE('',(#5768));
#5768 = FILL_AREA_STYLE_COLOUR('',#5660);
#5769 = SURFACE_STYLE_RENDERING_WITH_PROPERTIES(.NORMAL_SHADING.,#5660,(
    #5770));
#5770 = SURFACE_STYLE_TRANSPARENT(0.);
#5771 = OVER_RIDING_STYLED_ITEM('overriding color',(#5772),#4261,#5517);
#5772 = PRESENTATION_STYLE_ASSIGNMENT((#5773));
#5773 = SURFACE_STYLE_USAGE(.BOTH.,#5774);
#5774 = SURFACE_SIDE_STYLE('',(#5775,#5778));
#5775 = SURFACE_STYLE_FILL_AREA(#5776);
#5776 = FILL_AREA_STYLE('',(#5777));
#5777 = FILL_AREA_STYLE_COLOUR('',#5660);
#5778 = SURFACE_STYLE_RENDERING_WITH_PROPERTIES(.NORMAL_SHADING.,#5660,(
    #5779));
#5779 = SURFACE_STYLE_TRANSPARENT(0.);
#5780 = OVER_RIDING_STYLED_ITEM('overriding color',(#5781),#4279,#5517);
#5781 = PRESENTATION_STYLE_ASSIGNMENT((#5782));
#5782 = SURFACE_STYLE_USAGE(.BOTH.,#5783);
#5783 = SURFACE_SIDE_STYLE('',(#5784,#5787));
#5784 = SURFACE_STYLE_FILL_AREA(#5785);
#5785 = FILL_AREA_STYLE('',(#5786));
#5786 = FILL_AREA_STYLE_COLOUR('',#5660);
#5787 = SURFACE_STYLE_RENDERING_WITH_PROPERTIES(.NORMAL_SHADING.,#5660,(
    #5788));
#5788 = SURFACE_STYLE_TRANSPARENT(0.);
#5789 = OVER_RIDING_STYLED_ITEM('overriding color',(#5790),#4297,#5517);
#5790 = PRESENTATION_STYLE_ASSIGNMENT((#5791));
#5791 = SURFACE_STYLE_USAGE(.BOTH.,#5792);
#5792 = SURFACE_SIDE_STYLE('',(#5793,#5796));
#5793 = SURFACE_STYLE_FILL_AREA(#5794);
#5794 = FILL_AREA_STYLE('',(#5795));
#5795 = FILL_AREA_STYLE_COLOUR('',#5660);
#5796 = SURFACE_STYLE_RENDERING_WITH_PROPERTIES(.NORMAL_SHADING.,#5660,(
    #5797));
#5797 = SURFACE_STYLE_TRANSPARENT(0.);
#5798 = OVER_RIDING_STYLED_ITEM('overriding color',(#5799),#4309,#5517);
#5799 = PRESENTATION_STYLE_ASSIGNMENT((#5800));
#5800 = SURFACE_STYLE_USAGE(.BOTH.,#5801);
#5801 = SURFACE_SIDE_STYLE('',(#5802,#5805));
#5802 = SURFACE_STYLE_FILL_AREA(#5803);
#5803 = FILL_AREA_STYLE('',(#5804));
#5804 = FILL_AREA_STYLE_COLOUR('',#5660);
#5805 = SURFACE_STYLE_RENDERING_WITH_PROPERTIES(.NORMAL_SHADING.,#5660,(
    #5806));
#5806 = SURFACE_STYLE_TRANSPARENT(0.);
#5807 = OVER_RIDING_STYLED_ITEM('overriding color',(#5808),#4326,#5517);
#5808 = PRESENTATION_STYLE_ASSIGNMENT((#5809));
#5809 = SURFACE_STYLE_USAGE(.BOTH.,#5810);
#5810 = SURFACE_SIDE_STYLE('',(#5811,#5814));
#5811 = SURFACE_STYLE_FILL_AREA(#5812);
#5812 = FILL_AREA_STYLE('',(#5813));
#5813 = FILL_AREA_STYLE_COLOUR('',#5660);
#5814 = SURFACE_STYLE_RENDERING_WITH_PROPERTIES(.NORMAL_SHADING.,#5660,(
    #5815));
#5815 = SURFACE_STYLE_TRANSPARENT(0.);
#5816 = OVER_RIDING_STYLED_ITEM('overriding color',(#5817),#4349,#5517);
#5817 = PRESENTATION_STYLE_ASSIGNMENT((#5818));
#5818 = SURFACE_STYLE_USAGE(.BOTH.,#5819);
#5819 = SURFACE_SIDE_STYLE('',(#5820,#5823));
#5820 = SURFACE_STYLE_FILL_AREA(#5821);
#5821 = FILL_AREA_STYLE('',(#5822));
#5822 = FILL_AREA_STYLE_COLOUR('',#5660);
#5823 = SURFACE_STYLE_RENDERING_WITH_PROPERTIES(.NORMAL_SHADING.,#5660,(
    #5824));
#5824 = SURFACE_STYLE_TRANSPARENT(0.);
#5825 = OVER_RIDING_STYLED_ITEM('overriding color',(#5826),#4371,#5517);
#5826 = PRESENTATION_STYLE_ASSIGNMENT((#5827));
#5827 = SURFACE_STYLE_USAGE(.BOTH.,#5828);
#5828 = SURFACE_SIDE_STYLE('',(#5829,#5832));
#5829 = SURFACE_STYLE_FILL_AREA(#5830);
#5830 = FILL_AREA_STYLE('',(#5831));
#5831 = FILL_AREA_STYLE_COLOUR('',#5660);
#5832 = SURFACE_STYLE_RENDERING_WITH_PROPERTIES(.NORMAL_SHADING.,#5660,(
    #5833));
#5833 = SURFACE_STYLE_TRANSPARENT(0.);
#5834 = OVER_RIDING_STYLED_ITEM('overriding color',(#5835),#4388,#5517);
#5835 = PRESENTATION_STYLE_ASSIGNMENT((#5836));
#5836 = SURFACE_STYLE_USAGE(.BOTH.,#5837);
#5837 = SURFACE_SIDE_STYLE('',(#5838,#5841));
#5838 = SURFACE_STYLE_FILL_AREA(#5839);
#5839 = FILL_AREA_STYLE('',(#5840));
#5840 = FILL_AREA_STYLE_COLOUR('',#5660);
#5841 = SURFACE_STYLE_RENDERING_WITH_PROPERTIES(.NORMAL_SHADING.,#5660,(
    #5842));
#5842 = SURFACE_STYLE_TRANSPARENT(0.);
#5843 = OVER_RIDING_STYLED_ITEM('overriding color',(#5844),#4410,#5517);
#5844 = PRESENTATION_STYLE_ASSIGNMENT((#5845));
#5845 = SURFACE_STYLE_USAGE(.BOTH.,#5846);
#5846 = SURFACE_SIDE_STYLE('',(#5847,#5850));
#5847 = SURFACE_STYLE_FILL_AREA(#5848);
#5848 = FILL_AREA_STYLE('',(#5849));
#5849 = FILL_AREA_STYLE_COLOUR('',#5660);
#5850 = SURFACE_STYLE_RENDERING_WITH_PROPERTIES(.NORMAL_SHADING.,#5660,(
    #5851));
#5851 = SURFACE_STYLE_TRANSPARENT(0.);
#5852 = OVER_RIDING_STYLED_ITEM('overriding color',(#5853),#4433,#5517);
#5853 = PRESENTATION_STYLE_ASSIGNMENT((#5854));
#5854 = SURFACE_STYLE_USAGE(.BOTH.,#5855);
#5855 = SURFACE_SIDE_STYLE('',(#5856,#5859));
#5856 = SURFACE_STYLE_FILL_AREA(#5857);
#5857 = FILL_AREA_STYLE('',(#5858));
#5858 = FILL_AREA_STYLE_COLOUR('',#5660);
#5859 = SURFACE_STYLE_RENDERING_WITH_PROPERTIES(.NORMAL_SHADING.,#5660,(
    #5860));
#5860 = SURFACE_STYLE_TRANSPARENT(0.);
#5861 = OVER_RIDING_STYLED_ITEM('overriding color',(#5862),#4450,#5517);
#5862 = PRESENTATION_STYLE_ASSIGNMENT((#5863));
#5863 = SURFACE_STYLE_USAGE(.BOTH.,#5864);
#5864 = SURFACE_SIDE_STYLE('',(#5865,#5868));
#5865 = SURFACE_STYLE_FILL_AREA(#5866);
#5866 = FILL_AREA_STYLE('',(#5867));
#5867 = FILL_AREA_STYLE_COLOUR('',#5660);
#5868 = SURFACE_STYLE_RENDERING_WITH_PROPERTIES(.NORMAL_SHADING.,#5660,(
    #5869));
#5869 = SURFACE_STYLE_TRANSPARENT(0.);
#5870 = OVER_RIDING_STYLED_ITEM('overriding color',(#5871),#4467,#5517);
#5871 = PRESENTATION_STYLE_ASSIGNMENT((#5872));
#5872 = SURFACE_STYLE_USAGE(.BOTH.,#5873);
#5873 = SURFACE_SIDE_STYLE('',(#5874,#5877));
#5874 = SURFACE_STYLE_FILL_AREA(#5875);
#5875 = FILL_AREA_STYLE('',(#5876));
#5876 = FILL_AREA_STYLE_COLOUR('',#5660);
#5877 = SURFACE_STYLE_RENDERING_WITH_PROPERTIES(.NORMAL_SHADING.,#5660,(
    #5878));
#5878 = SURFACE_STYLE_TRANSPARENT(0.);
#5879 = OVER_RIDING_STYLED_ITEM('overriding color',(#5880),#4489,#5517);
#5880 = PRESENTATION_STYLE_ASSIGNMENT((#5881));
#5881 = SURFACE_STYLE_USAGE(.BOTH.,#5882);
#5882 = SURFACE_SIDE_STYLE('',(#5883,#5886));
#5883 = SURFACE_STYLE_FILL_AREA(#5884);
#5884 = FILL_AREA_STYLE('',(#5885));
#5885 = FILL_AREA_STYLE_COLOUR('',#5660);
#5886 = SURFACE_STYLE_RENDERING_WITH_PROPERTIES(.NORMAL_SHADING.,#5660,(
    #5887));
#5887 = SURFACE_STYLE_TRANSPARENT(0.);
#5888 = OVER_RIDING_STYLED_ITEM('overriding color',(#5889),#4506,#5517);
#5889 = PRESENTATION_STYLE_ASSIGNMENT((#5890));
#5890 = SURFACE_STYLE_USAGE(.BOTH.,#5891);
#5891 = SURFACE_SIDE_STYLE('',(#5892,#5895));
#5892 = SURFACE_STYLE_FILL_AREA(#5893);
#5893 = FILL_AREA_STYLE('',(#5894));
#5894 = FILL_AREA_STYLE_COLOUR('',#5660);
#5895 = SURFACE_STYLE_RENDERING_WITH_PROPERTIES(.NORMAL_SHADING.,#5660,(
    #5896));
#5896 = SURFACE_STYLE_TRANSPARENT(0.);
#5897 = OVER_RIDING_STYLED_ITEM('overriding color',(#5898),#4523,#5517);
#5898 = PRESENTATION_STYLE_ASSIGNMENT((#5899));
#5899 = SURFACE_STYLE_USAGE(.BOTH.,#5900);
#5900 = SURFACE_SIDE_STYLE('',(#5901,#5904));
#5901 = SURFACE_STYLE_FILL_AREA(#5902);
#5902 = FILL_AREA_STYLE('',(#5903));
#5903 = FILL_AREA_STYLE_COLOUR('',#5660);
#5904 = SURFACE_STYLE_RENDERING_WITH_PROPERTIES(.NORMAL_SHADING.,#5660,(
    #5905));
#5905 = SURFACE_STYLE_TRANSPARENT(0.);
#5906 = OVER_RIDING_STYLED_ITEM('overriding color',(#5907),#4546,#5517);
#5907 = PRESENTATION_STYLE_ASSIGNMENT((#5908));
#5908 = SURFACE_STYLE_USAGE(.BOTH.,#5909);
#5909 = SURFACE_SIDE_STYLE('',(#5910,#5913));
#5910 = SURFACE_STYLE_FILL_AREA(#5911);
#5911 = FILL_AREA_STYLE('',(#5912));
#5912 = FILL_AREA_STYLE_COLOUR('',#5660);
#5913 = SURFACE_STYLE_RENDERING_WITH_PROPERTIES(.NORMAL_SHADING.,#5660,(
    #5914));
#5914 = SURFACE_STYLE_TRANSPARENT(0.);
#5915 = OVER_RIDING_STYLED_ITEM('overriding color',(#5916),#4563,#5517);
#5916 = PRESENTATION_STYLE_ASSIGNMENT((#5917));
#5917 = SURFACE_STYLE_USAGE(.BOTH.,#5918);
#5918 = SURFACE_SIDE_STYLE('',(#5919,#5922));
#5919 = SURFACE_STYLE_FILL_AREA(#5920);
#5920 = FILL_AREA_STYLE('',(#5921));
#5921 = FILL_AREA_STYLE_COLOUR('',#5660);
#5922 = SURFACE_STYLE_RENDERING_WITH_PROPERTIES(.NORMAL_SHADING.,#5660,(
    #5923));
#5923 = SURFACE_STYLE_TRANSPARENT(0.);
#5924 = OVER_RIDING_STYLED_ITEM('overriding color',(#5925),#4580,#5517);
#5925 = PRESENTATION_STYLE_ASSIGNMENT((#5926));
#5926 = SURFACE_STYLE_USAGE(.BOTH.,#5927);
#5927 = SURFACE_SIDE_STYLE('',(#5928,#5931));
#5928 = SURFACE_STYLE_FILL_AREA(#5929);
#5929 = FILL_AREA_STYLE('',(#5930));
#5930 = FILL_AREA_STYLE_COLOUR('',#5660);
#5931 = SURFACE_STYLE_RENDERING_WITH_PROPERTIES(.NORMAL_SHADING.,#5660,(
    #5932));
#5932 = SURFACE_STYLE_TRANSPARENT(0.);
#5933 = OVER_RIDING_STYLED_ITEM('overriding color',(#5934),#4602,#5517);
#5934 = PRESENTATION_STYLE_ASSIGNMENT((#5935));
#5935 = SURFACE_STYLE_USAGE(.BOTH.,#5936);
#5936 = SURFACE_SIDE_STYLE('',(#5937,#5940));
#5937 = SURFACE_STYLE_FILL_AREA(#5938);
#5938 = FILL_AREA_STYLE('',(#5939));
#5939 = FILL_AREA_STYLE_COLOUR('',#5660);
#5940 = SURFACE_STYLE_RENDERING_WITH_PROPERTIES(.NORMAL_SHADING.,#5660,(
    #5941));
#5941 = SURFACE_STYLE_TRANSPARENT(0.);
#5942 = OVER_RIDING_STYLED_ITEM('overriding color',(#5943),#4625,#5517);
#5943 = PRESENTATION_STYLE_ASSIGNMENT((#5944));
#5944 = SURFACE_STYLE_USAGE(.BOTH.,#5945);
#5945 = SURFACE_SIDE_STYLE('',(#5946,#5949));
#5946 = SURFACE_STYLE_FILL_AREA(#5947);
#5947 = FILL_AREA_STYLE('',(#5948));
#5948 = FILL_AREA_STYLE_COLOUR('',#5660);
#5949 = SURFACE_STYLE_RENDERING_WITH_PROPERTIES(.NORMAL_SHADING.,#5660,(
    #5950));
#5950 = SURFACE_STYLE_TRANSPARENT(0.);
#5951 = OVER_RIDING_STYLED_ITEM('overriding color',(#5952),#4637,#5517);
#5952 = PRESENTATION_STYLE_ASSIGNMENT((#5953));
#5953 = SURFACE_STYLE_USAGE(.BOTH.,#5954);
#5954 = SURFACE_SIDE_STYLE('',(#5955,#5958));
#5955 = SURFACE_STYLE_FILL_AREA(#5956);
#5956 = FILL_AREA_STYLE('',(#5957));
#5957 = FILL_AREA_STYLE_COLOUR('',#5660);
#5958 = SURFACE_STYLE_RENDERING_WITH_PROPERTIES(.NORMAL_SHADING.,#5660,(
    #5959));
#5959 = SURFACE_STYLE_TRANSPARENT(0.);
#5960 = OVER_RIDING_STYLED_ITEM('overriding color',(#5961),#4649,#5517);
#5961 = PRESENTATION_STYLE_ASSIGNMENT((#5962));
#5962 = SURFACE_STYLE_USAGE(.BOTH.,#5963);
#5963 = SURFACE_SIDE_STYLE('',(#5964,#5967));
#5964 = SURFACE_STYLE_FILL_AREA(#5965);
#5965 = FILL_AREA_STYLE('',(#5966));
#5966 = FILL_AREA_STYLE_COLOUR('',#5660);
#5967 = SURFACE_STYLE_RENDERING_WITH_PROPERTIES(.NORMAL_SHADING.,#5660,(
    #5968));
#5968 = SURFACE_STYLE_TRANSPARENT(0.);
#5969 = OVER_RIDING_STYLED_ITEM('overriding color',(#5970),#4661,#5517);
#5970 = PRESENTATION_STYLE_ASSIGNMENT((#5971));
#5971 = SURFACE_STYLE_USAGE(.BOTH.,#5972);
#5972 = SURFACE_SIDE_STYLE('',(#5973,#5976));
#5973 = SURFACE_STYLE_FILL_AREA(#5974);
#5974 = FILL_AREA_STYLE('',(#5975));
#5975 = FILL_AREA_STYLE_COLOUR('',#5660);
#5976 = SURFACE_STYLE_RENDERING_WITH_PROPERTIES(.NORMAL_SHADING.,#5660,(
    #5977));
#5977 = SURFACE_STYLE_TRANSPARENT(0.);
#5978 = OVER_RIDING_STYLED_ITEM('overriding color',(#5979),#4673,#5517);
#5979 = PRESENTATION_STYLE_ASSIGNMENT((#5980));
#5980 = SURFACE_STYLE_USAGE(.BOTH.,#5981);
#5981 = SURFACE_SIDE_STYLE('',(#5982,#5985));
#5982 = SURFACE_STYLE_FILL_AREA(#5983);
#5983 = FILL_AREA_STYLE('',(#5984));
#5984 = FILL_AREA_STYLE_COLOUR('',#5660);
#5985 = SURFACE_STYLE_RENDERING_WITH_PROPERTIES(.NORMAL_SHADING.,#5660,(
    #5986));
#5986 = SURFACE_STYLE_TRANSPARENT(0.);
#5987 = OVER_RIDING_STYLED_ITEM('overriding color',(#5988),#4685,#5517);
#5988 = PRESENTATION_STYLE_ASSIGNMENT((#5989));
#5989 = SURFACE_STYLE_USAGE(.BOTH.,#5990);
#5990 = SURFACE_SIDE_STYLE('',(#5991,#5994));
#5991 = SURFACE_STYLE_FILL_AREA(#5992);
#5992 = FILL_AREA_STYLE('',(#5993));
#5993 = FILL_AREA_STYLE_COLOUR('',#5660);
#5994 = SURFACE_STYLE_RENDERING_WITH_PROPERTIES(.NORMAL_SHADING.,#5660,(
    #5995));
#5995 = SURFACE_STYLE_TRANSPARENT(0.);
#5996 = OVER_RIDING_STYLED_ITEM('overriding color',(#5997),#4697,#5517);
#5997 = PRESENTATION_STYLE_ASSIGNMENT((#5998));
#5998 = SURFACE_STYLE_USAGE(.BOTH.,#5999);
#5999 = SURFACE_SIDE_STYLE('',(#6000,#6003));
#6000 = SURFACE_STYLE_FILL_AREA(#6001);
#6001 = FILL_AREA_STYLE('',(#6002));
#6002 = FILL_AREA_STYLE_COLOUR('',#5660);
#6003 = SURFACE_STYLE_RENDERING_WITH_PROPERTIES(.NORMAL_SHADING.,#5660,(
    #6004));
#6004 = SURFACE_STYLE_TRANSPARENT(0.);
#6005 = OVER_RIDING_STYLED_ITEM('overriding color',(#6006),#4709,#5517);
#6006 = PRESENTATION_STYLE_ASSIGNMENT((#6007));
#6007 = SURFACE_STYLE_USAGE(.BOTH.,#6008);
#6008 = SURFACE_SIDE_STYLE('',(#6009,#6012));
#6009 = SURFACE_STYLE_FILL_AREA(#6010);
#6010 = FILL_AREA_STYLE('',(#6011));
#6011 = FILL_AREA_STYLE_COLOUR('',#5660);
#6012 = SURFACE_STYLE_RENDERING_WITH_PROPERTIES(.NORMAL_SHADING.,#5660,(
    #6013));
#6013 = SURFACE_STYLE_TRANSPARENT(0.);
#6014 = OVER_RIDING_STYLED_ITEM('overriding color',(#6015),#4721,#5517);
#6015 = PRESENTATION_STYLE_ASSIGNMENT((#6016));
#6016 = SURFACE_STYLE_USAGE(.BOTH.,#6017);
#6017 = SURFACE_SIDE_STYLE('',(#6018,#6021));
#6018 = SURFACE_STYLE_FILL_AREA(#6019);
#6019 = FILL_AREA_STYLE('',(#6020));
#6020 = FILL_AREA_STYLE_COLOUR('',#5660);
#6021 = SURFACE_STYLE_RENDERING_WITH_PROPERTIES(.NORMAL_SHADING.,#5660,(
    #6022));
#6022 = SURFACE_STYLE_TRANSPARENT(0.);
#6023 = OVER_RIDING_STYLED_ITEM('overriding color',(#6024),#4733,#5517);
#6024 = PRESENTATION_STYLE_ASSIGNMENT((#6025));
#6025 = SURFACE_STYLE_USAGE(.BOTH.,#6026);
#6026 = SURFACE_SIDE_STYLE('',(#6027,#6030));
#6027 = SURFACE_STYLE_FILL_AREA(#6028);
#6028 = FILL_AREA_STYLE('',(#6029));
#6029 = FILL_AREA_STYLE_COLOUR('',#5660);
#6030 = SURFACE_STYLE_RENDERING_WITH_PROPERTIES(.NORMAL_SHADING.,#5660,(
    #6031));
#6031 = SURFACE_STYLE_TRANSPARENT(0.);
#6032 = OVER_RIDING_STYLED_ITEM('overriding color',(#6033),#4745,#5517);
#6033 = PRESENTATION_STYLE_ASSIGNMENT((#6034));
#6034 = SURFACE_STYLE_USAGE(.BOTH.,#6035);
#6035 = SURFACE_SIDE_STYLE('',(#6036,#6039));
#6036 = SURFACE_STYLE_FILL_AREA(#6037);
#6037 = FILL_AREA_STYLE('',(#6038));
#6038 = FILL_AREA_STYLE_COLOUR('',#5660);
#6039 = SURFACE_STYLE_RENDERING_WITH_PROPERTIES(.NORMAL_SHADING.,#5660,(
    #6040));
#6040 = SURFACE_STYLE_TRANSPARENT(0.);
#6041 = OVER_RIDING_STYLED_ITEM('overriding color',(#6042),#4757,#5517);
#6042 = PRESENTATION_STYLE_ASSIGNMENT((#6043));
#6043 = SURFACE_STYLE_USAGE(.BOTH.,#6044);
#6044 = SURFACE_SIDE_STYLE('',(#6045,#6048));
#6045 = SURFACE_STYLE_FILL_AREA(#6046);
#6046 = FILL_AREA_STYLE('',(#6047));
#6047 = FILL_AREA_STYLE_COLOUR('',#5660);
#6048 = SURFACE_STYLE_RENDERING_WITH_PROPERTIES(.NORMAL_SHADING.,#5660,(
    #6049));
#6049 = SURFACE_STYLE_TRANSPARENT(0.);
#6050 = MECHANICAL_DESIGN_GEOMETRIC_PRESENTATION_REPRESENTATION('',(
    #6051),#4958);
#6051 = STYLED_ITEM('color',(#6052),#4788);
#6052 = PRESENTATION_STYLE_ASSIGNMENT((#6053,#6058));
#6053 = SURFACE_STYLE_USAGE(.BOTH.,#6054);
#6054 = SURFACE_SIDE_STYLE('',(#6055));
#6055 = SURFACE_STYLE_FILL_AREA(#6056);
#6056 = FILL_AREA_STYLE('',(#6057));
#6057 = FILL_AREA_STYLE_COLOUR('',#5660);
#6058 = CURVE_STYLE('',#6059,POSITIVE_LENGTH_MEASURE(0.1),#5281);
#6059 = DRAUGHTING_PRE_DEFINED_CURVE_FONT('continuous');
#6060 = MECHANICAL_DESIGN_GEOMETRIC_PRESENTATION_REPRESENTATION('',(
    #6061,#6070,#6079,#6088,#6097,#6106,#6115,#6124,#6133,#6142,#6151,
    #6160,#6169,#6178,#6187,#6196,#6205,#6214,#6223,#6232,#6241,#6250,
    #6259,#6268,#6277,#6286),#870);
#6061 = STYLED_ITEM('color',(#6062),#69);
#6062 = PRESENTATION_STYLE_ASSIGNMENT((#6063,#6068));
#6063 = SURFACE_STYLE_USAGE(.BOTH.,#6064);
#6064 = SURFACE_SIDE_STYLE('',(#6065));
#6065 = SURFACE_STYLE_FILL_AREA(#6066);
#6066 = FILL_AREA_STYLE('',(#6067));
#6067 = FILL_AREA_STYLE_COLOUR('',#5343);
#6068 = CURVE_STYLE('',#6069,POSITIVE_LENGTH_MEASURE(0.1),#5281);
#6069 = DRAUGHTING_PRE_DEFINED_CURVE_FONT('continuous');
#6070 = OVER_RIDING_STYLED_ITEM('overriding color',(#6071),#71,#6061);
#6071 = PRESENTATION_STYLE_ASSIGNMENT((#6072));
#6072 = SURFACE_STYLE_USAGE(.BOTH.,#6073);
#6073 = SURFACE_SIDE_STYLE('',(#6074,#6077));
#6074 = SURFACE_STYLE_FILL_AREA(#6075);
#6075 = FILL_AREA_STYLE('',(#6076));
#6076 = FILL_AREA_STYLE_COLOUR('',#5343);
#6077 = SURFACE_STYLE_RENDERING_WITH_PROPERTIES(.NORMAL_SHADING.,#5343,(
    #6078));
#6078 = SURFACE_STYLE_TRANSPARENT(0.);
#6079 = OVER_RIDING_STYLED_ITEM('overriding color',(#6080),#113,#6061);
#6080 = PRESENTATION_STYLE_ASSIGNMENT((#6081));
#6081 = SURFACE_STYLE_USAGE(.BOTH.,#6082);
#6082 = SURFACE_SIDE_STYLE('',(#6083,#6086));
#6083 = SURFACE_STYLE_FILL_AREA(#6084);
#6084 = FILL_AREA_STYLE('',(#6085));
#6085 = FILL_AREA_STYLE_COLOUR('',#5502);
#6086 = SURFACE_STYLE_RENDERING_WITH_PROPERTIES(.NORMAL_SHADING.,#5502,(
    #6087));
#6087 = SURFACE_STYLE_TRANSPARENT(0.);
#6088 = OVER_RIDING_STYLED_ITEM('overriding color',(#6089),#239,#6061);
#6089 = PRESENTATION_STYLE_ASSIGNMENT((#6090));
#6090 = SURFACE_STYLE_USAGE(.BOTH.,#6091);
#6091 = SURFACE_SIDE_STYLE('',(#6092,#6095));
#6092 = SURFACE_STYLE_FILL_AREA(#6093);
#6093 = FILL_AREA_STYLE('',(#6094));
#6094 = FILL_AREA_STYLE_COLOUR('',#5502);
#6095 = SURFACE_STYLE_RENDERING_WITH_PROPERTIES(.NORMAL_SHADING.,#5502,(
    #6096));
#6096 = SURFACE_STYLE_TRANSPARENT(0.);
#6097 = OVER_RIDING_STYLED_ITEM('overriding color',(#6098),#281,#6061);
#6098 = PRESENTATION_STYLE_ASSIGNMENT((#6099));
#6099 = SURFACE_STYLE_USAGE(.BOTH.,#6100);
#6100 = SURFACE_SIDE_STYLE('',(#6101,#6104));
#6101 = SURFACE_STYLE_FILL_AREA(#6102);
#6102 = FILL_AREA_STYLE('',(#6103));
#6103 = FILL_AREA_STYLE_COLOUR('',#5502);
#6104 = SURFACE_STYLE_RENDERING_WITH_PROPERTIES(.NORMAL_SHADING.,#5502,(
    #6105));
#6105 = SURFACE_STYLE_TRANSPARENT(0.);
#6106 = OVER_RIDING_STYLED_ITEM('overriding color',(#6107),#323,#6061);
#6107 = PRESENTATION_STYLE_ASSIGNMENT((#6108));
#6108 = SURFACE_STYLE_USAGE(.BOTH.,#6109);
#6109 = SURFACE_SIDE_STYLE('',(#6110,#6113));
#6110 = SURFACE_STYLE_FILL_AREA(#6111);
#6111 = FILL_AREA_STYLE('',(#6112));
#6112 = FILL_AREA_STYLE_COLOUR('',#5502);
#6113 = SURFACE_STYLE_RENDERING_WITH_PROPERTIES(.NORMAL_SHADING.,#5502,(
    #6114));
#6114 = SURFACE_STYLE_TRANSPARENT(0.);
#6115 = OVER_RIDING_STYLED_ITEM('overriding color',(#6116),#354,#6061);
#6116 = PRESENTATION_STYLE_ASSIGNMENT((#6117));
#6117 = SURFACE_STYLE_USAGE(.BOTH.,#6118);
#6118 = SURFACE_SIDE_STYLE('',(#6119,#6122));
#6119 = SURFACE_STYLE_FILL_AREA(#6120);
#6120 = FILL_AREA_STYLE('',(#6121));
#6121 = FILL_AREA_STYLE_COLOUR('',#5502);
#6122 = SURFACE_STYLE_RENDERING_WITH_PROPERTIES(.NORMAL_SHADING.,#5502,(
    #6123));
#6123 = SURFACE_STYLE_TRANSPARENT(0.);
#6124 = OVER_RIDING_STYLED_ITEM('overriding color',(#6125),#385,#6061);
#6125 = PRESENTATION_STYLE_ASSIGNMENT((#6126));
#6126 = SURFACE_STYLE_USAGE(.BOTH.,#6127);
#6127 = SURFACE_SIDE_STYLE('',(#6128,#6131));
#6128 = SURFACE_STYLE_FILL_AREA(#6129);
#6129 = FILL_AREA_STYLE('',(#6130));
#6130 = FILL_AREA_STYLE_COLOUR('',#5502);
#6131 = SURFACE_STYLE_RENDERING_WITH_PROPERTIES(.NORMAL_SHADING.,#5502,(
    #6132));
#6132 = SURFACE_STYLE_TRANSPARENT(0.);
#6133 = OVER_RIDING_STYLED_ITEM('overriding color',(#6134),#416,#6061);
#6134 = PRESENTATION_STYLE_ASSIGNMENT((#6135));
#6135 = SURFACE_STYLE_USAGE(.BOTH.,#6136);
#6136 = SURFACE_SIDE_STYLE('',(#6137,#6140));
#6137 = SURFACE_STYLE_FILL_AREA(#6138);
#6138 = FILL_AREA_STYLE('',(#6139));
#6139 = FILL_AREA_STYLE_COLOUR('',#5502);
#6140 = SURFACE_STYLE_RENDERING_WITH_PROPERTIES(.NORMAL_SHADING.,#5502,(
    #6141));
#6141 = SURFACE_STYLE_TRANSPARENT(0.);
#6142 = OVER_RIDING_STYLED_ITEM('overriding color',(#6143),#447,#6061);
#6143 = PRESENTATION_STYLE_ASSIGNMENT((#6144));
#6144 = SURFACE_STYLE_USAGE(.BOTH.,#6145);
#6145 = SURFACE_SIDE_STYLE('',(#6146,#6149));
#6146 = SURFACE_STYLE_FILL_AREA(#6147);
#6147 = FILL_AREA_STYLE('',(#6148));
#6148 = FILL_AREA_STYLE_COLOUR('',#5502);
#6149 = SURFACE_STYLE_RENDERING_WITH_PROPERTIES(.NORMAL_SHADING.,#5502,(
    #6150));
#6150 = SURFACE_STYLE_TRANSPARENT(0.);
#6151 = OVER_RIDING_STYLED_ITEM('overriding color',(#6152),#497,#6061);
#6152 = PRESENTATION_STYLE_ASSIGNMENT((#6153));
#6153 = SURFACE_STYLE_USAGE(.BOTH.,#6154);
#6154 = SURFACE_SIDE_STYLE('',(#6155,#6158));
#6155 = SURFACE_STYLE_FILL_AREA(#6156);
#6156 = FILL_AREA_STYLE('',(#6157));
#6157 = FILL_AREA_STYLE_COLOUR('',#5343);
#6158 = SURFACE_STYLE_RENDERING_WITH_PROPERTIES(.NORMAL_SHADING.,#5343,(
    #6159));
#6159 = SURFACE_STYLE_TRANSPARENT(0.);
#6160 = OVER_RIDING_STYLED_ITEM('overriding color',(#6161),#528,#6061);
#6161 = PRESENTATION_STYLE_ASSIGNMENT((#6162));
#6162 = SURFACE_STYLE_USAGE(.BOTH.,#6163);
#6163 = SURFACE_SIDE_STYLE('',(#6164,#6167));
#6164 = SURFACE_STYLE_FILL_AREA(#6165);
#6165 = FILL_AREA_STYLE('',(#6166));
#6166 = FILL_AREA_STYLE_COLOUR('',#5343);
#6167 = SURFACE_STYLE_RENDERING_WITH_PROPERTIES(.NORMAL_SHADING.,#5343,(
    #6168));
#6168 = SURFACE_STYLE_TRANSPARENT(0.);
#6169 = OVER_RIDING_STYLED_ITEM('overriding color',(#6170),#559,#6061);
#6170 = PRESENTATION_STYLE_ASSIGNMENT((#6171));
#6171 = SURFACE_STYLE_USAGE(.BOTH.,#6172);
#6172 = SURFACE_SIDE_STYLE('',(#6173,#6176));
#6173 = SURFACE_STYLE_FILL_AREA(#6174);
#6174 = FILL_AREA_STYLE('',(#6175));
#6175 = FILL_AREA_STYLE_COLOUR('',#5343);
#6176 = SURFACE_STYLE_RENDERING_WITH_PROPERTIES(.NORMAL_SHADING.,#5343,(
    #6177));
#6177 = SURFACE_STYLE_TRANSPARENT(0.);
#6178 = OVER_RIDING_STYLED_ITEM('overriding color',(#6179),#590,#6061);
#6179 = PRESENTATION_STYLE_ASSIGNMENT((#6180));
#6180 = SURFACE_STYLE_USAGE(.BOTH.,#6181);
#6181 = SURFACE_SIDE_STYLE('',(#6182,#6185));
#6182 = SURFACE_STYLE_FILL_AREA(#6183);
#6183 = FILL_AREA_STYLE('',(#6184));
#6184 = FILL_AREA_STYLE_COLOUR('',#5343);
#6185 = SURFACE_STYLE_RENDERING_WITH_PROPERTIES(.NORMAL_SHADING.,#5343,(
    #6186));
#6186 = SURFACE_STYLE_TRANSPARENT(0.);
#6187 = OVER_RIDING_STYLED_ITEM('overriding color',(#6188),#629,#6061);
#6188 = PRESENTATION_STYLE_ASSIGNMENT((#6189));
#6189 = SURFACE_STYLE_USAGE(.BOTH.,#6190);
#6190 = SURFACE_SIDE_STYLE('',(#6191,#6194));
#6191 = SURFACE_STYLE_FILL_AREA(#6192);
#6192 = FILL_AREA_STYLE('',(#6193));
#6193 = FILL_AREA_STYLE_COLOUR('',#5343);
#6194 = SURFACE_STYLE_RENDERING_WITH_PROPERTIES(.NORMAL_SHADING.,#5343,(
    #6195));
#6195 = SURFACE_STYLE_TRANSPARENT(0.);
#6196 = OVER_RIDING_STYLED_ITEM('overriding color',(#6197),#660,#6061);
#6197 = PRESENTATION_STYLE_ASSIGNMENT((#6198));
#6198 = SURFACE_STYLE_USAGE(.BOTH.,#6199);
#6199 = SURFACE_SIDE_STYLE('',(#6200,#6203));
#6200 = SURFACE_STYLE_FILL_AREA(#6201);
#6201 = FILL_AREA_STYLE('',(#6202));
#6202 = FILL_AREA_STYLE_COLOUR('',#5343);
#6203 = SURFACE_STYLE_RENDERING_WITH_PROPERTIES(.NORMAL_SHADING.,#5343,(
    #6204));
#6204 = SURFACE_STYLE_TRANSPARENT(0.);
#6205 = OVER_RIDING_STYLED_ITEM('overriding color',(#6206),#691,#6061);
#6206 = PRESENTATION_STYLE_ASSIGNMENT((#6207));
#6207 = SURFACE_STYLE_USAGE(.BOTH.,#6208);
#6208 = SURFACE_SIDE_STYLE('',(#6209,#6212));
#6209 = SURFACE_STYLE_FILL_AREA(#6210);
#6210 = FILL_AREA_STYLE('',(#6211));
#6211 = FILL_AREA_STYLE_COLOUR('',#5343);
#6212 = SURFACE_STYLE_RENDERING_WITH_PROPERTIES(.NORMAL_SHADING.,#5343,(
    #6213));
#6213 = SURFACE_STYLE_TRANSPARENT(0.);
#6214 = OVER_RIDING_STYLED_ITEM('overriding color',(#6215),#722,#6061);
#6215 = PRESENTATION_STYLE_ASSIGNMENT((#6216));
#6216 = SURFACE_STYLE_USAGE(.BOTH.,#6217);
#6217 = SURFACE_SIDE_STYLE('',(#6218,#6221));
#6218 = SURFACE_STYLE_FILL_AREA(#6219);
#6219 = FILL_AREA_STYLE('',(#6220));
#6220 = FILL_AREA_STYLE_COLOUR('',#5343);
#6221 = SURFACE_STYLE_RENDERING_WITH_PROPERTIES(.NORMAL_SHADING.,#5343,(
    #6222));
#6222 = SURFACE_STYLE_TRANSPARENT(0.);
#6223 = OVER_RIDING_STYLED_ITEM('overriding color',(#6224),#753,#6061);
#6224 = PRESENTATION_STYLE_ASSIGNMENT((#6225));
#6225 = SURFACE_STYLE_USAGE(.BOTH.,#6226);
#6226 = SURFACE_SIDE_STYLE('',(#6227,#6230));
#6227 = SURFACE_STYLE_FILL_AREA(#6228);
#6228 = FILL_AREA_STYLE('',(#6229));
#6229 = FILL_AREA_STYLE_COLOUR('',#5343);
#6230 = SURFACE_STYLE_RENDERING_WITH_PROPERTIES(.NORMAL_SHADING.,#5343,(
    #6231));
#6231 = SURFACE_STYLE_TRANSPARENT(0.);
#6232 = OVER_RIDING_STYLED_ITEM('overriding color',(#6233),#765,#6061);
#6233 = PRESENTATION_STYLE_ASSIGNMENT((#6234));
#6234 = SURFACE_STYLE_USAGE(.BOTH.,#6235);
#6235 = SURFACE_SIDE_STYLE('',(#6236,#6239));
#6236 = SURFACE_STYLE_FILL_AREA(#6237);
#6237 = FILL_AREA_STYLE('',(#6238));
#6238 = FILL_AREA_STYLE_COLOUR('',#5343);
#6239 = SURFACE_STYLE_RENDERING_WITH_PROPERTIES(.NORMAL_SHADING.,#5343,(
    #6240));
#6240 = SURFACE_STYLE_TRANSPARENT(0.);
#6241 = OVER_RIDING_STYLED_ITEM('overriding color',(#6242),#782,#6061);
#6242 = PRESENTATION_STYLE_ASSIGNMENT((#6243));
#6243 = SURFACE_STYLE_USAGE(.BOTH.,#6244);
#6244 = SURFACE_SIDE_STYLE('',(#6245,#6248));
#6245 = SURFACE_STYLE_FILL_AREA(#6246);
#6246 = FILL_AREA_STYLE('',(#6247));
#6247 = FILL_AREA_STYLE_COLOUR('',#5343);
#6248 = SURFACE_STYLE_RENDERING_WITH_PROPERTIES(.NORMAL_SHADING.,#5343,(
    #6249));
#6249 = SURFACE_STYLE_TRANSPARENT(0.);
#6250 = OVER_RIDING_STYLED_ITEM('overriding color',(#6251),#794,#6061);
#6251 = PRESENTATION_STYLE_ASSIGNMENT((#6252));
#6252 = SURFACE_STYLE_USAGE(.BOTH.,#6253);
#6253 = SURFACE_SIDE_STYLE('',(#6254,#6257));
#6254 = SURFACE_STYLE_FILL_AREA(#6255);
#6255 = FILL_AREA_STYLE('',(#6256));
#6256 = FILL_AREA_STYLE_COLOUR('',#5343);
#6257 = SURFACE_STYLE_RENDERING_WITH_PROPERTIES(.NORMAL_SHADING.,#5343,(
    #6258));
#6258 = SURFACE_STYLE_TRANSPARENT(0.);
#6259 = OVER_RIDING_STYLED_ITEM('overriding color',(#6260),#806,#6061);
#6260 = PRESENTATION_STYLE_ASSIGNMENT((#6261));
#6261 = SURFACE_STYLE_USAGE(.BOTH.,#6262);
#6262 = SURFACE_SIDE_STYLE('',(#6263,#6266));
#6263 = SURFACE_STYLE_FILL_AREA(#6264);
#6264 = FILL_AREA_STYLE('',(#6265));
#6265 = FILL_AREA_STYLE_COLOUR('',#5343);
#6266 = SURFACE_STYLE_RENDERING_WITH_PROPERTIES(.NORMAL_SHADING.,#5343,(
    #6267));
#6267 = SURFACE_STYLE_TRANSPARENT(0.);
#6268 = OVER_RIDING_STYLED_ITEM('overriding color',(#6269),#822,#6061);
#6269 = PRESENTATION_STYLE_ASSIGNMENT((#6270));
#6270 = SURFACE_STYLE_USAGE(.BOTH.,#6271);
#6271 = SURFACE_SIDE_STYLE('',(#6272,#6275));
#6272 = SURFACE_STYLE_FILL_AREA(#6273);
#6273 = FILL_AREA_STYLE('',(#6274));
#6274 = FILL_AREA_STYLE_COLOUR('',#5343);
#6275 = SURFACE_STYLE_RENDERING_WITH_PROPERTIES(.NORMAL_SHADING.,#5343,(
    #6276));
#6276 = SURFACE_STYLE_TRANSPARENT(0.);
#6277 = OVER_RIDING_STYLED_ITEM('overriding color',(#6278),#838,#6061);
#6278 = PRESENTATION_STYLE_ASSIGNMENT((#6279));
#6279 = SURFACE_STYLE_USAGE(.BOTH.,#6280);
#6280 = SURFACE_SIDE_STYLE('',(#6281,#6284));
#6281 = SURFACE_STYLE_FILL_AREA(#6282);
#6282 = FILL_AREA_STYLE('',(#6283));
#6283 = FILL_AREA_STYLE_COLOUR('',#5343);
#6284 = SURFACE_STYLE_RENDERING_WITH_PROPERTIES(.NORMAL_SHADING.,#5343,(
    #6285));
#6285 = SURFACE_STYLE_TRANSPARENT(0.);
#6286 = OVER_RIDING_STYLED_ITEM('overriding color',(#6287),#854,#6061);
#6287 = PRESENTATION_STYLE_ASSIGNMENT((#6288));
#6288 = SURFACE_STYLE_USAGE(.BOTH.,#6289);
#6289 = SURFACE_SIDE_STYLE('',(#6290,#6293));
#6290 = SURFACE_STYLE_FILL_AREA(#6291);
#6291 = FILL_AREA_STYLE('',(#6292));
#6292 = FILL_AREA_STYLE_COLOUR('',#5343);
#6293 = SURFACE_STYLE_RENDERING_WITH_PROPERTIES(.NORMAL_SHADING.,#5343,(
    #6294));
#6294 = SURFACE_STYLE_TRANSPARENT(0.);
#6295 = MECHANICAL_DESIGN_GEOMETRIC_PRESENTATION_REPRESENTATION('',(
    #6296),#2860);
#6296 = STYLED_ITEM('color',(#6297),#2710);
#6297 = PRESENTATION_STYLE_ASSIGNMENT((#6298,#6303));
#6298 = SURFACE_STYLE_USAGE(.BOTH.,#6299);
#6299 = SURFACE_SIDE_STYLE('',(#6300));
#6300 = SURFACE_STYLE_FILL_AREA(#6301);
#6301 = FILL_AREA_STYLE('',(#6302));
#6302 = FILL_AREA_STYLE_COLOUR('',#5491);
#6303 = CURVE_STYLE('',#6304,POSITIVE_LENGTH_MEASURE(0.1),#5281);
#6304 = DRAUGHTING_PRE_DEFINED_CURVE_FONT('continuous');
ENDSEC;
END-ISO-10303-21;
